00014000,sat_add_u16,link:FP,#0x0:8;mov:f.w:@(0x6:8,FP),R0;add:g.w:@(0x8:8,FP),R0;bhs:#0x0001400c:8;mov:i:#0xffff:16,R0;unlk:FP;prts:;
0001401f,sat_add_s16,link:FP,#0x0:8;mov:f.w:@(0x6:8,FP),R0;mov:f.w:@(0x8:8,FP),R1;add:g.w:@(0xc:8,FP),R1;addx.w:@(0xa:8,FP),R0;bhs:#0x00014033:8;mov:i:#0xffff:16,R0;mov:i:#0xffff:16,R1;unlk:FP;prts:;
00014036,sat_sub_u16,link:FP,#0x0:8;mov:f.w:@(0x6:8,FP),R0;sub.w:@(0x8:8,FP),R0;bhs:#0x00014042:8;mov:i:#0x0:16,R0;unlk:FP;prts:;
00014045,sat_sub_u16_clamp0,link:FP,#0x0:8;mov:f.w:@(0x6:8,FP),R0;mov:f.w:@(0x8:8,FP),R1;sub.w:@(0xc:8,FP),R1;subx.w:@(0xa:8,FP),R0;bhs:#0x00014059:8;mov:i:#0x0:16,R0;mov:i:#0x0:16,R1;unlk:FP;prts:;
0001405c,sat_mul_u16,link:FP,#0x0:8;mov:f.w:@(0x6:8,FP),R0;mulxu.w:@(0x8:8,FP) ,R0;tst.w:R0;beq:#0x0001406a:8;mov:i:#0xffff:16,R1;mov:g.w:R1,R0;unlk:FP;prts:;
0001406f,mul_u16_hi,link:FP,#0x0:8;mov:f.w:@(0x6:8,FP),R0;mulxu.w:@(0x8:8,FP) ,R0;unlk:FP;prts:;
00014079,mul_u16_x2_or_sum_check_overflow,link:FP,#0x0:8;stm:(R2 R3 R4 R5 ),@-SP;mov:f.w:@(0x6:8,FP),R0;mov:f.w:@(0x8:8,FP),R1;mov:f.w:@(0xa:8,FP),R2;mov:f.w:@(0xc:8,FP),R3;tst.w:@(0x6:8,FP);beq:#0x00014091:8;tst.w:@(0xa:8,FP);beq:#0x000140a1:8;bra:#0x000140b5:8;mov:g.w:R3,R4;mulxu.w:R1 ,R4;mulxu.w:R1 ,R2;add:g.w:R3,R4;blo:#0x000140b5:8;tst.w:R2;bne:#0x000140b5:8;bra:#0x000140af:8;mov:g.w:R1,R4;mulxu.w:R3 ,R0;mulxu.w:R3 ,R4;add:g.w:R1,R4;blo:#0x000140b5:8;tst.w:R0;bne:#0x000140b5:8;mov:g.w:R4,R0;mov:g.w:R5,R1;bra:#0x000140bb:8;mov:i:#0xffff:16,R0;mov:i:#0xffff:16,R1;ldm.w:@SP+,(R5 R4 R3 R2 );unlk:FP;prts:;
000140c0,div_u16_sat,link:FP,#0x0:8;mov:g.w:R2,@-SP;clr.w:R0;mov:f.w:@(0x6:8,FP),R1;mov:f.w:@(0x8:8,FP),R2;tst.w:R2;beq:#0x000140d4:8;divxu.w:R2 ,R0;mov:g.w:R1,R0;bra:#0x000140d7:8;mov:i:#0xffff:16,R0;mov:g.w:@SP+,R2;unlk:FP;prts:;
000140dc,div_u32_u16_sat,link:FP,#0x0:8;mov:g.w:R2,@-SP;mov:f.w:@(0x6:8,FP),R0;mov:f.w:@(0x8:8,FP),R1;mov:f.w:@(0xa:8,FP),R2;tst.w:R2;beq:#0x000140f4:8;cmp:g.w:R2,R0;bhs:#0x000140f4:8;divxu.w:R2 ,R0;mov:g.w:R1,R0;bra:#0x000140f7:8;mov:i:#0xffff:16,R0;mov:g.w:@SP+,R2;unlk:FP;prts:;
000140fc,div_u16_sat2,link:FP,#0x0:8;mov:g.w:R4,@-SP;mov:g.w:R3,@-SP;mov:g.w:R2,@-SP;clr.w:R0;mov:f.w:@(0x6:8,FP),R1;mov:f.w:@(0x8:8,FP),R3;mov:f.w:@(0xa:8,FP),R4;tst.w:R4;beq:#0x0001411c:8;divxu.w:R4 ,R0;mov:g.w:R0,R2;divxu.w:R4 ,R2;mov:g.w:R1,R0;mov:g.w:R3,R1;bra:#0x00014122:8;mov:i:#0xffff:16,R0;mov:i:#0xffff:16,R1;mov:g.w:@SP+,R2;mov:g.w:@SP+,R3;mov:g.w:@SP+,R4;unlk:FP;prts:;
0001412b,div_u16_rounded,link:FP,#0x0:8;mov:g.w:R2,@-SP;clr.w:R0;mov:f.w:@(0x6:8,FP),R1;mov:f.w:@(0x8:8,FP),R2;tst.w:R2;beq:#0x00014149:8;divxu.w:R2 ,R0;shll.w:R0;blo:#0x00014143:8;cmp:g.w:R2,R0;blo:#0x00014145:8;add:q.w:#1,R1;mov:g.w:R1,R0;bra:#0x0001414c:8;mov:i:#0xffff:16,R0;mov:g.w:@SP+,R2;unlk:FP;prts:;
00014151,div_s32_s16_rounded,link:FP,#0x0:8;mov:g.w:R2,@-SP;mov:f.w:@(0x6:8,FP),R0;mov:f.w:@(0x8:8,FP),R1;mov:f.w:@(0xa:8,FP),R2;tst.w:R2;beq:#0x00014175:8;cmp:g.w:R2,R0;bhs:#0x00014175:8;divxu.w:R2 ,R0;shll.w:R0;blo:#0x0001416d:8;cmp:g.w:R2,R0;blo:#0x00014171:8;add:q.w:#1,R1;blo:#0x00014175:8;mov:g.w:R1,R0;bra:#0x00014178:8;mov:i:#0xffff:16,R0;mov:g.w:@SP+,R2;unlk:FP;prts:;
0001417d,div_u32_u16_rounded,link:FP,#0x0:8;mov:g.w:R4,@-SP;mov:g.w:R3,@-SP;mov:g.w:R2,@-SP;clr.w:R0;mov:f.w:@(0x6:8,FP),R1;mov:f.w:@(0x8:8,FP),R3;mov:f.w:@(0xa:8,FP),R4;tst.w:R4;beq:#0x000141ab:8;divxu.w:R4 ,R0;mov:g.w:R0,R2;divxu.w:R4 ,R2;mov:g.w:R1,R0;mov:g.w:R3,R1;shll.w:R2;blo:#0x000141a3:8;cmp:g.w:R4,R2;blo:#0x000141b1:8;add:q.w:#1,R1;addx.w:0x0,R0;bra:#0x000141b1:8;mov:i:#0xffff:16,R0;mov:i:#0xffff:16,R1;mov:g.w:@SP+,R2;mov:g.w:@SP+,R3;mov:g.w:@SP+,R4;unlk:FP;prts:;
000141ba,muldiv_u16,link:FP,#0x0:8;mov:g.w:R2,@-SP;mov:f.w:@(0x6:8,FP),R0;mov:f.w:@(0x8:8,FP),R1;mulxu.w:R1 ,R0;mov:f.w:@(0xa:8,FP),R2;tst.w:R2;beq:#0x000141d4:8;cmp:g.w:R2,R0;bhs:#0x000141d4:8;divxu.w:R2 ,R0;mov:g.w:R1,R0;bra:#0x000141d7:8;mov:i:#0xffff:16,R0;mov:g.w:@SP+,R2;unlk:FP;prts:;
000141dc,muldiv_u16_scaled,link:FP,#0x0:8;mov:g.w:R3,@-SP;mov:g.w:R2,@-SP;mov:f.w:@(0x6:8,FP),R0;mov:f.w:@(0x8:8,FP),R2;mulxu.w:@(0xa:8,FP) ,R0;mulxu.w:@(0xa:8,FP) ,R2;add:g.w:R1,R2;addx.w:0x0,R0;tst.w:@(0xc:8,FP);beq:#0x0001420c:8;cmp:g.w:@(0xc:8,FP),R0;bhs:#0x0001420c:8;mov:g.w:R2,R1;divxu.w:@(0xc:8,FP) ,R0;mov:g.w:R0,R2;divxu.w:@(0xc:8,FP) ,R2;mov:g.w:R1,R0;mov:g.w:R3,R1;bra:#0x00014212:8;mov:i:#0xffff:16,R0;mov:i:#0xffff:16,R1;mov:g.w:@SP+,R2;mov:g.w:@SP+,R3;unlk:FP;prts:;
00014219,muldiv_s16_rounded,link:FP,#0x0:8;mov:g.w:R2,@-SP;mov:f.w:@(0x6:8,FP),R0;mov:f.w:@(0x8:8,FP),R1;mulxu.w:R1 ,R0;mov:f.w:@(0xa:8,FP),R2;tst.w:R2;beq:#0x0001423f:8;cmp:g.w:R2,R0;bhs:#0x0001423f:8;divxu.w:R2 ,R0;shll.w:R0;blo:#0x00014237:8;cmp:g.w:R2,R0;blo:#0x0001423b:8;add:q.w:#1,R1;blo:#0x0001423f:8;mov:g.w:R1,R0;bra:#0x00014242:8;mov:i:#0xffff:16,R0;mov:g.w:@SP+,R2;unlk:FP;prts:;
00014247,muldiv_s16_rounded_3op,link:FP,#0x0:8;mov:g.w:R3,@-SP;mov:g.w:R2,@-SP;mov:f.w:@(0x6:8,FP),R0;mov:f.w:@(0x8:8,FP),R2;mulxu.w:@(0xa:8,FP) ,R0;mulxu.w:@(0xa:8,FP) ,R2;add:g.w:R1,R2;addx.w:0x0,R0;tst.w:@(0xc:8,FP);beq:#0x00014286:8;cmp:g.w:@(0xc:8,FP),R0;bhs:#0x00014286:8;mov:g.w:R2,R1;divxu.w:@(0xc:8,FP) ,R0;mov:g.w:R0,R2;divxu.w:@(0xc:8,FP) ,R2;mov:g.w:R1,R0;mov:g.w:R3,R1;shll.w:R2;blo:#0x0001427e:8;cmp:g.w:@(0xc:8,FP),R2;blo:#0x0001428c:8;add:q.w:#1,R1;addx.w:0x0,R0;bhs:#0x0001428c:8;mov:i:#0xffff:16,R0;mov:i:#0xffff:16,R1;mov:g.w:@SP+,R2;mov:g.w:@SP+,R3;unlk:FP;prts:;
00014293,mul_u16_x2_sat_alt,link:FP,#0x0:8;mov:f.w:@(0x6:8,FP),R0;mulxu.w:@(0x8:8,FP) ,R0;shll.w:R1;rotxl.w:R0;blo:#0x000142ae:8;mov:g.b:R0,R1;swap.b:R1;swap.b:R0;tst.b:R0;bne:#0x000142ae:8;mov:g.w:R1,R0;bra:#0x000142b1:8;mov:i:#0xffff:16,R0;unlk:FP;prts:;
000142b4,mul_u16_sat_s16,link:FP,#0x0:8;mov:g.w:R3,@-SP;mov:g.w:R2,@-SP;mov:f.w:@(0x6:8,FP),R0;mov:f.w:@(0x8:8,FP),R2;mulxu.w:@(0xa:8,FP) ,R0;mulxu.w:@(0xa:8,FP) ,R2;add:g.w:R1,R2;addx.w:0x0,R0;shll.w:R3;rotxl.w:R2;rotxl.w:R0;blo:#0x000142e6:8;mov:g.b:R2,R3;swap.b:R3;mov:g.b:R0,R2;swap.b:R2;swap.b:R0;tst.b:R0;bne:#0x000142e6:8;mov:g.w:R2,R0;mov:g.w:R3,R1;bra:#0x000142ec:8;mov:i:#0xffff:16,R0;mov:i:#0xffff:16,R1;mov:g.w:@SP+,R2;mov:g.w:@SP+,R3;unlk:FP;prts:;
000142f3,mul_u16_x2_sat,link:FP,#0x0:8;mov:g.w:R2,@-SP;mov:f.w:@(0x6:8,FP),R0;mulxu.w:@(0x8:8,FP) ,R0;cmp:i:#0x80:16,R0;bhs:#0x00014317:8;shll.w:R1;rotxl.w:R0;mov:g.b:R1,R2;mov:g.b:R0,R1;swap.b:R1;btst.b:0x7,R2;beq:#0x00014313:8;add:q.w:#1,R1;blo:#0x00014317:8;mov:g.w:R1,R0;bra:#0x0001431a:8;mov:i:#0xffff:16,R0;mov:g.w:@SP+,R2;unlk:FP;prts:;
0001431f,mul_u16_dbl_sat,link:FP,#0x0:8;mov:g.w:R3,@-SP;mov:g.w:R2,@-SP;mov:f.w:@(0x6:8,FP),R0;mov:f.w:@(0x8:8,FP),R2;mulxu.w:@(0xa:8,FP) ,R0;mulxu.w:@(0xa:8,FP) ,R2;add:g.w:R1,R2;addx.w:0x0,R0;shll.w:R3;rotxl.w:R2;rotxl.w:R0;blo:#0x0001435f:8;mov:g.b:R3,R1;mov:g.b:R2,R3;swap.b:R3;mov:g.b:R0,R2;swap.b:R2;swap.b:R0;tst.b:R0;bne:#0x0001435f:8;btst.b:0x7,R1;beq:#0x00014359:8;add:q.w:#1,R3;addx.w:0x0,R2;blo:#0x0001435f:8;mov:g.w:R2,R0;mov:g.w:R3,R1;bra:#0x00014365:8;mov:i:#0xffff:16,R0;mov:i:#0xffff:16,R1;mov:g.w:@SP+,R2;mov:g.w:@SP+,R3;unlk:FP;prts:;
0001436c,mul_u16_shr8_sat,link:FP,#0x0:8;mov:f.w:@(0x6:8,FP),R0;mulxu.w:@(0x8:8,FP) ,R0;mov:g.b:R0,R1;swap.b:R1;swap.b:R0;tst.b:R0;bne:#0x00014381:8;mov:g.w:R1,R0;bra:#0x00014384:8;mov:i:#0xffff:16,R0;unlk:FP;prts:;
00014387,muldiv_u16_shr8_sat,link:FP,#0x0:8;mov:g.w:R3,@-SP;mov:g.w:R2,@-SP;mov:f.w:@(0x6:8,FP),R0;mov:f.w:@(0x8:8,FP),R2;mulxu.w:@(0xa:8,FP) ,R0;mulxu.w:@(0xa:8,FP) ,R2;add:g.w:R1,R2;addx.w:0x0,R0;mov:g.b:R2,R3;swap.b:R3;mov:g.b:R0,R2;swap.b:R2;swap.b:R0;tst.b:R0;bne:#0x000143b2:8;mov:g.w:R2,R0;mov:g.w:R3,R1;bra:#0x000142ec:16;mov:i:#0xffff:16,R0;mov:i:#0xffff:16,R1;mov:g.w:@SP+,R2;mov:g.w:@SP+,R3;unlk:FP;prts:;
000143bf,mul_fixedpoint_8,link:FP,#0x0:8;mov:g.w:R2,@-SP;mov:f.w:@(0x6:8,FP),R0;mulxu.w:@(0x8:8,FP) ,R0;mov:g.b:R1,R2;mov:g.b:R0,R1;swap.b:R1;swap.b:R0;tst.b:R0;bne:#0x000143e0:8;btst.b:0x7,R2;beq:#0x000143dc:8;add:q.w:#1,R1;blo:#0x000143e0:8;mov:g.w:R1,R0;bra:#0x000143e3:8;mov:i:#0xffff:16,R0;mov:g.w:@SP+,R2;unlk:FP;prts:;
000143e8,mul_u16_shr8_sat2,link:FP,#0x0:8;mov:g.w:R3,@-SP;mov:g.w:R2,@-SP;mov:f.w:@(0x6:8,FP),R0;mov:f.w:@(0x8:8,FP),R2;mulxu.w:@(0xa:8,FP) ,R0;mulxu.w:@(0xa:8,FP) ,R2;add:g.w:R1,R2;addx.w:0x0,R0;mov:g.b:R3,R1;mov:g.b:R2,R3;swap.b:R3;mov:g.b:R0,R2;swap.b:R2;swap.b:R0;tst.b:R0;bne:#0x00014420:8;btst.b:0x7,R1;beq:#0x0001441a:8;add:q.w:#1,R3;addx.w:0x0,R2;blo:#0x00014420:8;mov:g.w:R2,R0;mov:g.w:R3,R1;bra:#0x00014426:8;mov:i:#0xffff:16,R0;mov:i:#0xffff:16,R1;mov:g.w:@SP+,R2;mov:g.w:@SP+,R3;unlk:FP;prts:;
0001442d,clamp_u8,link:FP,#0x0:8;mov:f.w:@(0x6:8,FP),R0;cmp:i:#0xff:16,R0;blo:#0x00014439:8;mov:i:#0xff:16,R0;unlk:FP;prts:;
0001443c,passthrough_or_sat,link:FP,#0x0:8;mov:f.w:@(0x6:8,FP),R1;mov:f.w:@(0x8:8,FP),R0;tst.w:R1;beq:#0x00014449:8;mov:i:#0xffff:16,R0;unlk:FP;prts:;
0001444c,clamp_u16,link:FP,#0x0:8;mov:g.w:R2,@-SP;mov:f.w:@(0x6:8,FP),R0;mov:f.w:@(0x8:8,FP),R1;mov:f.w:@(0xa:8,FP),R2;cmp:g.w:R1,R2;bhi:#0x0001445c:8;xch.w:R1,R2;cmp:g.w:R2,R0;bhi:#0x00014466:8;cmp:g.w:R1,R0;blo:#0x0001446a:8;bra:#0x0001446c:8;mov:g.w:R2,R0;bra:#0x0001446c:8;mov:g.w:R1,R0;mov:g.w:@SP+,R2;unlk:FP;prts:;
00014471,select_min_xy_triple,link:FP,#0x0:8;stm:(R2 R3 R4 R5 ),@-SP;mov:f.w:@(0xa:8,FP),R2;mov:f.w:@(0xc:8,FP),R3;mov:f.w:@(0xe:8,FP),R4;mov:f.w:@(0x10:8,FP),R5;cmp:g.w:R2,R4;bhi:#0x0001448b:8;blo:#0x00014487:8;cmp:g.w:R3,R5;bhi:#0x0001448b:8;xch.w:R2,R4;xch.w:R3,R5;mov:f.w:@(0x6:8,FP),R0;mov:f.w:@(0x8:8,FP),R1;cmp:g.w:R4,R0;bhi:#0x000144a5:8;blo:#0x00014499:8;cmp:g.w:R5,R1;bhi:#0x000144a5:8;cmp:g.w:R2,R0;blo:#0x000144ab:8;bhi:#0x000144af:8;cmp:g.w:R3,R1;blo:#0x000144ab:8;bra:#0x000144af:8;mov:g.w:R4,R0;mov:g.w:R5,R1;bra:#0x000144af:8;mov:g.w:R2,R0;mov:g.w:R3,R1;ldm.w:@SP+,(R5 R4 R3 R2 );unlk:FP;prts:;
000144b4,get_high_byte,link:FP,#0x0:8;mov:f.w:@(0x6:8,FP),R0;swap.b:R0;extu.b:R0;unlk:FP;prts:;
000144bf,identity_passthrough_u16,link:FP,#0x0:8;mov:f.w:@(0x6:8,FP),R0;unlk:FP;prts:;
000144c6,shift_left_byte_to_high,link:FP,#0x0:8;mov:f.w:@(0x6:8,FP),R0;swap.b:R0;clr.b:R0;unlk:FP;prts:;
000144d1,identity_passthrough_arg1,link:FP,#0x0:8;mov:f.w:@(0x6:8,FP),R0;clr.w:R1;unlk:FP;prts:;
000144da,round_high_byte_signed,link:FP,#0x0:8;mov:f.w:@(0x6:8,FP),R0;swap.b:R0;btst.w:0xf,R0;beq:#0x000144ea:8;add:q.b:#1,R0;bhs:#0x000144ea:8;mov:e:#0xff:8,R0;extu.b:R0;unlk:FP;prts:;
000144ef,inc_if_signed_flag,link:FP,#0x0:8;mov:f.w:@(0x6:8,FP),R0;btst.w:0xf,@(0x8:8,FP);beq:#0x000144ff:8;add:q.w:#1,R0;bhs:#0x000144ff:8;mov:i:#0xffff:16,R0;unlk:FP;prts:;
00014502,swap_bytes_u16,link:FP,#0x0:8;mov:f.w:@(0x6:8,FP),R0;swap.b:R0;unlk:FP;prts:;
0001450b,swap_invert_high_byte,link:FP,#0x0:8;mov:f.w:@(0x6:8,FP),R1;mov:g.b:R1,R0;not.b:R0;swap.b:R0;mov:g.b:R1,R0;unlk:FP;prts:;
0001451a,zero_ram_range,link:FP,#0x0:8;mov:f.w:@(0x6:8,FP),R0;mov:f.w:@(0x8:8,FP),R1;cmp:g.w:R1,R0;bhs:#0x0001452a:8;clr.w:@R0;add:q.w:#2,R0;bra:#0x00014520:8;unlk:FP;prts:;
0001452d,decrement_counters_in_range,link:FP,#0x0:8;mov:f.w:@(0x6:8,FP),R0;mov:f.w:@(0x8:8,FP),R1;cmp:g.w:R1,R0;bhs:#0x00014549:8;stc.w:SR,@-SP;orc.w:0x700,SR;tst.w:@R0;beq:#0x00014543:8;add:q.w:#-1,@R0;ldc.w:@SP+ ,SR;add:q.w:#2,R0;bra:#0x00014533:8;unlk:FP;prts:;
0001454c,increment_counters_in_range,link:FP,#0x0:8;mov:f.w:@(0x6:8,FP),R0;mov:f.w:@(0x8:8,FP),R1;cmp:g.w:R1,R0;bhs:#0x0001456a:8;stc.w:SR,@-SP;orc.w:0x700,SR;cmp:g.w:#0xffff:16,@R0;beq:#0x00014564:8;add:q.w:#1,@R0;ldc.w:@SP+ ,SR;add:q.w:#2,R0;bra:#0x00014552:8;unlk:FP;prts:;
0001456d,axis_interp_lerp_u8frac_256,link:FP,#0x0:8;mov:g.w:R3,@-SP;mov:g.w:R2,@-SP;mov:f.w:@(0xa:8,FP),R0;cmp:i:#0x100:16,R0;bls:#0x0001457d:8;mov:i:#0x100:16,R0;mov:i:#0x100:16,R2;sub.w:R0,R2;mulxu.w:@(0x6:8,FP) ,R0;mulxu.w:@(0x8:8,FP) ,R2;add:g.w:R3,R1;addx.w:R2,R0;mov:g.b:R0,R1;swap.b:R1;mov:g.w:R1,R0;mov:g.w:@SP+,R2;mov:g.w:@SP+,R3;unlk:FP;prts:;
00014599,weighted_blend_u8frac,link:FP,#0x0:8;mov:g.w:R3,@-SP;mov:g.w:R2,@-SP;mov:f.w:@(0xa:8,FP),R0;cmp:i:#0xff:16,R0;bls:#0x000145a9:8;mov:i:#0xff:16,R0;mov:i:#0xff:16,R2;sub.w:R0,R2;mulxu.w:@(0x6:8,FP) ,R0;mulxu.w:@(0x8:8,FP) ,R2;add:g.w:R3,R1;addx.w:R2,R0;divxu.w:0xff,R0;mov:g.w:R1,R0;mov:g.w:@SP+,R2;mov:g.w:@SP+,R3;unlk:FP;prts:;
000145c5,weighted_blend_4term_u8frac,link:FP,#0x0:8;stm:(R2 R3 R4 R5 ),@-SP;mov:f.w:@(0xe:8,FP),R0;cmp:i:#0x100:16,R0;bls:#0x000145d3:8;mov:i:#0x100:16,R0;mov:i:#0x100:16,R4;sub.w:R0,R4;mov:g.w:R0,R2;mulxu.w:@(0x6:8,FP) ,R0;mulxu.w:@(0x8:8,FP) ,R2;add:g.w:R2,R1;addx.w:0x0,R0;mov:g.w:R4,R2;mulxu.w:@(0xc:8,FP) ,R4;add:g.w:R5,R3;addx.w:R4,R1;addx.w:0x0,R0;mov:g.w:R2,R4;mulxu.w:@(0xa:8,FP) ,R4;add:g.w:R5,R1;addx.w:R4,R0;mov:g.b:R1,R3;swap.b:R3;mov:g.b:R0,R1;swap.b:R1;mov:g.w:R1,R0;mov:g.w:R3,R1;ldm.w:@SP+,(R5 R4 R3 R2 );unlk:FP;prts:;
0001460d,weighted_blend_2term_u8frac_div255,link:FP,#0x0:8;stm:(R2 R3 R4 R5 ),@-SP;mov:f.w:@(0xe:8,FP),R0;cmp:i:#0xff:16,R0;bls:#0x0001461b:8;mov:i:#0xff:16,R0;mov:i:#0xff:16,R4;sub.w:R0,R4;mov:g.w:R0,R2;mulxu.w:@(0x6:8,FP) ,R0;mulxu.w:@(0x8:8,FP) ,R2;add:g.w:R2,R1;addx.w:0x0,R0;mov:g.w:R4,R2;mulxu.w:@(0xc:8,FP) ,R4;add:g.w:R5,R3;addx.w:R4,R1;addx.w:0x0,R0;mov:g.w:R2,R4;mulxu.w:@(0xa:8,FP) ,R4;add:g.w:R5,R1;addx.w:R4,R0;divxu.w:0xff,R0;xch.w:R1,R3;divxu.w:0xff,R0;mov:g.w:R3,R0;ldm.w:@SP+,(R5 R4 R3 R2 );unlk:FP;prts:;
00014656,table_lookup_interp,link:FP,#-0x8:8;stm:(R2 R3 R4 R5 ),@-SP;ldc.b:@(0x7:8,FP) ,EP;mov:f.w:@(0x8:8,FP),R4;mov:g.b:@(0x1:8,R4),R3;mov:g.w:@(0x2:8,R4),R0;mov:g.w:@R0,R1;mov:g.w:R1,R0;extu.b:R0;mov:f.w:R0,@(-0x4:8,FP);clr.b:R1;swap.b:R1;mov:f.w:R1,@(-0x2:8,FP);cmp:g.b:#0x3:8,@R4;beq:#0x0001469d:8;mov:f.w:@(0x6:8,FP),R1;adds.w:R0,R4;mov:g.w:R1,R2;mov:g.w:R4,R0;mov:f.w:@(-0x2:8,FP),R5;mov:g.w:R5,@-SP;ldc.b:R1 ,EP;mov:g.b:@(0x5:8,R4),R1;add:g.b:R3,R1;extu.b:R1;mov:g.w:R1,@-SP;ldc.b:R2 ,EP;mov:g.w:R0,R4;add:g.b:@(0x4:8,R4),R3;extu.b:R3;mov:g.w:R3,@-SP;bra:#0x00014729:16;ldc.b:@(0x7:8,FP) ,EP;mov:f.w:@(0x8:8,FP),R4;mov:g.w:@(0x4:8,R4),R0;mov:g.w:@R0,R2;extu.b:R2;mov:g.b:@(0x6:8,R4),R1;extu.b:R1;mov:g.w:R1,R0;mulxu.w:R2 ,R0;mov:f.w:@(0x6:8,FP),R0;adds.w:R1,R4;mov:f.w:@(-0x4:8,FP),R1;adds.w:R1,R4;mov:g.w:R0,R2;mov:g.w:R4,R1;adds.b:0x7,R1;mov:f.w:@(-0x2:8,FP),R5;mov:g.w:R5,@-SP;ldc.b:R0 ,EP;mov:g.b:@(0x8:8,R4),R0;add:g.b:R3,R0;extu.b:R0;mov:g.w:R0,@-SP;ldc.b:R2 ,EP;mov:g.w:R1,R4;mov:g.b:@R4,R0;add:g.b:R3,R0;extu.b:R0;mov:g.w:R0,@-SP;mov:f.w:R2,@(-0x8:8,FP);mov:f.w:R1,@(-0x6:8,FP);pjsr:@0x147c6:24;ldc.b:@(0x7:8,FP) ,EP;mov:f.w:@(0x8:8,FP),R4;mov:g.b:@(0x6:8,R4),R1;extu.b:R1;mov:f.w:@(-0x6:8,FP),R4;adds.w:R1,R4;mov:f.w:R4,@(-0x6:8,FP);mov:f.w:@(-0x2:8,FP),R1;mov:g.w:R1,@-SP;ldc.b:@(-0x7:8,FP) ,EP;mov:g.b:@(0x1:8,R4),R1;add:g.b:R3,R1;extu.b:R1;mov:g.w:R1,@-SP;add:g.b:@R4,R3;extu.b:R3;mov:g.w:R3,@-SP;mov:f.w:R0,@(-0x6:8,FP);pjsr:@0x147c6:24;adds.b:0xc,SP;ldc.b:@(0x7:8,FP) ,EP;mov:f.w:@(0x8:8,FP),R4;mov:g.w:@(0x4:8,R4),R1;mov:g.w:@R1,R2;clr.b:R2;swap.b:R2;mov:g.w:R2,@-SP;mov:g.w:R0,@-SP;mov:f.w:@(-0x6:8,FP),R0;mov:g.w:R0,@-SP;pjsr:@0x147c6:24;adds.b:0x6,SP;ldm.w:@SP+,(R5 R4 R3 R2 );unlk:FP;prts:;
00014735,axis_lookup_interp,link:FP,#0x0:8;stm:(R0 R1 R2 R3 R4 R5 ),@-SP;stc.b:EP,@-SP;ldc.b:@(0x7:8,FP) ,EP;mov:f.w:@(0x8:8,FP),R4;mov:g.w:@(0x4:8,R4),R1;cmp:i:#0xff:16,R1;blo:#0x0001474b:8;mov:i:#0xff:16,R1;add:q.w:#-1,R1;mov:g.w:@(0x0:8,R4),R0;mov:g.w:@R0,R2;extu.b:R2;cmp:g.w:R1,R2;blo:#0x0001475a:8;mov:g.w:R1,R2;mov:g.w:@(0x2:8,R4),R0;mov:g.w:@R0,R0;mov:g.w:R2,R3;shll.w:R3;add:g.w:0x6,R3;add:g.w:R3,R4;cmp:g.w:@R4,R0;bhi:#0x0001477b:8;cmp:g.w:@R4,R0;bhs:#0x00014791:8;tst.w:R2;beq:#0x00014791:8;add:q.w:#-1,R2;add:q.w:#-2,R4;bra:#0x0001476d:8;cmp:g.w:@R4,R0;blo:#0x00014789:8;cmp:g.w:R1,R2;bhs:#0x00014791:8;add:q.w:#1,R2;add:q.w:#2,R4;bra:#0x0001477b:8;tst.w:R2;beq:#0x00014791:8;add:q.w:#-1,R2;add:q.w:#-2,R4;mov:f.w:@(0x8:8,FP),R5;cmp:g.w:@(0x6:8,R5),R0;blo:#0x000147b7:8;cmp:g.w:R2,R1;beq:#0x000147b7:8;sub.w:@R4,R0;mulxu.w:0xff,R0;mov:g.w:@(0x2:8,R4),R3;sub.w:@R4,R3;divxu.w:R3 ,R0;shll.w:R0;blo:#0x000147b1:8;cmp:g.w:R3,R0;blo:#0x000147b3:8;add:q.w:#1,R1;swap.b:R1;or.w:R1 ,R2;mov:g.w:@(0x0:8,R5),R0;mov:g.w:R2,@R0;ldc.b:@SP+ ,EP;ldm.w:@SP+,(R5 R4 R3 R2 R1 R0 );ldc.b:0x0,DP;unlk:FP;prts:;
000147c6,axis_interp_lerp_u8frac,link:FP,#-0x2:8;tst.w:@(0xa:8,FP);bne:#0x000147d1:8;mov:f.w:@(0x6:8,FP),R0;bra:#0x00014819:8;cmp:g.b:#0x0:8,@(0xa:8,FP);bls:#0x000147db:8;mov:f.w:@(0x8:8,FP),R0;bra:#0x00014819:8;mov:g.w:R0,@-SP;mov:g.w:R1,@-SP;mov:g.w:R2,@-SP;clr.w:R2;mov:f.w:@(0x8:8,FP),R0;sub.w:@(0x6:8,FP),R0;bhs:#0x000147ee:8;neg.w:R0;add:q.w:#1,R2;mulxu.w:@(0xa:8,FP) ,R0;divxu.w:0xff,R0;shll.w:R0;cmp:i:#0xff:16,R0;blo:#0x000147fe:8;add:q.w:#1,R1;tst.w:R2;bne:#0x00014808:8;mov:f.w:@(0x6:8,FP),R0;add:g.w:R1,R0;bra:#0x0001480c:8;mov:f.w:@(0x6:8,FP),R0;sub.w:R1,R0;mov:f.w:R0,@(-0x2:8,FP);mov:g.w:@SP+,R2;mov:g.w:@SP+,R1;mov:g.w:@SP+,R0;mov:f.w:@(-0x2:8,FP),R0;ldc.b:0x0,DP;unlk:FP;prts:;
0001481c,read_indexed_byte_f1fc,link:FP,#0x0:8;mov:g.w:R4,@-SP;mov:g.w:@0xf1fc:16,R0;and.w:0x7,R0;ldc.b:@(0x7:8,FP) ,EP;mov:f.w:@(0x8:8,FP),R4;adds.w:R0,R4;mov:g.b:@R4,R0;extu.b:R0;mov:g.w:@SP+,R4;unlk:FP;prts:;
00014838,table_read_word_indexed_f1fc,link:FP,#0x0:8;mov:g.w:R4,@-SP;mov:g.w:@0xf1fc:16,R0;and.w:0x7,R0;shll.w:R0;ldc.b:@(0x7:8,FP) ,EP;mov:f.w:@(0x8:8,FP),R4;adds.w:R0,R4;mov:g.w:@R4,R0;mov:g.w:@SP+,R4;unlk:FP;prts:;
00014854,table_lookup_indexed,link:FP,#0x0:8;mov:g.w:R4,@-SP;mov:g.w:@0xf1fc:16,R0;and.w:0x7,R0;shll.w:R0;shll.w:R0;ldc.b:@(0x7:8,FP) ,EP;mov:f.w:@(0x8:8,FP),R4;adds.w:R0,R4;mov:g.w:@(0x2:8,R4),R0;mov:g.w:R0,@-SP;mov:g.w:@R4,R1;mov:g.w:R1,@-SP;pjsr:@0x14656:24;adds.b:0x4,SP;mov:g.w:@SP+,R4;unlk:FP;prts:;
00014880,table_read_indexed,link:FP,#0x0:8;mov:g.w:R4,@-SP;mov:g.w:@0xf1fc:16,R0;and.w:0x7,R0;shll.w:R0;shll.w:R0;ldc.b:@(0x7:8,FP) ,EP;mov:f.w:@(0x8:8,FP),R4;adds.w:R0,R4;mov:g.w:@R4,R0;mov:g.w:@(0x2:8,R4),R1;mov:g.w:@SP+,R4;unlk:FP;prts:;
000148a2,table_3axis_interp_triple,link:FP,#-0x8:8;stm:(R2 R3 R4 R5 ),@-SP;ldc.b:@(0x7:8,FP) ,EP;mov:f.w:@(0x8:8,FP),R4;mov:g.w:@(0x2:8,R4),R3;mov:g.w:@(0x4:8,R4),R0;mov:g.w:@R0,R1;mov:g.w:R1,R0;extu.b:R0;mov:f.w:R0,@(-0x4:8,FP);clr.b:R1;swap.b:R1;mov:f.w:R1,@(-0x2:8,FP);cmp:g.b:#0x3:8,@R4;beq:#0x000148e9:8;shll.w:R0;mov:f.w:@(0x6:8,FP),R1;adds.w:R0,R4;mov:g.w:R1,R2;mov:g.w:R4,R0;mov:f.w:@(-0x2:8,FP),R5;mov:g.w:R5,@-SP;ldc.b:R1 ,EP;mov:g.w:@(0x8:8,R4),R1;add:g.w:R3,R1;mov:g.w:R1,@-SP;ldc.b:R2 ,EP;mov:g.w:R0,R4;mov:g.w:@(0x6:8,R4),R0;add:g.w:R3,R0;mov:g.w:R0,@-SP;bra:#0x0001496f:16;ldc.b:@(0x7:8,FP) ,EP;mov:f.w:@(0x8:8,FP),R4;mov:g.w:@(0x6:8,R4),R0;mov:g.w:@R0,R2;extu.b:R2;mov:g.w:@(0x8:8,R4),R0;mulxu.w:R2 ,R0;shll.w:R1;mov:f.w:@(0x6:8,FP),R0;adds.w:R1,R4;mov:f.w:@(-0x4:8,FP),R1;shll.w:R1;adds.w:R1,R4;mov:g.w:R0,R2;mov:g.w:R4,R1;adds.b:0xa,R1;mov:f.w:@(-0x2:8,FP),R5;mov:g.w:R5,@-SP;ldc.b:R0 ,EP;mov:g.w:@(0xc:8,R4),R0;add:g.w:R3,R0;mov:g.w:R0,@-SP;ldc.b:R2 ,EP;mov:g.w:R1,R4;mov:g.w:@R4,R0;add:g.w:R3,R0;mov:g.w:R0,@-SP;mov:f.w:R2,@(-0x8:8,FP);mov:f.w:R1,@(-0x6:8,FP);pjsr:@0x147c6:24;ldc.b:@(0x7:8,FP) ,EP;mov:f.w:@(0x8:8,FP),R4;mov:g.w:@(0x8:8,R4),R1;shll.w:R1;mov:f.w:@(-0x6:8,FP),R4;adds.w:R1,R4;mov:f.w:R4,@(-0x6:8,FP);mov:f.w:@(-0x2:8,FP),R1;mov:g.w:R1,@-SP;ldc.b:@(-0x7:8,FP) ,EP;mov:g.w:@(0x2:8,R4),R1;add:g.w:R3,R1;mov:g.w:R1,@-SP;mov:g.w:@R4,R1;add:g.w:R3,R1;mov:g.w:R1,@-SP;mov:f.w:R0,@(-0x6:8,FP);pjsr:@0x147c6:24;adds.b:0xc,SP;ldc.b:@(0x7:8,FP) ,EP;mov:f.w:@(0x8:8,FP),R4;mov:g.w:@(0x6:8,R4),R1;mov:g.w:@R1,R2;clr.b:R2;swap.b:R2;mov:g.w:R2,@-SP;mov:g.w:R0,@-SP;mov:f.w:@(-0x6:8,FP),R0;mov:g.w:R0,@-SP;pjsr:@0x147c6:24;adds.b:0x6,SP;ldm.w:@SP+,(R5 R4 R3 R2 );unlk:FP;prts:;
0001497b,table_3axis_interp_triple_wrapper,link:FP,#0x0:8;mov:g.w:R4,@-SP;mov:g.w:@0xf1fc:16,R0;and.w:0x7,R0;shll.w:R0;shll.w:R0;ldc.b:@(0x7:8,FP) ,EP;mov:f.w:@(0x8:8,FP),R4;adds.w:R0,R4;mov:g.w:@(0x2:8,R4),R0;mov:g.w:R0,@-SP;mov:g.w:@R4,R1;mov:g.w:R1,@-SP;pjsr:@0x148a2:24;adds.b:0x4,SP;mov:g.w:@SP+,R4;unlk:FP;prts:;
000149a7,gear_indexed_table_lookup_f1fc,link:FP,#0x0:8;mov:g.w:R4,@-SP;mov:g.w:@0xf1fc:16,R0;and.w:0x7,R0;shll.w:R0;shll.w:R0;ldc.b:@(0x7:8,FP) ,EP;mov:f.w:@(0x8:8,FP),R4;adds.w:R0,R4;mov:g.w:@R4,R0;mov:g.w:@(0x2:8,R4),R1;mov:g.w:@SP+,R4;unlk:FP;prts:;
000149c8,init_copy_const_block_via_memcpy_banked,link:FP,#-0x2:8;clr.w:@(-0x2:8,FP);mov:f.w:@(-0x2:8,FP),R0;clr.w:@(-0x7b6:16,R0);add:q.w:#2,R0;mov:f.w:R0,@(-0x2:8,FP);cmp:i:#0x2:16,R0;blo:#0x000149cd:8;mov:g.w:#0x100:16,@-SP;mov:g.w:#0xf862:16,@-SP;mov:g.w:#0x0:8,@-SP;mov:g.w:#0xcf80:16,@-SP;mov:g.w:#0x2:8,@-SP;pjsr:@0x17256:24;unlk:FP;prts:;
000149f5,eeprom_backup_table_write_dispatch,link:FP,#-0x12:8;stm:(R2 R3 R4 R5 ),@-SP;cmp:g.b:#0x1:8,@(0x6:8,FP);bhs:#0x00014d6a:16;mov:f.w:@(0x6:8,FP),R3;shll.w:R3;mov:g.w:@(-0x7b6:16,R3),R0;and.w:0x101,R0;bne:#0x00014d6a:16;mov:g.w:@(-0x7b6:16,R3),R0;mov:f.w:R0,@(-0x10:8,FP);mov:g.w:#0x1:8,@(-0xe:8,FP);mov:f.w:@(0x6:8,FP),R0;mulxu.w:0x14,R0;mov:i:#0x3898:16,R0;adds.w:R1,R0;mov:f.w:R0,@(-0x12:8,FP);btst.w:0x9,@(-0x10:8,FP);beq:#0x00014d6a:16;btst.w:0xc,@(-0x10:8,FP);beq:#0x00014a37:8;bset.w:@(-0x10:8,FP),0x0;bra:#0x00014d5b:16;btst.w:0xb,@(-0x10:8,FP);beq:#0x00014a4d:8;btst.w:0x6,@(-0x10:8,FP);beq:#0x00014a47:8;clr.w:@(-0x10:8,FP);bra:#0x00014d5b:16;bset.w:@(-0x10:8,FP),0xc;bra:#0x00014d5b:16;btst.w:0xa,@(-0x10:8,FP);beq:#0x00014bf9:16;mov:f.w:@(0x6:8,FP),R0;mulxu.w:0x34,R0;mov:i:#0xf7e0:16,R0;adds.w:R1,R0;mov:f.w:R0,@(-0xa:8,FP);mov:i:#0xf814:16,R0;adds.w:R1,R0;mov:f.w:R0,@(-0x8:8,FP);mov:f.w:@(-0xa:8,FP),R0;mov:g.b:#0x5:8,@(0x1:8,R0);mov:f.w:@(-0x8:8,FP),R0;mov:g.b:@(0x3:8,R0),R2;extu.b:R2;mov:g.b:@(0x2:8,R0),R1;extu.b:R1;swap.b:R1;clr.b:R1;or.w:R2 ,R1;mov:f.w:R1,@(-0x6:8,FP);btst.w:0x6,@(-0x10:8,FP);beq:#0x00014afb:16;cmp:i:#0x1:16,R1;bne:#0x00014afb:16;mov:g.b:@(0x5:8,R0),R2;extu.b:R2;mov:g.b:@(0x4:8,R0),R1;extu.b:R1;swap.b:R1;clr.b:R1;or.w:R2 ,R1;mov:f.w:R1,@(-0x2:8,FP);mov:g.w:#0x2c:8,@(-0x4:8,FP);mov:g.w:#0x2c:8,@-SP;mov:g.w:R1,@-SP;pjsr:@0x14000:24;adds.b:0x4,SP;cmp:i:#0x100:16,R0;bls:#0x00014ac5:8;mov:f.w:@(-0x2:8,FP),R0;mov:g.w:R0,@-SP;mov:g.w:#0x100:16,@-SP;pjsr:@0x14036:24;adds.b:0x4,SP;mov:f.w:R0,@(-0x4:8,FP);mov:f.w:@(-0xa:8,FP),R2;clr.b:@(0x2:8,R2);mov:g.b:#0x1:8,@(0x3:8,R2);mov:f.w:@(-0x2:8,FP),R0;clr.b:R0;swap.b:R0;mov:g.b:R0,@(0x4:8,R2);mov:f.w:@(-0x2:8,FP),R0;mov:g.b:R0,@(0x5:8,R2);mov:f.w:@(-0x4:8,FP),R0;mov:g.w:R0,@-SP;adds.b:0x6,R2;mov:i:#0x0:16,R0;mov:g.w:R2,@-SP;mov:g.w:R0,@-SP;mov:f.w:@(-0x2:8,FP),R0;mov:i:#0xf862:16,R1;adds.w:R0,R1;mov:i:#0x0:16,R0;mov:g.w:R1,@-SP;mov:g.w:R0,@-SP;bra:#0x00014b9c:16;btst.w:0x6,@(-0x10:8,FP);beq:#0x00014b7a:16;cmp:g.b:#0x2:8,@(-0x6:8,FP);bne:#0x00014b7a:16;mov:f.w:@(-0xa:8,FP),R2;clr.b:@(0x2:8,R2);mov:g.b:#0x2:8,@(0x3:8,R2);mov:i:#0x0:16,R0;mov:i:#0xf862:16,R1;mov:g.w:R0,R3;clr.w:R4;mov:i:#0x7:16,R5;shlr.w:R3;scb/eq:R5,0x00014b1e;mov:g.b:R3,@(0x4:8,R2);mov:g.w:R0,R3;clr.w:R4;mov:g.b:R3,@(0x5:8,R2);mov:g.w:R1,R3;mov:g.w:R0,R4;mov:i:#0x7:16,R5;shlr.w:R4;rotxr.w:R3;scb/f:R5,0x00014b34;mov:g.b:R3,@(0x6:8,R2);mov:g.b:R1,@(0x7:8,R2);mov:i:#0x2:16,R0;mov:i:#0xcf80:16,R1;mov:g.w:R0,R3;clr.w:R4;mov:i:#0x7:16,R5;shlr.w:R3;scb/eq:R5,0x00014b4e;mov:g.b:R3,@(0x8:8,R2);mov:g.w:R0,R3;clr.w:R4;mov:g.b:R3,@(0x9:8,R2);mov:g.w:R1,R3;mov:g.w:R0,R4;mov:i:#0x7:16,R5;shlr.w:R4;rotxr.w:R3;scb/f:R5,0x00014b64;mov:g.b:R3,@(0xa:8,R2);mov:g.b:R1,@(0xb:8,R2);mov:g.b:#0x1:8,@(0xc:8,R2);clr.b:@(0xd:8,R2);bra:#0x00014ba3:8;mov:f.w:@(-0xa:8,FP),R0;mov:g.b:#0x80:8,@(0x2:8,R0);clr.b:@(0x3:8,R0);mov:g.w:#0x2e:8,@-SP;adds.b:0x4,R0;mov:i:#0x0:16,R1;mov:g.w:R0,@-SP;mov:g.w:R1,@-SP;mov:f.w:@(-0x8:8,FP),R0;adds.b:0x4,R0;mov:i:#0x0:16,R1;mov:g.w:R0,@-SP;mov:g.w:R1,@-SP;pjsr:@0x17256:24;adds.b:0xa,SP;mov:g.w:#0x31:8,@-SP;mov:f.w:@(-0xa:8,FP),R0;add:q.w:#1,R0;mov:i:#0x0:16,R1;mov:g.w:R0,@-SP;mov:g.w:R1,@-SP;pjsr:@0x17206:24;adds.b:0x6,SP;mov:f.w:@(-0xa:8,FP),R1;mov:g.b:R0,@(0x32:8,R1);mov:g.b:#0xd:8,@(0x33:8,R1);stc.w:SR,@-SP;orc.w:0x700,SR;andc.w:0xfeff,SR;mov:g.w:#0x32:8,@-SP;mov:f.w:@(0x6:8,FP),R0;mov:g.w:R0,@-SP;mov:f.w:@(-0x12:8,FP),R0;ldc.b:0x0,DP;mov:g.w:@(0x6:8,R0),R1;mov:g.w:@(0x4:8,R0),R0;pjsr:@R0;adds.b:0x4,SP;mov:f.w:@(0x6:8,FP),R0;shll.w:R0;mov:g.w:@0xff46:16,R1;mov:g.w:R1,@(-0x7b8:16,R0);ldc.w:@SP+ ,SR;bset.w:@(-0x10:8,FP),0xb;ldc.b:0x0,DP;bra:#0x00014d5b:16;mov:f.w:@(-0x12:8,FP),R0;mov:g.w:@(0x12:8,R0),R1;mov:g.w:@(0x10:8,R0),R0;pjsr:@R0;tst.w:R0;beq:#0x00014d58:16;mov:f.w:@(0x6:8,FP),R0;mulxu.w:0x34,R0;mov:i:#0xf814:16,R0;adds.w:R1,R0;mov:f.w:R0,@(-0xc:8,FP);cmp:g.b:#0xd:8,@(0x33:8,R0);bne:#0x00014d47:16;mov:g.w:#0x31:8,@-SP;add:q.w:#1,R0;mov:i:#0x0:16,R1;mov:g.w:R0,@-SP;mov:g.w:R1,@-SP;pjsr:@0x17206:24;adds.b:0x6,SP;mov:f.w:@(-0xc:8,FP),R1;cmp:g.b:@(0x32:8,R1),R0;bne:#0x00014d47:16;mov:g.b:@(0x1:8,R1),R3;bclr.w:0xd,@(-0x10:8,FP);cmp:e:#0x81:8,R3;bne:#0x00014c47:8;bset.w:@(-0x10:8,FP),0x1;bra:#0x00014c91:16;cmp:e:#0x82:8,R3;bne:#0x00014c50:8;bset.w:@(-0x10:8,FP),0x2;bra:#0x00014c91:8;cmp:e:#0x83:8,R3;bne:#0x00014c59:8;bset.w:@(-0x10:8,FP),0x3;bra:#0x00014c91:8;cmp:e:#0x84:8,R3;bne:#0x00014c67:8;mov:f.w:@(-0x10:8,FP),R0;or.w:0x2002,R0;mov:f.w:R0,@(-0x10:8,FP);bra:#0x00014c91:8;cmp:e:#0x85:8,R3;bne:#0x00014c75:8;mov:f.w:@(-0x10:8,FP),R0;or.w:0x2010,R0;mov:f.w:R0,@(-0x10:8,FP);bra:#0x00014c91:8;cmp:e:#0x86:8,R3;bne:#0x00014c83:8;mov:f.w:@(-0x10:8,FP),R0;or.w:0x2020,R0;mov:f.w:R0,@(-0x10:8,FP);bra:#0x00014c91:8;cmp:e:#0x87:8,R3;bne:#0x00014c8c:8;bset.w:@(-0x10:8,FP),0x6;bra:#0x00014c91:8;mov:g.w:#0x100:16,@(-0x10:8,FP);btst.w:0xd,@(-0x10:8,FP);beq:#0x00014cc7:8;tst.w:@(0x6:8,FP);beq:#0x00014ca1:8;btst.w:0xd,@0xf84a:16;bne:#0x00014cc7:8;mov:f.w:@(-0xc:8,FP),R0;mov:g.b:@(0x2e:8,R0),R1;extu.b:R1;mov:g.w:R1,@0xf5b4:16;mov:g.b:@(0x2f:8,R0),R1;extu.b:R1;mov:g.w:R1,@0xf5b6:16;mov:g.b:@(0x30:8,R0),R1;extu.b:R1;mov:g.w:R1,@0xf5b8:16;mov:g.b:@(0x31:8,R0),R1;extu.b:R1;mov:g.w:R1,@0xf5ba:16;mov:f.w:@(0x6:8,FP),R0;shll.w:R0;mov:g.w:#0xffff:16,@(-0x7b4:16,R0);btst.w:0x6,@(-0x10:8,FP);beq:#0x00014d42:16;mov:f.w:@(-0xc:8,FP),R0;mov:g.b:@(0x3:8,R0),R2;extu.b:R2;mov:g.b:@(0x2:8,R0),R1;extu.b:R1;swap.b:R1;clr.b:R1;or.w:R2 ,R1;bne:#0x00014d42:8;mov:g.b:@(0x5:8,R0),R2;extu.b:R2;mov:g.b:@(0x4:8,R0),R3;extu.b:R3;swap.b:R3;clr.b:R3;or.w:R2 ,R3;mov:g.w:#0x2c:8,@(-0x2:8,FP);mov:g.w:#0x2c:8,@-SP;mov:g.w:R3,@-SP;pjsr:@0x14000:24;adds.b:0x4,SP;cmp:i:#0x100:16,R0;bls:#0x00014d1f:8;mov:g.w:R3,@-SP;mov:g.w:#0x100:16,@-SP;pjsr:@0x14036:24;adds.b:0x4,SP;mov:f.w:R0,@(-0x2:8,FP);mov:f.w:@(-0x2:8,FP),R0;mov:g.w:R0,@-SP;mov:i:#0xf862:16,R0;adds.w:R3,R0;mov:i:#0x0:16,R1;mov:g.w:R0,@-SP;mov:g.w:R1,@-SP;mov:f.w:@(-0xc:8,FP),R0;adds.b:0x6,R0;mov:i:#0x0:16,R1;mov:g.w:R0,@-SP;mov:g.w:R1,@-SP;pjsr:@0x17256:24;adds.b:0xa,SP;bset.w:@(-0x10:8,FP),0xa;bra:#0x00014d5b:8;mov:f.w:@(0x6:8,FP),R0;mov:g.w:R0,@-SP;mov:f.w:@(-0x12:8,FP),R0;mov:g.w:@(0x2:8,R0),R1;mov:g.w:@R0,R0;pjsr:@R0;add:q.w:#2,SP;bra:#0x00014d5b:8;clr.w:@(-0xe:8,FP);tst.w:@(-0xe:8,FP);beq:#0x00014d6a:8;mov:f.w:@(0x6:8,FP),R0;shll.w:R0;mov:f.w:@(-0x10:8,FP),R1;mov:g.w:R1,@(-0x7b6:16,R0);ldm.w:@SP+,(R5 R4 R3 R2 );unlk:FP;prts:;
00014d6f,channel_validity_gated_handler_dispatch,link:FP,#-0x4:8;cmp:g.b:#0x1:8,@(0x6:8,FP);bhs:#0x00014dd5:16;mov:f.w:@(0x6:8,FP),R0;shll.w:R0;mov:g.w:@(-0x7b6:16,R0),R1;mov:f.w:R1,@(-0x4:8,FP);and.w:0x101,R1;bne:#0x00014dcb:8;mov:f.w:@(0x6:8,FP),R0;mulxu.w:0x14,R0;mov:i:#0x3898:16,R0;adds.w:R1,R0;mov:f.w:R0,@(-0x2:8,FP);mov:g.w:@(0xe:8,R0),R1;mov:g.w:@(0xc:8,R0),R0;pjsr:@R0;tst.w:R0;bne:#0x00014dcb:8;btst.w:0x9,@(-0x4:8,FP);beq:#0x00014db9:8;btst.w:0xa,@(-0x4:8,FP);bne:#0x00014dcb:8;mov:f.w:@(-0x2:8,FP),R0;mov:g.w:@(0xa:8,R0),R1;mov:g.w:@(0x8:8,R0),R0;pjsr:@R0;tst.w:R0;beq:#0x00014dcb:8;mov:f.w:@(0x6:8,FP),R0;mov:g.w:R0,@-SP;mov:f.w:@(-0x2:8,FP),R0;mov:g.w:@(0x2:8,R0),R1;mov:g.w:@R0,R0;pjsr:@R0;mov:g.w:#0x200:16,@(-0x4:8,FP);mov:f.w:@(0x6:8,FP),R0;shll.w:R0;mov:f.w:@(-0x4:8,FP),R1;mov:g.w:R1,@(-0x7b6:16,R0);unlk:FP;prts:;
00014dd8,adc_backup_snapshot_write_if_time_elapsed,link:FP,#-0x6:8;stm:(R2 R3 R4 ),@-SP;mov:f.w:@(0x6:8,FP),R0;mulxu.w:0x34,R0;mov:i:#0xf7e0:16,R0;adds.w:R1,R0;mov:f.w:R0,@(-0x6:8,FP);mov:f.w:@(0x8:8,FP),R0;mulxu.w:0x6,R0;mov:i:#0x38ac:16,R0;adds.w:R1,R0;mov:f.w:R0,@(-0x4:8,FP);cmp:g.b:#0x1:8,@(0x6:8,FP);bhs:#0x00014ed8:16;mov:f.w:@(0x6:8,FP),R0;shll.w:R0;mov:g.w:@0xff46:16,R1;sub.w:@(-0x7b8:16,R0),R1;mov:f.w:@(-0x4:8,FP),R2;cmp:g.w:@R2,R1;blo:#0x00014ed8:16;mov:f.w:@(0x6:8,FP),R0;mulxu.w:0x14,R0;mov:i:#0x3898:16,R0;adds.w:R1,R0;mov:g.w:@(0xe:8,R0),R1;mov:g.w:@(0xc:8,R0),R0;pjsr:@R0;tst.w:R0;beq:#0x00014e32:8;mov:f.w:@(0x6:8,FP),R0;shll.w:R0;clr.w:@(-0x7b6:16,R0);bra:#0x00014ed8:16;mov:f.w:@(-0x4:8,FP),R2;mov:g.b:@(0x4:8,R2),R3;mov:g.b:@(0x3:8,R2),R0;mov:g.b:R0,R1;mulxu.b:R3 ,R1;mov:f.w:R1,@(-0x2:8,FP);extu.b:R3;mov:g.w:R3,@-SP;extu.b:R0;mov:g.w:R0,@-SP;mov:f.w:@(-0x6:8,FP),R2;add:q.w:#2,R2;mov:g.w:R2,R0;mov:i:#0x0:16,R1;mov:g.w:R0,@-SP;mov:g.w:R1,@-SP;mov:f.w:@(0x6:8,FP),R0;mulxu.w:0x34,R0;mov:i:#0xf814:16,R0;adds.w:R1,R0;add:q.w:#2,R0;mov:i:#0x0:16,R1;mov:g.w:R0,@-SP;mov:g.w:R1,@-SP;pjsr:@0x17160:24;adds.b:0xc,SP;mov:f.w:@(-0x4:8,FP),R0;mov:f.w:@(-0x6:8,FP),R1;mov:g.b:@(0x2:8,R0),R3;mov:g.b:R3,@(0x1:8,R1);mov:f.w:@(-0x2:8,FP),R3;add:q.w:#1,R3;mov:g.w:R3,@-SP;add:q.w:#1,R1;mov:i:#0x0:16,R4;mov:g.w:R1,@-SP;mov:g.w:R4,@-SP;pjsr:@0x17206:24;adds.b:0x6,SP;mov:g.w:R2,R1;adds.w:@(-0x2:8,FP),R1;mov:g.b:R0,@R1;adds.w:R3,R2;mov:g.b:#0xd:8,@R2;stc.w:SR,@-SP;orc.w:0x700,SR;andc.w:0xfeff,SR;mov:f.w:@(-0x2:8,FP),R0;add:q.w:#2,R0;mov:g.w:R0,@-SP;mov:f.w:@(0x6:8,FP),R0;mov:g.w:R0,@-SP;mulxu.w:0x14,R0;mov:i:#0x3898:16,R0;adds.w:R1,R0;ldc.b:0x0,DP;mov:g.w:@(0x6:8,R0),R1;mov:g.w:@(0x4:8,R0),R0;pjsr:@R0;adds.b:0x4,SP;mov:f.w:@(0x6:8,FP),R0;shll.w:R0;mov:g.w:@0xff46:16,R1;mov:g.w:R1,@(-0x7b8:16,R0);ldc.w:@SP+ ,SR;ldc.b:0x0,DP;ldm.w:@SP+,(R4 R3 R2 );unlk:FP;prts:;
00014edd,channel_periodic_update_ringbuf_snapshot,link:FP,#-0xa:8;stm:(R2 R3 ),@-SP;cmp:g.b:#0x1:8,@(0x6:8,FP);bhs:#0x00015046:16;mov:f.w:@(0x6:8,FP),R0;shll.w:R0;mov:g.w:@0xff46:16,R1;sub.w:@(-0x7b8:16,R0),R1;cmp:i:#0x244:16,R1;blo:#0x00015046:16;mov:f.w:@(0x6:8,FP),R0;mulxu.w:0x14,R0;mov:i:#0x3898:16,R0;adds.w:R1,R0;mov:g.w:@(0xe:8,R0),R1;mov:g.w:@(0xc:8,R0),R0;pjsr:@R0;tst.w:R0;beq:#0x00014f1c:8;mov:f.w:@(0x6:8,FP),R0;shll.w:R0;clr.w:@(-0x7b6:16,R0);bra:#0x00015046:16;mov:f.w:@(0x6:8,FP),R0;mulxu.w:0x34,R0;mov:i:#0xf7e0:16,R0;adds.w:R1,R0;mov:f.w:R0,@(-0x8:8,FP);add:q.w:#2,R0;mov:f.w:R0,@(-0xa:8,FP);mov:i:#0xf814:16,R0;adds.w:R1,R0;add:q.w:#2,R0;mov:f.w:R0,@(-0x6:8,FP);mov:f.w:@(0x6:8,FP),R0;shll.w:R0;mov:g.w:@(-0x7b4:16,R0),R1;add:q.w:#1,R1;mov:f.w:R1,@(-0x2:8,FP);cmp:i:#0x8:16,R1;blo:#0x00014f4a:8;clr.w:@(-0x2:8,FP);mov:f.w:@(0x6:8,FP),R0;shll.w:R0;mov:f.w:R0,@(-0x4:8,FP);mov:f.w:@(-0x2:8,FP),R1;mov:g.w:R1,@(-0x7b4:16,R0);mov:f.w:@(-0x6:8,FP),R2;mov:g.w:@R2,R0;mov:g.w:R0,@-SP;pjsr:@0x171c3:24;add:q.w:#2,SP;mov:f.w:@(-0xa:8,FP),R3;mov:g.w:R0,@R3;mov:g.w:@(0x2:8,R2),R0;mov:g.w:R0,@-SP;pjsr:@0x171c3:24;add:q.w:#2,SP;mov:g.w:R0,@(0x2:8,R3);mov:g.w:@(0x4:8,R2),R0;mov:g.w:R0,@-SP;pjsr:@0x171c3:24;add:q.w:#2,SP;clr.b:R0;swap.b:R0;mov:g.b:R0,@(0x4:8,R3);mov:g.w:@(0x6:8,R2),R0;mov:g.w:R0,@-SP;pjsr:@0x171c3:24;add:q.w:#2,SP;clr.b:R0;swap.b:R0;mov:g.b:R0,@(0x5:8,R3);mov:g.w:@(0x8:8,R2),R0;mov:g.w:R0,@-SP;pjsr:@0x171c3:24;add:q.w:#2,SP;clr.b:R0;swap.b:R0;mov:g.b:R0,@(0x6:8,R3);mov:g.w:@(0xa:8,R2),R0;mov:g.w:R0,@-SP;pjsr:@0x171c3:24;add:q.w:#2,SP;clr.b:R0;swap.b:R0;mov:g.b:R0,@(0x7:8,R3);mov:f.w:@(-0x2:8,FP),R0;shll.w:R0;shll.w:R0;adds.b:0xc,R0;add:g.w:R0,R2;mov:g.w:@R2,R0;mov:g.w:R0,@-SP;pjsr:@0x171c3:24;add:q.w:#2,SP;clr.b:R0;swap.b:R0;mov:g.b:R0,@(0x8:8,R3);mov:g.w:@(0x2:8,R2),R0;mov:g.w:R0,@-SP;pjsr:@0x171c3:24;add:q.w:#2,SP;clr.b:R0;swap.b:R0;mov:g.b:R0,@(0x9:8,R3);mov:f.w:@(-0x2:8,FP),R0;bset.b:R0,0x5;mov:f.w:@(-0x8:8,FP),R1;mov:g.b:R0,@(0x1:8,R1);mov:g.w:#0xb:8,@-SP;add:q.w:#1,R1;mov:i:#0x0:16,R0;mov:g.w:R1,@-SP;mov:g.w:R0,@-SP;pjsr:@0x17206:24;adds.b:0x6,SP;mov:f.w:@(-0x8:8,FP),R1;mov:g.b:R0,@(0xc:8,R1);mov:g.b:#0xd:8,@(0xd:8,R1);stc.w:SR,@-SP;orc.w:0x700,SR;andc.w:0xfeff,SR;mov:g.w:#0xc:8,@-SP;mov:f.w:@(0x6:8,FP),R0;mov:g.w:R0,@-SP;mulxu.w:0x14,R0;mov:i:#0x3898:16,R0;adds.w:R1,R0;ldc.b:0x0,DP;mov:g.w:@(0x6:8,R0),R1;mov:g.w:@(0x4:8,R0),R0;pjsr:@R0;adds.b:0x4,SP;mov:f.w:@(-0x4:8,FP),R0;mov:g.w:@0xff46:16,R1;mov:g.w:R1,@(-0x7b8:16,R0);ldc.w:@SP+ ,SR;ldc.b:0x0,DP;ldm.w:@SP+,(R3 R2 );unlk:FP;prts:;
0001504b,adc_5channel_backup_snapshot_write,link:FP,#-0xa:8;stm:(R2 R3 ),@-SP;cmp:g.b:#0x1:8,@(0x6:8,FP);bhs:#0x00015177:16;mov:f.w:@(0x6:8,FP),R0;shll.w:R0;mov:g.w:@0xff46:16,R1;sub.w:@(-0x7b8:16,R0),R1;cmp:i:#0x244:16,R1;blo:#0x00015177:16;mov:f.w:@(0x6:8,FP),R0;mulxu.w:0x14,R0;mov:i:#0x3898:16,R0;adds.w:R1,R0;mov:g.w:@(0xe:8,R0),R1;mov:g.w:@(0xc:8,R0),R0;pjsr:@R0;tst.w:R0;beq:#0x0001508a:8;mov:f.w:@(0x6:8,FP),R0;shll.w:R0;clr.w:@(-0x7b6:16,R0);bra:#0x00015177:16;mov:f.w:@(0x6:8,FP),R0;mulxu.w:0x34,R0;mov:i:#0xf7e0:16,R0;adds.w:R1,R0;mov:f.w:R0,@(-0x8:8,FP);add:q.w:#2,R0;mov:f.w:R0,@(-0xa:8,FP);mov:i:#0xf814:16,R0;adds.w:R1,R0;add:q.w:#2,R0;mov:f.w:R0,@(-0x6:8,FP);mov:f.w:@(0x6:8,FP),R0;shll.w:R0;mov:g.w:@(-0x7b4:16,R0),R1;add:q.w:#1,R1;mov:f.w:R1,@(-0x2:8,FP);cmp:i:#0x3:16,R1;blo:#0x000150b8:8;clr.w:@(-0x2:8,FP);mov:f.w:@(0x6:8,FP),R0;shll.w:R0;mov:f.w:R0,@(-0x4:8,FP);mov:f.w:@(-0x2:8,FP),R1;mov:g.w:R1,@(-0x7b4:16,R0);mov:f.w:@(-0x6:8,FP),R0;mov:g.w:@R0,R1;mov:g.w:R1,@-SP;pjsr:@0x171c3:24;add:q.w:#2,SP;mov:f.w:@(-0xa:8,FP),R2;mov:g.w:R0,@R2;mov:f.w:@(-0x6:8,FP),R0;mov:g.w:@(0x2:8,R0),R1;mov:g.w:R1,@-SP;pjsr:@0x171c3:24;add:q.w:#2,SP;mov:g.w:R0,@(0x2:8,R2);mov:f.w:@(-0x2:8,FP),R0;mulxu.w:0x6,R0;adds.b:0x4,R1;mov:f.w:@(-0x6:8,FP),R3;add:g.w:R1,R3;mov:g.w:@R3,R0;mov:g.w:R0,@-SP;pjsr:@0x171c3:24;add:q.w:#2,SP;mov:g.w:R0,@(0x4:8,R2);mov:g.w:@(0x2:8,R3),R0;mov:g.w:R0,@-SP;pjsr:@0x171c3:24;add:q.w:#2,SP;mov:g.w:R0,@(0x6:8,R2);mov:g.w:@(0x4:8,R3),R0;mov:g.w:R0,@-SP;pjsr:@0x171c3:24;add:q.w:#2,SP;mov:g.w:R0,@(0x8:8,R2);mov:f.w:@(-0x2:8,FP),R0;or.b:0x30,R0;mov:f.w:@(-0x8:8,FP),R1;mov:g.b:R0,@(0x1:8,R1);mov:g.w:#0xb:8,@-SP;add:q.w:#1,R1;mov:i:#0x0:16,R0;mov:g.w:R1,@-SP;mov:g.w:R0,@-SP;pjsr:@0x17206:24;adds.b:0x6,SP;mov:f.w:@(-0x8:8,FP),R1;mov:g.b:R0,@(0xc:8,R1);mov:g.b:#0xd:8,@(0xd:8,R1);stc.w:SR,@-SP;orc.w:0x700,SR;andc.w:0xfeff,SR;mov:g.w:#0xc:8,@-SP;mov:f.w:@(0x6:8,FP),R0;mov:g.w:R0,@-SP;mulxu.w:0x14,R0;mov:i:#0x3898:16,R0;adds.w:R1,R0;ldc.b:0x0,DP;mov:g.w:@(0x6:8,R0),R1;mov:g.w:@(0x4:8,R0),R0;pjsr:@R0;adds.b:0x4,SP;mov:f.w:@(-0x4:8,FP),R0;mov:g.w:@0xff46:16,R1;mov:g.w:R1,@(-0x7b8:16,R0);ldc.w:@SP+ ,SR;ldc.b:0x0,DP;ldm.w:@SP+,(R3 R2 );unlk:FP;prts:;
0001517c,entry,ldc.b:0x0,TP;mov:i:#0xfe80:16,SP;ldc.b:0x0,DP;ldc.b:0x0,EP;btst.b:0x7,@0xfee0:16;beq:#0x00015192:8;pjmp:@0x20000:24;pjsr:@0x20a80:24;nop:;ldc.w:0x700,SR;bra:#0x0001517c:8;
0001519e,stub_empty_0x1519e,prts:;
000151a0,noop_return,prts:;
000151a2,peripheral_register_cold_init,mov:g.w:R0,@-SP;pjsr:@0x16059:24;clr.b:@0xfe98:16;clr.b:@0xfe99:16;mov:e:#0x3:8,R0;tst.b:@0x2e6:16;beq:#0x000151ba:8;bset.b:R0,0x5;mov:g.b:R0,@0xfe82:16;mov:g.b:#0x0:8,@0xfe83:16;mov:g.b:#0x30:8,@0xfe86:16;mov:e:#0x20:8,R0;cmp:g.b:#0x2:8,@0x2e4:16;bne:#0x000151d3:8;bset.b:R0,0x4;tst.b:@0x2ed:16;beq:#0x000151ef:8;btst.b:0x2,@0x2ed:16;bne:#0x000151e7:8;btst.b:0x3,@0x2ed:16;beq:#0x000151ed:8;bra:#0x000151ef:8;btst.b:0x3,@0x2ed:16;beq:#0x000151ef:8;bset.b:R0,0x7;mov:g.b:R0,@0xfe87:16;mov:g.b:#0xa0:8,@0xfe8a:16;mov:g.b:#0x14:8,@0xfe8b:16;mov:g.b:#0x14:8,@0xfe8e:16;mov:g.b:#0x40:8,@0xfe93:16;mov:g.b:#0x0:8,@0xfe96:16;mov:g.b:#0x30:8,@0xfe97:16;mov:g.b:#0xff:8,@0xfe80:16;mov:g.b:#0xff:8,@0xfe81:16;mov:g.b:#0x3f:8,@0xfe84:16;mov:g.b:#0xf8:8,@0xfe85:16;mov:g.b:#0xad:8,@0xfe88:16;mov:g.b:#0x15:8,@0xfe89:16;mov:g.b:#0xd4:8,@0xfe8c:16;mov:g.b:#0x5f:8,@0xfe91:16;mov:g.b:#0x0:8,@0xfe94:16;mov:g.b:#0xff:8,@0xfe95:16;pjsr:@0x15aff:24;pjsr:@0x15b3f:24;pjsr:@0x15cbd:24;pjsr:@0x15dd0:24;pjsr:@0x16102:24;pjsr:@0x16158:24;pjsr:@0x161ba:24;pjsr:@0x16222:24;pjsr:@0x1643a:24;pjsr:@0x164b7:24;pjsr:@0x1651f:24;pjsr:@0x16890:24;pjsr:@0x16aa3:24;pjsr:@0x16f6b:24;mov:e:#0x80:8,R0;bset.b:R0,0x0;mov:g.b:R0,@0xfedb:16;mov:g.b:#0x60:8,@0xfeda:16;mov:g.w:@SP+,R0;prts:;
0001528c,peripheral_register_warm_init,mov:g.w:R0,@-SP;pjsr:@0x1609d:24;pjsr:@0x15b0b:24;pjsr:@0x15b90:24;pjsr:@0x15d36:24;pjsr:@0x15e01:24;pjsr:@0x16109:24;pjsr:@0x1615a:24;pjsr:@0x161d0:24;pjsr:@0x1626c:24;pjsr:@0x1645e:24;pjsr:@0x164da:24;pjsr:@0x1655a:24;pjsr:@0x168d9:24;pjsr:@0x16b83:24;pjsr:@0x16fe2:24;clr.b:@0xfe98:16;clr.b:@0xfe99:16;mov:g.b:#0xff:8,@0xfe80:16;mov:g.b:#0xff:8,@0xfe81:16;mov:g.b:#0x3f:8,@0xfe84:16;mov:g.b:#0xf8:8,@0xfe85:16;mov:g.b:#0xad:8,@0xfe88:16;mov:g.b:#0x15:8,@0xfe89:16;mov:g.b:#0xd4:8,@0xfe8c:16;mov:g.b:#0x5f:8,@0xfe91:16;mov:g.b:#0x0:8,@0xfe94:16;mov:g.b:#0xff:8,@0xfe95:16;mov:e:#0x80:8,R0;bset.b:R0,0x0;mov:g.b:R0,@0xfedb:16;mov:g.b:#0x60:8,@0xfeda:16;pjsr:@0x15319:24;mov:g.w:@SP+,R0;prts:;
00015319,update_flag_f9a0_bit6_cond,stc.w:SR,@-SP;orc.w:0x700,SR;tst.b:@0x2e2:16;beq:#0x0001532b:8;btst.w:0xf,@0xf0ea:16;beq:#0x00015339:8;bclr.w:0x6,@0xf9a0:16;bclr.b:0x4,@0xff74:16;bclr.b:0x5,@0xff74:16;bra:#0x0001533d:8;bset.w:@0xf9a0:16,0x6;ldc.w:@SP+ ,SR;prts:;
00015341,compose_status_words_f0f6_fc,mov:g.w:R0,@-SP;mov:g.w:@0xf0f6:16,R0;btst.b:0x2,@0xf0d8:16;bne:#0x00015351:8;bset.w:R0,0x0;bra:#0x00015353:8;bclr.w:0x0,R0;btst.b:0x7,@0xfe96:16;bne:#0x0001535d:8;bset.w:R0,0x1;bra:#0x0001535f:8;bclr.w:0x1,R0;btst.b:0x4,@0xf0d9:16;beq:#0x00015369:8;bset.w:R0,0x3;bra:#0x0001536b:8;bclr.w:0x3,R0;btst.b:0x2,@0xf0d9:16;bne:#0x00015375:8;bset.w:R0,0x4;bra:#0x00015377:8;bclr.w:0x4,R0;btst.b:0x3,@0xf0da:16;beq:#0x00015381:8;bset.w:R0,0x5;bra:#0x00015383:8;bclr.w:0x5,R0;btst.b:0x0,@0xf0d8:16;bne:#0x0001538d:8;bset.w:R0,0x6;bra:#0x0001538f:8;bclr.w:0x6,R0;btst.b:0x0,@0xf0db:16;beq:#0x00015399:8;bset.w:R0,0x7;bra:#0x0001539b:8;bclr.w:0x7,R0;btst.b:0x3,@0xf0d9:16;beq:#0x000153a5:8;bset.w:R0,0x8;bra:#0x000153a7:8;bclr.w:0x8,R0;btst.b:0x3,@0xfe8b:16;bne:#0x000153b1:8;bset.w:R0,0x9;bra:#0x000153b3:8;bclr.w:0x9,R0;btst.b:0x1,@0xfe8e:16;bne:#0x000153bd:8;bset.w:R0,0xa;bra:#0x000153bf:8;bclr.w:0xa,R0;btst.b:0x2,@0xf0db:16;beq:#0x000153c9:8;bset.w:R0,0xb;bra:#0x000153cb:8;bclr.w:0xb,R0;btst.b:0x3,@0xf0d8:16;beq:#0x000153d5:8;bset.w:R0,0xc;bra:#0x000153d7:8;bclr.w:0xc,R0;btst.b:0x4,@0xf0d8:16;beq:#0x000153e1:8;bset.w:R0,0xd;bra:#0x000153e3:8;bclr.w:0xd,R0;btst.b:0x1,@0xf0db:16;bne:#0x000153ed:8;bset.w:R0,0xe;bra:#0x000153ef:8;bclr.w:0xe,R0;btst.b:0x4,@0xf0da:16;beq:#0x000153f9:8;bset.w:R0,0xf;bra:#0x000153fb:8;bclr.w:0xf,R0;mov:g.w:R0,@0xf0f6:16;mov:g.w:@0xf0fc:16,R0;btst.b:0x3,@0xf0d9:16;beq:#0x0001540d:8;bset.w:R0,0x0;bra:#0x0001540f:8;bclr.w:0x0,R0;btst.b:0x2,@0xf0da:16;beq:#0x00015419:8;bset.w:R0,0x1;bra:#0x0001541b:8;bclr.w:0x1,R0;btst.b:0x1,@0xf0da:16;bne:#0x00015425:8;bset.w:R0,0x2;bra:#0x00015427:8;bclr.w:0x2,R0;btst.b:0x3,@0xf0d9:16;bne:#0x00015431:8;bset.w:R0,0x3;bra:#0x00015433:8;bclr.w:0x3,R0;btst.b:0x3,@0xf0db:16;beq:#0x0001543d:8;bset.w:R0,0x4;bra:#0x0001543f:8;bclr.w:0x4,R0;btst.b:0x3,@0xfe8e:16;beq:#0x00015449:8;bset.w:R0,0x5;bra:#0x0001544b:8;bclr.w:0x5,R0;btst.b:0x2,@0xf0da:16;bne:#0x00015455:8;bset.w:R0,0x6;bra:#0x00015457:8;bclr.w:0x6,R0;btst.b:0x1,@0xf0da:16;bne:#0x00015461:8;bset.w:R0,0x7;bra:#0x00015463:8;bclr.w:0x7,R0;btst.b:0x2,@0xf0d8:16;beq:#0x0001546d:8;bset.w:R0,0x9;bra:#0x0001546f:8;bclr.w:0x9,R0;mov:g.w:R0,@0xf0fc:16;mov:g.w:@SP+,R0;prts:;
00015477,compose_status_word_f102,mov:g.w:R0,@-SP;mov:g.w:R1,@-SP;mov:g.w:@0xf102:16,R1;btst.b:0x4,@0xfe8a:16;bne:#0x00015489:8;bset.w:R1,0x0;bra:#0x0001548b:8;bclr.w:0x0,R1;btst.b:0x2,@0xfe87:16;bne:#0x00015495:8;bset.w:R1,0x1;bra:#0x00015497:8;bclr.w:0x1,R1;btst.b:0x4,@0xf0d8:16;bne:#0x000154a1:8;bset.w:R1,0x3;bra:#0x000154a3:8;bclr.w:0x3,R1;btst.b:0x0,@0xf0da:16;bne:#0x000154ad:8;bset.w:R1,0x2;bra:#0x000154af:8;bclr.w:0x2,R1;btst.b:0x1,@0xf0d9:16;beq:#0x000154b9:8;bset.w:R1,0x4;bra:#0x000154bb:8;bclr.w:0x4,R1;btst.b:0x3,@0xfe8e:16;beq:#0x000154c5:8;bset.w:R1,0x5;bra:#0x000154c7:8;bclr.w:0x5,R1;btst.b:0x0,@0xf0d8:16;bne:#0x000154d1:8;bset.w:R1,0x6;bra:#0x000154d3:8;bclr.w:0x6,R1;btst.b:0x0,@0xf0db:16;beq:#0x000154dd:8;bset.w:R1,0x7;bra:#0x000154df:8;bclr.w:0x7,R1;btst.b:0x0,@0xf0d9:16;beq:#0x000154e9:8;bset.w:R1,0x8;bra:#0x000154eb:8;bclr.w:0x8,R1;btst.b:0x4,@0xf0db:16;beq:#0x000154f5:8;bset.w:R1,0x9;bra:#0x000154f7:8;bclr.w:0x9,R1;bclr.w:0xa,R1;pjsr:@0x16110:24;tst.w:R0;beq:#0x00015503:8;bset.w:R1,0xa;btst.b:0x0,@0xfe8e:16;bne:#0x0001550d:8;bset.w:R1,0xb;bra:#0x0001550f:8;bclr.w:0xb,R1;btst.b:0x4,@0xf0da:16;beq:#0x00015519:8;bset.w:R1,0xc;bra:#0x0001551b:8;bclr.w:0xc,R1;btst.b:0x3,@0xf0da:16;beq:#0x00015525:8;bset.w:R1,0xd;bra:#0x00015527:8;bclr.w:0xd,R1;btst.b:0x1,@0xf0d8:16;bne:#0x00015531:8;bset.w:R1,0xe;bra:#0x00015533:8;bclr.w:0xe,R1;mov:g.w:R1,@0xf102:16;mov:g.w:@SP+,R1;mov:g.w:@SP+,R0;prts:;
0001553d,check_flag_fe96_bit7_clear,clr.w:R0;btst.b:0x7,@0xfe96:16;bne:#0x00015547:8;add:q.w:#1,R0;prts:;
00015549,check_flag_f0d8_bit0_clear,clr.w:R0;btst.b:0x0,@0xf0d8:16;bne:#0x00015553:8;add:q.w:#1,R0;prts:;
00015555,check_flag_fe87_bit1_clear,clr.w:R0;btst.b:0x1,@0xfe87:16;bne:#0x0001555f:8;add:q.w:#1,R0;prts:;
00015561,check_flag_fe8a_bit1_set,clr.w:R0;btst.b:0x1,@0xfe8a:16;beq:#0x0001556b:8;add:q.w:#1,R0;prts:;
0001556d,adc_read_sequence_main,mov:g.w:R0,@-SP;mov:i:#0x0:16,R0;pjsr:@0x15b0d:24;shlr.w:R0;shlr.w:R0;shlr.w:R0;shlr.w:R0;shlr.w:R0;shlr.w:R0;mov:g.w:R0,@0xf10a:16;shlr.w:R0;shlr.w:R0;mov:g.w:R0,@0xf108:16;mov:i:#0x1:16,R0;pjsr:@0x15b0d:24;swap.b:R0;extu.b:R0;mov:g.w:R0,@0xf116:16;mov:i:#0x2:16,R0;pjsr:@0x15b0d:24;swap.b:R0;extu.b:R0;mov:g.w:R0,@0xf84e:16;mov:g.w:@0xf84e:16,R0;tst.b:@0x2c1:16;beq:#0x000155b9:8;mov:i:#0xcd:16,R0;mov:g.w:R0,@0xf12e:16;stc.w:SR,@-SP;orc.w:0x700,SR;bset.b:@0xfe97:16,0x0;mov:i:#0x3:16,R0;pjsr:@0x15b0d:24;swap.b:R0;extu.b:R0;mov:g.w:R0,@0xf11e:16;mov:i:#0x4:16,R0;pjsr:@0x15b0d:24;swap.b:R0;extu.b:R0;mov:g.w:R0,@0xf122:16;ldc.w:@SP+ ,SR;stc.w:SR,@-SP;orc.w:0x700,SR;bclr.b:0x0,@0xfe97:16;mov:i:#0x3:16,R0;pjsr:@0x15b0d:24;swap.b:R0;extu.b:R0;mov:g.w:R0,@0xf120:16;mov:i:#0x4:16,R0;pjsr:@0x15b0d:24;swap.b:R0;extu.b:R0;mov:g.w:R0,@0xf124:16;ldc.w:@SP+ ,SR;mov:i:#0xb:16,R0;pjsr:@0x15b0d:24;swap.b:R0;extu.b:R0;mov:g.w:R0,@0xf15e:16;stc.w:SR,@-SP;orc.w:0x700,SR;bset.b:@0xfe97:16,0x0;mov:i:#0x8:16,R0;pjsr:@0x15b0d:24;swap.b:R0;extu.b:R0;mov:g.w:R0,@0xf160:16;ldc.w:@SP+ ,SR;mov:i:#0xa:16,R0;pjsr:@0x15b0d:24;swap.b:R0;extu.b:R0;mov:g.w:R0,@0xf162:16;mov:i:#0x9:16,R0;pjsr:@0x15b0d:24;swap.b:R0;extu.b:R0;mov:g.w:R0,@0xf16a:16;mov:i:#0x9:16,R0;pjsr:@0x15b0d:24;swap.b:R0;extu.b:R0;mov:g.w:R0,@0xf166:16;mov:g.w:@SP+,R0;prts:;
0001566c,adc_channel_read_and_store_f16e,mov:g.w:R0,@-SP;mov:i:#0xb:16,R0;pjsr:@0x15b0d:24;shlr.w:R0;shlr.w:R0;shlr.w:R0;shlr.w:R0;shlr.w:R0;shlr.w:R0;mov:g.w:R0,@0xf16e:16;mov:g.w:@SP+,R0;prts:;
00015689,adc_read_sequence_b,mov:g.w:R0,@-SP;mov:i:#0x5:16,R0;pjsr:@0x15b0d:24;swap.b:R0;extu.b:R0;mov:g.w:R0,@0xf13a:16;mov:i:#0x7:16,R0;pjsr:@0x15b0d:24;swap.b:R0;extu.b:R0;mov:g.w:R0,@0xf13c:16;mov:g.w:@SP+,R0;prts:;
000156ad,adc_read_channel_6,mov:g.w:R0,@-SP;mov:i:#0x6:16,R0;pjsr:@0x15b0d:24;swap.b:R0;extu.b:R0;mov:g.w:R0,@0xf15c:16;mov:g.w:@SP+,R0;prts:;
000156c2,zero_var_f15a,clr.w:@0xf15a:16;prts:;
000156c8,identity_passthrough_u16_b,mov:g.w:R0,@-SP;mov:g.w:@SP+,R0;prts:;
000156ce,mirror_status_f0e6_to_ports,mov:g.w:R0,@-SP;mov:g.w:@0xf0e6:16,R0;tst.b:@0x2e6:16;bne:#0x000156e8:8;btst.w:0x7,R0;beq:#0x000156e4:8;bset.b:@0xfe82:16,0x5;bra:#0x000156e8:8;bclr.b:0x5,@0xfe82:16;btst.w:0x0,R0;beq:#0x000156f2:8;bset.b:@0xfe82:16,0x4;bra:#0x000156f6:8;bclr.b:0x4,@0xfe82:16;btst.w:0x3,R0;bne:#0x00015700:8;bset.b:@0xfe97:16,0x3;bra:#0x00015704:8;bclr.b:0x3,@0xfe97:16;tst.b:@0x2ee:16;beq:#0x00015718:8;btst.w:0x1,R0;beq:#0x00015714:8;bset.b:@0xfe83:16,0x7;bra:#0x00015718:8;bclr.b:0x7,@0xfe83:16;tst.b:@0x2ed:16;beq:#0x00015742:8;btst.b:0x3,@0x2ed:16;bne:#0x00015734:8;btst.w:0x2,R0;bne:#0x0001572e:8;bset.b:@0xfe87:16,0x7;bra:#0x00015732:8;bclr.b:0x7,@0xfe87:16;bra:#0x00015742:8;btst.w:0x2,R0;beq:#0x0001573e:8;bset.b:@0xfe87:16,0x7;bra:#0x00015742:8;bclr.b:0x7,@0xfe87:16;cmp:g.b:#0x1:8,@0x2e4:16;bne:#0x00015765:8;btst.w:0x4,R0;beq:#0x00015753:8;bset.b:@0xfe87:16,0x4;bra:#0x00015757:8;bclr.b:0x4,@0xfe87:16;btst.w:0x5,R0;beq:#0x00015761:8;bset.b:@0xfe97:16,0x6;bra:#0x00015765:8;bclr.b:0x6,@0xfe97:16;btst.w:0x6,R0;beq:#0x0001576f:8;bset.b:@0xfe97:16,0x7;bra:#0x00015773:8;bclr.b:0x7,@0xfe97:16;btst.w:0x3,@0xf1f6:16;beq:#0x00015787:8;btst.w:0xd,R0;bne:#0x00015783:8;bset.b:@0xfe8b:16,0x2;bra:#0x00015787:8;bclr.b:0x2,@0xfe8b:16;mov:g.w:@0xf0e8:16,R0;mov:g.w:@SP+,R0;prts:;
0001578f,mirror_status_f0ea_to_ports,mov:g.w:R0,@-SP;mov:g.w:@0xf0ea:16,R0;btst.w:0x0,R0;beq:#0x0001579f:8;bset.b:@0xfe8e:16,0x6;bra:#0x000157a3:8;bclr.b:0x6,@0xfe8e:16;tst.b:@0x2c8:16;bne:#0x000157b7:8;btst.w:0x1,R0;bne:#0x000157b3:8;bset.b:@0xfe87:16,0x6;bra:#0x000157b7:8;bclr.b:0x6,@0xfe87:16;btst.w:0xd,@0xf1f2:16;beq:#0x000157d9:8;btst.w:0x2,R0;beq:#0x000157c7:8;bset.b:@0xfe82:16,0x6;bra:#0x000157cb:8;bclr.b:0x6,@0xfe82:16;btst.w:0x3,R0;beq:#0x000157d5:8;bset.b:@0xfe82:16,0x7;bra:#0x000157d9:8;bclr.b:0x7,@0xfe82:16;tst.b:@0x2c2:16;beq:#0x000157fb:8;btst.w:0x4,R0;bne:#0x000157e9:8;bset.b:@0xfe87:16,0x6;bra:#0x000157ed:8;bclr.b:0x6,@0xfe87:16;btst.w:0x5,R0;bne:#0x000157f7:8;bset.b:@0xfe87:16,0x5;bra:#0x000157fb:8;bclr.b:0x5,@0xfe87:16;btst.w:0x7,R0;beq:#0x00015805:8;bset.b:@0xfe93:16,0x0;bra:#0x00015809:8;bclr.b:0x0,@0xfe93:16;tst.b:@0x2e3:16;beq:#0x0001581d:8;btst.w:0x6,R0;beq:#0x00015819:8;bset.b:@0xfe83:16,0x6;bra:#0x0001581d:8;bclr.b:0x6,@0xfe83:16;tst.b:@0x2f3:16;beq:#0x0001583f:8;btst.w:0x9,R0;beq:#0x0001582d:8;bset.b:@0xfe83:16,0x5;bra:#0x00015831:8;bclr.b:0x5,@0xfe83:16;btst.w:0x8,R0;beq:#0x0001583b:8;bset.b:@0xfe83:16,0x4;bra:#0x0001583f:8;bclr.b:0x4,@0xfe83:16;btst.w:0x3,@0xf1f4:16;beq:#0x00015853:8;btst.w:0xa,R0;beq:#0x0001584f:8;bset.b:@0xfe8a:16,0x0;bra:#0x00015853:8;bclr.b:0x0,@0xfe8a:16;mov:g.w:@SP+,R0;prts:;
00015857,update_flag_fe97_bit2_cond,btst.w:0x7,@0xf1f2:16;beq:#0x00015875:8;stc.w:SR,@-SP;orc.w:0x700,SR;btst.w:0x1,@0xf0ec:16;beq:#0x0001586f:8;bset.b:@0xfe97:16,0x2;bra:#0x00015873:8;bclr.b:0x2,@0xfe97:16;ldc.w:@SP+ ,SR;prts:;
00015877,update_flag_fe82_bit2_cond,tst.b:@0x2eb:16;beq:#0x00015895:8;stc.w:SR,@-SP;orc.w:0x700,SR;btst.w:0x0,@0xf0ec:16;bne:#0x0001588f:8;bset.b:@0xfe82:16,0x2;bra:#0x00015893:8;bclr.b:0x2,@0xfe82:16;ldc.w:@SP+ ,SR;prts:;
00015897,toggle_flag_fe8b_bit4,bnot.b:@0xfe8b:16,0x4;prts:;
0001589d,clear_flag_fe93_bit4,bclr.b:0x4,@0xfe93:16;prts:;
000158a7,update_port_fe82_indexed,mov:g.w:R0,@-SP;mov:g.w:R4,@-SP;stc.b:EP,@-SP;stc.w:SR,@-SP;orc.w:0x700,SR;mov:g.w:@0xeed2:16,R4;and.w:0x3,R4;ldc.b:0x1,EP;mov:g.b:@0xfe82:16,R0;and.b:0xfc,R0;or.b:@(0x58a3:16,R4) ,R0;mov:g.b:R0,@0xfe82:16;ldc.w:@SP+ ,SR;ldc.b:@SP+ ,EP;mov:g.w:@SP+,R4;mov:g.w:@SP+,R0;prts:;
000158d7,software_pwm_output_scheduler,mov:g.w:R0,@-SP;mov:g.w:R1,@-SP;mov:g.w:@0xf0f0:16,R0;add:q.w:#1,R0;cmp:i:#0x30:16,R0;blo:#0x000158e8:8;clr.w:R0;mov:g.w:R0,@0xf0f0:16;tst.b:@0x2de:16;beq:#0x00015914:8;mov:g.w:@0xf448:16,R0;mulxu.w:0x3,R0;shlr.w:R1;shlr.w:R1;shlr.w:R1;addx.w:0x0,R1;cmp:g.w:@0xf0f0:16,R1;bls:#0x00015910:8;bset.b:@0xfe82:16,0x3;bra:#0x00015914:8;bclr.b:0x3,@0xfe82:16;btst.w:0xc,@0xf1f2:16;beq:#0x0001593c:8;mov:g.w:@0xf45c:16,R0;mulxu.w:0x3,R0;shlr.w:R1;shlr.w:R1;shlr.w:R1;addx.w:0x0,R1;cmp:g.w:@0xf0f0:16,R1;bls:#0x00015938:8;bset.b:@0xfe93:16,0x2;bra:#0x0001593c:8;bclr.b:0x2,@0xfe93:16;btst.w:0xe,@0xf1f2:16;beq:#0x000159dd:16;mov:g.w:@0xf452:16,R0;mulxu.w:0x3,R0;shlr.w:R1;shlr.w:R1;shlr.w:R1;addx.w:0x0,R1;cmp:g.w:@0xf0f0:16,R1;bls:#0x00015961:8;bset.b:@0xfe83:16,0x0;bra:#0x00015965:8;bclr.b:0x0,@0xfe83:16;btst.w:0x2,@0xf1f2:16;beq:#0x0001598d:8;mov:g.w:@0xf456:16,R0;mulxu.w:0x3,R0;shlr.w:R1;shlr.w:R1;shlr.w:R1;addx.w:0x0,R1;cmp:g.w:@0xf0f0:16,R1;bls:#0x00015989:8;bset.b:@0xfe83:16,0x2;bra:#0x0001598d:8;bclr.b:0x2,@0xfe83:16;btst.w:0x1,@0xf1f2:16;beq:#0x000159dd:8;mov:g.w:@0xf454:16,R0;mulxu.w:0x3,R0;shlr.w:R1;shlr.w:R1;shlr.w:R1;addx.w:0x0,R1;cmp:g.w:@0xf0f0:16,R1;bls:#0x000159b1:8;bset.b:@0xfe83:16,0x1;bra:#0x000159b5:8;bclr.b:0x1,@0xfe83:16;btst.w:0x2,@0xf1f2:16;beq:#0x000159dd:8;mov:g.w:@0xf458:16,R0;mulxu.w:0x3,R0;shlr.w:R1;shlr.w:R1;shlr.w:R1;addx.w:0x0,R1;cmp:g.w:@0xf0f0:16,R1;bls:#0x000159d9:8;bset.b:@0xfe83:16,0x3;bra:#0x000159dd:8;bclr.b:0x3,@0xfe83:16;mov:g.w:@0xf44c:16,R0;mulxu.w:0x30,R0;divxu.w:0xc8,R0;cmp:i:#0x64:16,R0;blo:#0x000159f0:8;add:q.w:#1,R1;cmp:g.w:@0xf0f0:16,R1;bls:#0x000159fc:8;bset.b:@0xfe93:16,0x1;bra:#0x00015a00:8;bclr.b:0x1,@0xfe93:16;mov:g.w:@SP+,R1;mov:g.w:@SP+,R0;prts:;
00015a06,serial_fef9_duty_scale_and_set,mov:g.w:R0,@-SP;mov:g.w:R1,@-SP;cmp:g.b:#0x2:8,@0x2e4:16;bne:#0x00015a19:8;mov:g.w:@0xf494:16,R0;pjsr:@0x16c33:24;mov:g.w:@0xf450:16,R0;mulxu.w:0xfa,R0;divxu.w:0xff,R0;shll.w:R0;cmp:i:#0xff:16,R0;blo:#0x00015a2e:8;add:q.w:#1,R1;mov:g.w:R1,R0;pjsr:@0x16512:24;mov:g.w:@SP+,R1;mov:g.w:@SP+,R0;prts:;
00015a3a,init_scale_factor_f9ac,mov:g.w:R0,@-SP;mov:g.w:R1,@-SP;tst.b:@0x2e2:16;beq:#0x00015a66:8;mov:g.w:@(0x8:8,SP),R0;mulxu.w:0x61a8,R0;divxu.w:0x100,R0;bvc:#0x00015a54:8;mov:i:#0x61a8:16,R1;stc.w:SR,@-SP;orc.w:0x700,SR;mov:g.w:#0x61a8:16,@0xf9aa:16;mov:g.w:R1,@0xf9ac:16;ldc.w:@SP+ ,SR;mov:g.w:@SP+,R1;mov:g.w:@SP+,R0;prts:;
00015a6c,identity_passthrough_arg1_unused,mov:g.w:R0,@-SP;mov:g.w:R1,@-SP;mov:g.w:@SP+,R1;mov:g.w:@SP+,R0;prts:;
00015a76,peripheral_regs_ff2x_ff9x_bulk_zero_init,orc.w:0x700,SR;bclr.b:0x7,@0xff15:16;bclr.b:0x5,@0xff15:16;clr.w:@0xfe80:16;clr.w:@0xfe84:16;clr.w:@0xfe88:16;clr.b:@0xfe8c:16;clr.b:@0xfe91:16;clr.w:@0xfe94:16;clr.b:@0xff21:16;clr.b:@0xff31:16;clr.b:@0xff22:16;clr.b:@0xff32:16;clr.b:@0xff24:16;clr.b:@0xff34:16;clr.b:@0xff41:16;clr.b:@0xff42:16;clr.b:@0xff44:16;clr.b:@0xff51:16;clr.b:@0xff52:16;clr.b:@0xff54:16;clr.b:@0xff61:16;clr.b:@0xff62:16;clr.b:@0xff64:16;clr.b:@0xff71:16;clr.b:@0xff72:16;clr.b:@0xff74:16;clr.b:@0xff81:16;clr.b:@0xff82:16;clr.b:@0xff84:16;clr.b:@0xff91:16;clr.b:@0xff92:16;clr.b:@0xff94:16;clr.w:@0xfeda:16;sleep:;
00015aff,init_reg_feb8_feb9,mov:g.b:#0x0:8,@0xfeb8:16;mov:g.b:#0x40:8,@0xfeb9:16;prts:;
00015b0b,noop_return_void,prts:;
00015b0d,adc_channel_convert_and_read,stc.w:SR,@-SP;orc.w:0x700,SR;mov:g.b:#0x40:8,@0xfeb9:16;and.b:0xf,R0;cmp:e:#0xb:8,R0;bls:#0x00015b21:8;mov:e:#0xb:8,R0;mov:g.b:R0,@0xfeb8:16;extu.b:R0;shll.b:R0;bset.b:@0xfeb9:16,0x5;btst.b:0x7,@0xfeb8:16;beq:#0x00015b2d:8;mov:g.w:@(-0x160:16,R0),R0;bclr.b:0x7,@0xfeb8:16;ldc.w:@SP+ ,SR;prts:;
00015b3f,init_state_block_f97a,mov:g.w:R0,@-SP;clr.w:@0xf992:16;clr.w:@0xf97a:16;clr.w:@0xf97c:16;mov:g.w:#0xa000:16,@0xf996:16;mov:g.w:#0xff58:16,@0xf998:16;mov:g.w:#0xf97a:16,@0xf99a:16;mov:g.w:#0xc:8,@0xf99c:16;mov:g.w:#0xc:8,@0xf994:16;mov:g.w:#0xc:8,@0xf99e:16;bset.b:@0xff52:16,0x0;bset.b:@0xff51:16,0x1;bclr.b:0x0,@0xff51:16;clr.w:R0;mov:g.w:R0,@0xf1ba:16;mov:g.w:R0,@0xf1dc:16;mov:g.w:@0xf992:16,R0;mov:g.w:R0,@0xf1d4:16;mov:g.w:@SP+,R0;prts:;
00015b90,init_flags_ff51_52,bset.b:@0xff52:16,0x0;bset.b:@0xff51:16,0x1;bclr.b:0x0,@0xff51:16;prts:;
00015b9e,sci1_timing_period_tracker,pjsr:@0x15c0a:24;mov:g.w:@0xf97c:16,R2;mov:g.w:R2,R1;sub.w:@0xf97a:16,R1;mov:g.w:R1,@0xf1d8:16;mov:g.w:R2,R1;sub.w:R0,R1;bmi:#0x00015bdb:8;beq:#0x00015bdb:8;cmp:i:#0x4b:16,R1;bhi:#0x00015bdb:8;mov:g.w:@0xf992:16,R1;add:q.w:#-1,R1;mov:g.w:R1,R2;sub.w:@0xf1d4:16,R1;mov:g.w:R1,@0xf1d2:16;mov:g.w:R2,@0xf1d4:16;sub.w:@0xf97a:16,R0;mov:g.w:R0,@0xf1da:16;bra:#0x00015bf5:8;mov:g.w:@0xf992:16,R1;mov:g.w:R1,R2;sub.w:@0xf1d4:16,R1;mov:g.w:R1,@0xf1d2:16;mov:g.w:R2,@0xf1d4:16;sub.w:@0xf97c:16,R0;mov:g.w:R0,@0xf1da:16;cmp:g.b:#0x32:8,@0xef64:16;blo:#0x00015c08:8;mov:g.w:#0xffff:16,@0xf1d8:16;mov:g.w:#0xffff:16,@0xf1da:16;prts:;
00015c0a,isr_sci1_eri_reset_timeout,mov:g.w:R0,@-SP;mov:g.w:R1,@-SP;stc.w:SR,@-SP;orc.w:0x700,SR;mov:g.w:@0xf994:16,R0;sub.w:@0xf99c:16,R0;blo:#0x00015c26:8;add:g.w:@0xf992:16,R0;mov:g.w:R0,@0xf992:16;mov:i:#0xa:16,R0;sub.w:@0xf99c:16,R0;blo:#0x00015c4c:8;shll.w:R0;mov:g.w:@(-0x686:16,R0),R1;mov:g.w:R1,@0xf97a:16;mov:g.w:@(-0x684:16,R0),R1;mov:g.w:R1,@0xf97c:16;mov:g.w:#0xf97e:16,@0xf99a:16;mov:g.w:#0xa:8,@0xf99c:16;mov:g.w:#0xa000:16,@0xf996:16;mov:g.w:#0xff58:16,@0xf998:16;mov:g.w:@0xf99c:16,R0;mov:g.w:R0,@0xf994:16;mov:g.w:R0,@0xf99e:16;ldc.w:@SP+ ,SR;mov:g.w:@SP+,R1;mov:g.w:@SP+,R0;prts:;
00015c6c,detect_sci1_param_change_reset,mov:g.w:R0,@-SP;stc.w:SR,@-SP;orc.w:0x700,SR;mov:g.w:@0xf992:16,R0;cmp:g.w:@0xf1d6:16,R0;bne:#0x00015c88:8;mov:g.w:@0xf99c:16,R0;cmp:g.w:@0xf99e:16,R0;beq:#0x00015ca4:8;clr.w:@0xef64:16;mov:g.w:@0xf56:16,R0;mov:g.w:R0,@0xef96:16;mov:g.w:@0xf992:16,R0;mov:g.w:R0,@0xf1d6:16;mov:g.w:@0xf99c:16,R0;mov:g.w:R0,@0xf99e:16;ldc.w:@SP+ ,SR;mov:g.w:@SP+,R0;prts:;
00015caa,isr_sci1_eri,stc.b:EP,@-SP;stc.b:DP,@-SP;ldc.b:0x0,DP;ldc.b:0x0,EP;pjsr:@0x15c0a:24;ldc.b:@SP+ ,DP;ldc.b:@SP+ ,EP;rte:;
00015cbd,timer_block_cold_init,mov:g.w:R0,@-SP;mov:g.b:#0x6:8,@0xff20:16;mov:g.b:#0x6:8,@0xff40:16;mov:g.b:#0x6:8,@0xff50:16;mov:g.b:#0x2:8,@0xff60:16;mov:g.b:#0x7f:8,@0xff30:16;bclr.b:0x5,@0xff41:16;bclr.b:0x4,@0xff41:16;bclr.b:0x5,@0xff51:16;bclr.b:0x4,@0xff51:16;bclr.b:0x5,@0xff61:16;bclr.b:0x4,@0xff61:16;bclr.b:0x4,@0xff42:16;bclr.b:0x4,@0xff52:16;bclr.b:0x4,@0xff62:16;mov:g.b:#0x3:8,@0xff25:16;clr.w:@0xff26:16;mov:g.b:#0x0:8,@0xff25:16;bclr.b:0x5,@0xff64:16;bclr.b:0x4,@0xff64:16;mov:g.w:@0xff66:16,R0;add:g.w:0x1388,R0;mov:g.w:R0,@0xff6c:16;bclr.b:0x2,@0xff63:16;bset.b:@0xff62:16,0x2;bclr.b:0x5,@0xff54:16;bclr.b:0x4,@0xff54:16;bclr.b:0x2,@0xff52:16;mov:g.w:@SP+,R0;prts:;
00015d36,timer_block_cold_init_b,mov:g.b:#0x6:8,@0xff20:16;mov:g.b:#0x6:8,@0xff40:16;mov:g.b:#0x6:8,@0xff50:16;mov:g.b:#0x2:8,@0xff60:16;mov:g.b:#0x7f:8,@0xff30:16;bclr.b:0x5,@0xff41:16;bclr.b:0x4,@0xff41:16;bclr.b:0x5,@0xff51:16;bclr.b:0x4,@0xff51:16;bclr.b:0x5,@0xff61:16;bclr.b:0x4,@0xff61:16;bclr.b:0x4,@0xff42:16;bclr.b:0x4,@0xff52:16;bclr.b:0x4,@0xff62:16;mov:g.b:#0x0:8,@0xff25:16;bclr.b:0x5,@0xff64:16;bclr.b:0x4,@0xff64:16;bset.b:@0xff62:16,0x2;bclr.b:0x5,@0xff54:16;bclr.b:0x4,@0xff54:16;bclr.b:0x2,@0xff52:16;prts:;
00015d92,isr_sci2_eri,stm:(R0 R1 R2 R3 R4 R5 FP ),@-SP;stc.b:EP,@-SP;stc.b:DP,@-SP;ldc.b:0x0,DP;ldc.b:0x0,EP;stc.w:SR,@-SP;orc.w:0x700,SR;mov:g.w:@0xff6c:16,R0;add:g.w:0x12c0,R0;cmp:g.w:@0xff66:16,R0;bpl:#0x00015db6:8;mov:g.w:@0xff66:16,R0;add:g.w:0xc8,R0;mov:g.w:R0,@0xff6c:16;bclr.b:0x2,@0xff63:16;ldc.w:@SP+ ,SR;pjsr:@0x2aa36:24;ldc.b:@SP+ ,DP;ldc.b:@SP+ ,EP;ldm.w:@SP+,(FP R5 R4 R3 R2 R1 R0 );rte:;
00015dd0,timer_ff41_ff44_ff4a_cold_init,mov:g.w:R0,@-SP;bclr.b:0x2,@0xff41:16;bclr.b:0x3,@0xff41:16;mov:g.b:#0xa8:8,@0xff44:16;mov:g.w:@0xff46:16,R0;add:q.w:#2,R0;mov:g.w:R0,@0xff4a:16;mov:g.w:R0,@0xff4c:16;mov:g.w:R0,@0xff4e:16;bset.b:@0xff42:16,0x1;bset.b:@0xff42:16,0x2;bclr.b:0x3,@0xff42:16;mov:g.w:@SP+,R0;prts:;
00015e01,timer_ff41_ff42_warm_init,bclr.b:0x2,@0xff41:16;bclr.b:0x3,@0xff41:16;bset.b:@0xff42:16,0x1;bset.b:@0xff42:16,0x2;bclr.b:0x3,@0xff42:16;prts:;
00015e17,sci3_timeout_set_abort,mov:g.w:R0,@-SP;mov:g.w:R1,@-SP;stc.w:SR,@-SP;orc.w:0x700,SR;mov:g.w:@(0xc:8,SP),R1;mov:g.w:@0xff46:16,R0;add:g.w:0x5,R0;cmp:g.w:R0,R1;bpl:#0x00015e32:8;mov:g.w:R0,R1;mov:g.w:@(0xa:8,SP),R0;btst.w:0x0,R0;beq:#0x00015e49:8;mov:g.w:R1,@0xff4a:16;bclr.b:0x1,@0xff43:16;bset.b:@0xff44:16,0x2;bclr.b:0x3,@0xff44:16;btst.w:0x1,R0;beq:#0x00015e5d:8;mov:g.w:R1,@0xff4c:16;bclr.b:0x2,@0xff43:16;bset.b:@0xff44:16,0x4;bclr.b:0x5,@0xff44:16;btst.w:0x2,R0;beq:#0x00015e71:8;mov:g.w:R1,@0xff4e:16;bclr.b:0x3,@0xff43:16;bset.b:@0xff44:16,0x6;bclr.b:0x7,@0xff44:16;ldc.w:@SP+ ,SR;mov:g.w:@SP+,R1;mov:g.w:@SP+,R0;prts:;
00015e79,sci3_timeout_set_retry,mov:g.w:R0,@-SP;mov:g.w:R1,@-SP;stc.w:SR,@-SP;orc.w:0x700,SR;mov:g.w:@(0xc:8,SP),R1;mov:g.w:@0xff46:16,R0;add:g.w:0x5,R0;cmp:g.w:R0,R1;bpl:#0x00015e94:8;mov:g.w:R0,R1;mov:g.w:@(0xa:8,SP),R0;btst.w:0x0,R0;beq:#0x00015eab:8;mov:g.w:R1,@0xff4a:16;bclr.b:0x1,@0xff43:16;bset.b:@0xff44:16,0x3;bclr.b:0x2,@0xff44:16;btst.w:0x1,R0;beq:#0x00015ebf:8;mov:g.w:R1,@0xff4c:16;bclr.b:0x2,@0xff43:16;bset.b:@0xff44:16,0x5;bclr.b:0x4,@0xff44:16;btst.w:0x2,R0;beq:#0x00015ed3:8;mov:g.w:R1,@0xff4e:16;bclr.b:0x3,@0xff43:16;bset.b:@0xff44:16,0x7;bclr.b:0x6,@0xff44:16;ldc.w:@SP+ ,SR;mov:g.w:@SP+,R1;mov:g.w:@SP+,R0;prts:;
00015edb,sci3_timeout_clear_flag,mov:g.w:R0,@-SP;mov:g.w:R1,@-SP;stc.w:SR,@-SP;orc.w:0x700,SR;mov:g.w:@(0xa:8,SP),R0;mov:g.w:@0xff46:16,R1;add:q.w:#-1,R1;btst.w:0x0,R0;beq:#0x00015efa:8;mov:g.w:R1,@0xff4a:16;bclr.b:0x1,@0xff43:16;btst.w:0x1,R0;beq:#0x00015f06:8;mov:g.w:R1,@0xff4c:16;bclr.b:0x2,@0xff43:16;btst.w:0x2,R0;beq:#0x00015f12:8;mov:g.w:R1,@0xff4e:16;bclr.b:0x3,@0xff43:16;ldc.w:@SP+ ,SR;mov:g.w:@SP+,R1;mov:g.w:@SP+,R0;prts:;
00015f1a,timer_ff44_ff4a_arm_channels_atomic,mov:g.w:R0,@-SP;mov:g.w:R1,@-SP;stc.w:SR,@-SP;orc.w:0x700,SR;mov:g.w:@(0xa:8,SP),R0;btst.w:0x0,R0;beq:#0x00015f3d:8;mov:g.w:@0xff46:16,R1;add:q.w:#2,R1;mov:g.w:R1,@0xff4a:16;bset.b:@0xff44:16,0x2;bclr.b:0x3,@0xff44:16;btst.w:0x1,R0;beq:#0x00015f53:8;mov:g.w:@0xff46:16,R1;add:q.w:#2,R1;mov:g.w:R1,@0xff4c:16;bset.b:@0xff44:16,0x4;bclr.b:0x5,@0xff44:16;btst.w:0x2,R0;beq:#0x00015f69:8;mov:g.w:@0xff46:16,R1;add:q.w:#2,R1;mov:g.w:R1,@0xff4e:16;bset.b:@0xff44:16,0x6;bclr.b:0x7,@0xff44:16;ldc.w:@SP+ ,SR;mov:g.w:@SP+,R1;mov:g.w:@SP+,R0;prts:;
00015f71,timer4_oc_arm_from_flags,mov:g.w:R0,@-SP;mov:g.w:R1,@-SP;stc.w:SR,@-SP;orc.w:0x700,SR;mov:g.w:@(0xa:8,SP),R0;btst.w:0x0,R0;beq:#0x00015f94:8;mov:g.w:@0xff46:16,R1;add:q.w:#2,R1;mov:g.w:R1,@0xff4a:16;bset.b:@0xff44:16,0x3;bclr.b:0x2,@0xff44:16;btst.w:0x1,R0;beq:#0x00015faa:8;mov:g.w:@0xff46:16,R1;add:q.w:#2,R1;mov:g.w:R1,@0xff4c:16;bset.b:@0xff44:16,0x5;bclr.b:0x4,@0xff44:16;btst.w:0x2,R0;beq:#0x00015fc0:8;mov:g.w:@0xff46:16,R1;add:q.w:#2,R1;mov:g.w:R1,@0xff4e:16;bset.b:@0xff44:16,0x7;bclr.b:0x6,@0xff44:16;ldc.w:@SP+ ,SR;mov:g.w:@SP+,R1;mov:g.w:@SP+,R0;prts:;
00015fc8,isr_sci3_rxi,orc.w:0x700,SR;stm:(R0 R1 R2 R3 R4 R5 FP ),@-SP;stc.b:EP,@-SP;stc.b:DP,@-SP;ldc.b:0x0,DP;ldc.b:0x0,EP;bclr.b:0x1,@0xff43:16;mov:g.w:#0x1:8,@-SP;pjsr:@0x2a8d3:24;add:q.w:#2,SP;ldc.b:@SP+ ,DP;ldc.b:@SP+ ,EP;ldm.w:@SP+,(FP R5 R4 R3 R2 R1 R0 );rte:;
00015fec,isr_sci3_txi,orc.w:0x700,SR;stm:(R0 R1 R2 R3 R4 R5 FP ),@-SP;stc.b:EP,@-SP;stc.b:DP,@-SP;ldc.b:0x0,DP;ldc.b:0x0,EP;btst.b:0x2,@0xff43:16;beq:#0x0001600f:8;bclr.b:0x2,@0xff43:16;mov:g.w:#0x2:8,@-SP;pjsr:@0x2a8d3:24;add:q.w:#2,SP;btst.b:0x3,@0xff43:16;beq:#0x00016022:8;bclr.b:0x3,@0xff43:16;mov:g.w:#0x4:8,@-SP;pjsr:@0x2a8d3:24;add:q.w:#2,SP;ldc.b:@SP+ ,DP;ldc.b:@SP+ ,EP;ldm.w:@SP+,(FP R5 R4 R3 R2 R1 R0 );rte:;
00016029,compose_status_bits_fe86_fe8a,stc.w:SR,@-SP;orc.w:0x700,SR;clr.w:R0;btst.b:0x5,@0xfe8a:16;bne:#0x0001603b:8;bset.w:R0,0x0;bra:#0x0001603d:8;bclr.w:0x0,R0;btst.b:0x4,@0xfe86:16;bne:#0x00016047:8;bset.w:R0,0x1;bra:#0x00016049:8;bclr.w:0x1,R0;btst.b:0x5,@0xfe86:16;bne:#0x00016053:8;bset.w:R0,0x2;bra:#0x00016055:8;bclr.w:0x2,R0;ldc.w:@SP+ ,SR;prts:;
00016059,peripheral_block_ff15_cold_init,mov:g.b:#0xa0:8,@0xff15:16;mov:g.b:#0x0:8,@0xff1b:16;mov:g.b:#0x0:8,@0xff1c:16;mov:g.b:#0x0:8,@0xff14:16;mov:g.b:#0x0:8,@0xfe9a:16;mov:g.w:#0xa507:16,@0xff10:16;mov:g.w:#0x5a00:16,@0xff10:16;mov:g.w:#0x5a00:16,@0xff1e:16;mov:g.b:#0x0:8,@0xff1a:16;mov:g.b:#0x0:8,@0xfee0:16;mov:g.b:#0x71:8,@0xfeec:16;clr.w:@0xf974:16;clr.w:@0xf976:16;prts:;
0001609d,peripheral_block_ff15_warm_init,mov:g.b:#0xa0:8,@0xff15:16;mov:g.b:#0x0:8,@0xff1b:16;mov:g.b:#0x0:8,@0xff1c:16;mov:g.b:#0x0:8,@0xff14:16;mov:g.b:#0x0:8,@0xfe9a:16;mov:g.w:#0xa507:16,@0xff10:16;mov:g.w:#0x5a00:16,@0xff10:16;mov:g.w:#0x5a00:16,@0xff1e:16;mov:g.b:#0x0:8,@0xff1a:16;mov:g.b:#0x0:8,@0xfee0:16;mov:g.b:#0x71:8,@0xfeec:16;prts:;
000160d9,isr_nmi,mov:g.w:R0,@-SP;stc.b:EP,@-SP;stc.b:DP,@-SP;ldc.b:0x0,DP;ldc.b:0x0,EP;tst.w:@0xf974:16;bne:#0x000160fb:8;mov:g.w:@(0x8:8,SP),R0;extu.b:R0;mov:g.w:R0,@0xf974:16;mov:g.w:@(0xa:8,SP),R0;mov:g.w:R0,@0xf976:16;ldc.b:@SP+ ,DP;ldc.b:@SP+ ,EP;mov:g.w:@SP+,R0;rte:;
00016102,peripheral_reg_ff1d_cold_init,mov:g.b:#0x8:8,@0xff1d:16;prts:;
00016109,peripheral_reg_ff1d_warm_init,mov:g.b:#0x8:8,@0xff1d:16;prts:;
00016110,latch_flag_read_fede_bit1,stc.w:SR,@-SP;orc.w:0x700,SR;clr.w:R0;btst.b:0x1,@0xfede:16;beq:#0x00016124:8;add:q.w:#1,R0;bclr.b:0x1,@0xfede:16;ldc.w:@SP+ ,SR;prts:;
00016128,check_flag_fede_bit2_clear_if_set,stc.w:SR,@-SP;orc.w:0x700,SR;clr.w:R0;btst.b:0x2,@0xfede:16;beq:#0x0001613c:8;add:q.w:#1,R0;bclr.b:0x2,@0xfede:16;ldc.w:@SP+ ,SR;prts:;
00016140,latch_flag_read_fede_bit3,stc.w:SR,@-SP;orc.w:0x700,SR;clr.w:R0;btst.b:0x3,@0xfede:16;beq:#0x00016154:8;add:q.w:#1,R0;bclr.b:0x3,@0xfede:16;ldc.w:@SP+ ,SR;prts:;
00016158,stub_empty_0x16158,prts:;
0001615a,stub_empty_0x1615a,prts:;
0001615c,propagate_flag_fe96_to_f0d8_db,mov:g.w:R0,@-SP;stc.w:SR,@-SP;orc.w:0x700,SR;bclr.b:0x0,@0xfe97:16;bclr.b:0x1,@0xfe97:16;nop:;nop:;nop:;nop:;mov:g.b:@0xfe96:16,R0;mov:g.b:R0,@0xf0d8:16;bset.b:@0xfe97:16,0x0;bclr.b:0x1,@0xfe97:16;nop:;nop:;nop:;nop:;mov:g.b:@0xfe96:16,R0;mov:g.b:R0,@0xf0d9:16;bclr.b:0x0,@0xfe97:16;bset.b:@0xfe97:16,0x1;nop:;nop:;nop:;nop:;mov:g.b:@0xfe96:16,R0;mov:g.b:R0,@0xf0da:16;bset.b:@0xfe97:16,0x0;bset.b:@0xfe97:16,0x1;nop:;nop:;nop:;nop:;mov:g.b:@0xfe96:16,R0;mov:g.b:R0,@0xf0db:16;ldc.w:@SP+ ,SR;mov:g.w:@SP+,R0;prts:;
000161ba,peripheral_block_ff90_cold_init,mov:g.b:#0x1e:8,@0xff90:16;mov:g.b:#0x0:8,@0xff91:16;mov:g.b:#0x0:8,@0xff92:16;mov:g.b:#0x0:8,@0xff94:16;prts:;
000161d0,peripheral_block_ff90_warm_init,mov:g.b:#0x1e:8,@0xff90:16;mov:g.b:#0x0:8,@0xff91:16;mov:g.b:#0x0:8,@0xff92:16;mov:g.b:#0x0:8,@0xff94:16;prts:;
000161e6,scale_counter_ff96_to_byte_clamped,mov:g.w:R1,@-SP;stc.w:SR,@-SP;orc.w:0x700,SR;mov:g.w:@0xff96:16,R0;clr.w:@0xff96:16;btst.b:0x2,@0xff93:16;beq:#0x00016203:8;mov:i:#0xffff:16,R0;bclr.b:0x2,@0xff93:16;mulxu.w:0x7d,R0;tst.w:R0;bne:#0x00016219:8;mov:g.w:R1,R0;add:g.w:0x80,R0;blo:#0x00016219:8;swap.b:R0;extu.b:R0;bra:#0x0001621c:8;mov:i:#0xff:16,R0;ldc.w:@SP+ ,SR;mov:g.w:@SP+,R1;prts:;
00016222,init_state_block_ff21,mov:g.w:R0,@-SP;stc.w:SR,@-SP;orc.w:0x700,SR;mov:g.b:#0x0:8,@0xff21:16;mov:g.b:#0x0:8,@0xff31:16;mov:g.b:#0x0:8,@0xff22:16;mov:g.b:#0x0:8,@0xff32:16;mov:g.b:#0x50:8,@0xff24:16;mov:g.b:#0x55:8,@0xff34:16;mov:g.w:@0xff26:16,R0;add:q.w:#2,R0;mov:g.w:R0,@0xff2c:16;mov:g.w:R0,@0xff2e:16;mov:g.w:R0,@0xff3c:16;mov:g.w:R0,@0xff3e:16;mov:g.w:R0,@0xff38:16;mov:g.w:R0,@0xff3a:16;ldc.w:@SP+ ,SR;mov:g.w:@SP+,R0;prts:;
0001626c,peripheral_block_ff21_warm_init,mov:g.w:R0,@-SP;mov:g.b:#0x0:8,@0xff21:16;mov:g.b:#0x0:8,@0xff31:16;mov:e:#0x0:8,R0;mov:g.b:R0,@0xff22:16;mov:g.b:#0x0:8,@0xff32:16;bclr.b:0x0,@0xff24:16;bclr.b:0x1,@0xff24:16;bclr.b:0x2,@0xff24:16;bclr.b:0x3,@0xff24:16;mov:g.w:@SP+,R0;prts:;
00016297,multi_channel_reg_write_and_poll_ff2x_ff3x,mov:g.w:R0,@-SP;mov:g.w:R1,@-SP;stc.w:SR,@-SP;orc.w:0x700,SR;tst.w:@(0xa:8,SP);beq:#0x000163c4:16;mov:g.w:@(0xc:8,SP),R1;btst.w:0x0,R1;beq:#0x000162d9:8;mov:g.w:@0xff26:16,R0;add:q.w:#2,R0;mov:g.w:R0,@0xff2c:16;bclr.b:0x2,@0xff23:16;bset.b:@0xff24:16,0x5;bclr.b:0x4,@0xff24:16;add:g.w:@(0xa:8,SP),R0;btst.b:0x2,@0xff23:16;beq:#0x000162c7:8;bset.b:@0xff24:16,0x4;bclr.b:0x5,@0xff24:16;mov:g.w:R0,@0xff2c:16;btst.w:0x1,R1;beq:#0x00016308:8;mov:g.w:@0xff26:16,R0;add:q.w:#2,R0;mov:g.w:R0,@0xff2e:16;bclr.b:0x3,@0xff23:16;bset.b:@0xff24:16,0x7;bclr.b:0x6,@0xff24:16;add:g.w:@(0xa:8,SP),R0;btst.b:0x3,@0xff23:16;beq:#0x000162f6:8;bset.b:@0xff24:16,0x6;bclr.b:0x7,@0xff24:16;mov:g.w:R0,@0xff2e:16;btst.w:0x2,R1;beq:#0x00016337:8;mov:g.w:@0xff26:16,R0;add:q.w:#2,R0;mov:g.w:R0,@0xff3c:16;bclr.b:0x2,@0xff33:16;bset.b:@0xff34:16,0x5;bclr.b:0x4,@0xff34:16;add:g.w:@(0xa:8,SP),R0;btst.b:0x2,@0xff33:16;beq:#0x00016325:8;bset.b:@0xff34:16,0x4;bclr.b:0x5,@0xff34:16;mov:g.w:R0,@0xff3c:16;btst.w:0x3,R1;beq:#0x00016366:8;mov:g.w:@0xff26:16,R0;add:q.w:#2,R0;mov:g.w:R0,@0xff3e:16;bclr.b:0x3,@0xff33:16;bset.b:@0xff34:16,0x7;bclr.b:0x6,@0xff34:16;add:g.w:@(0xa:8,SP),R0;btst.b:0x3,@0xff33:16;beq:#0x00016354:8;bset.b:@0xff34:16,0x6;bclr.b:0x7,@0xff34:16;mov:g.w:R0,@0xff3e:16;btst.w:0x4,R1;beq:#0x00016395:8;mov:g.w:@0xff26:16,R0;add:q.w:#2,R0;mov:g.w:R0,@0xff38:16;bclr.b:0x0,@0xff33:16;bset.b:@0xff34:16,0x1;bclr.b:0x0,@0xff34:16;add:g.w:@(0xa:8,SP),R0;btst.b:0x0,@0xff33:16;beq:#0x00016383:8;bset.b:@0xff34:16,0x0;bclr.b:0x1,@0xff34:16;mov:g.w:R0,@0xff38:16;btst.w:0x5,R1;beq:#0x000163c4:8;mov:g.w:@0xff26:16,R0;add:q.w:#2,R0;mov:g.w:R0,@0xff3a:16;bclr.b:0x1,@0xff33:16;bset.b:@0xff34:16,0x3;bclr.b:0x2,@0xff34:16;add:g.w:@(0xa:8,SP),R0;btst.b:0x1,@0xff33:16;beq:#0x000163b2:8;bset.b:@0xff34:16,0x2;bclr.b:0x3,@0xff34:16;mov:g.w:R0,@0xff3a:16;ldc.w:@SP+ ,SR;mov:g.w:@SP+,R1;mov:g.w:@SP+,R0;prts:;
000163cc,isr_adi_adc,orc.w:0x700,SR;stm:(R0 R1 R2 R3 R4 R5 FP ),@-SP;stc.b:EP,@-SP;stc.b:DP,@-SP;ldc.b:0x0,DP;ldc.b:0x0,EP;bclr.b:0x1,@0xff23:16;pjsr:@0x2a8d1:24;ldc.b:@SP+ ,DP;ldc.b:@SP+ ,EP;ldm.w:@SP+,(FP R5 R4 R3 R2 R1 R0 );rte:;
000163eb,ff2a_set_clamped_to_ff26p2_atomic,mov:g.w:R0,@-SP;mov:g.w:R1,@-SP;stc.w:SR,@-SP;orc.w:0x700,SR;mov:g.w:@(0xa:8,SP),R1;mov:g.w:@0xff26:16,R0;add:q.w:#2,R0;cmp:g.w:R0,R1;bpl:#0x00016404:8;mov:g.w:R0,R1;mov:g.w:R1,@0xff2a:16;ldc.w:@SP+ ,SR;mov:g.w:@SP+,R1;mov:g.w:@SP+,R0;prts:;
00016410,compose_fe86_fe8a_status_nibble,stc.w:SR,@-SP;orc.w:0x700,SR;mov:g.b:@0xfe86:16,R0;btst.b:0x2,@0xfe8a:16;beq:#0x00016424:8;bset.w:R0,0x4;bra:#0x00016426:8;bclr.w:0x4,R0;btst.b:0x3,@0xfe8a:16;beq:#0x00016430:8;bset.w:R0,0x5;bra:#0x00016432:8;bclr.w:0x5,R0;and.w:0xf,R0;ldc.w:@SP+ ,SR;prts:;
0001643a,timer_ff51_ff54_arm_init,mov:g.w:R0,@-SP;bclr.b:0x2,@0xff51:16;bclr.b:0x3,@0xff51:16;mov:g.w:@0xff56:16,R0;add:q.w:#2,R0;mov:g.w:R0,@0xff5a:16;bset.b:@0xff54:16,0x2;bset.b:@0xff54:16,0x3;bclr.b:0x1,@0xff52:16;mov:g.w:@SP+,R0;prts:;
0001645e,timer_ff51_ff52_disarm,bclr.b:0x2,@0xff51:16;bclr.b:0x3,@0xff51:16;bclr.b:0x1,@0xff52:16;prts:;
0001646c,init_state_block_ff54,stc.w:SR,@-SP;orc.w:0x700,SR;mov:g.w:@0xff56:16,R0;add:q.w:#2,R0;mov:g.w:R0,@0xff5a:16;bset.b:@0xff54:16,0x2;bset.b:@0xff54:16,0x3;ldc.w:@SP+ ,SR;prts:;
00016488,timer_ff5a_set_clamped_armed,mov:g.w:R0,@-SP;mov:g.w:R1,@-SP;stc.w:SR,@-SP;orc.w:0x700,SR;mov:g.w:@(0xa:8,SP),R1;mov:g.w:@0xff56:16,R0;add:g.w:0x3,R0;cmp:g.w:R0,R1;bpl:#0x000164a3:8;mov:g.w:R0,R1;mov:g.w:R1,@0xff5a:16;bset.b:@0xff54:16,0x2;bclr.b:0x3,@0xff54:16;ldc.w:@SP+ ,SR;mov:g.w:@SP+,R1;mov:g.w:@SP+,R0;prts:;
000164b7,serial_fef4_cold_init,tst.b:@0x2c3:16;beq:#0x000164c4:8;mov:g.b:#0xfa:8,@0xfef5:16;bra:#0x000164c9:8;mov:g.b:#0x7d:8,@0xfef5:16;mov:g.b:#0x81:8,@0xfef4:16;mov:g.b:#0x0:8,@0xfef9:16;mov:g.b:#0x85:8,@0xfef8:16;prts:;
000164da,serial_fef4_warm_init,tst.b:@0x2c3:16;beq:#0x000164e7:8;mov:g.b:#0xfa:8,@0xfef5:16;bra:#0x000164ec:8;mov:g.b:#0x7d:8,@0xfef5:16;mov:g.b:#0x81:8,@0xfef4:16;mov:g.b:#0x85:8,@0xfef8:16;prts:;
000164f8,serial_fef1_set_clamped,cmp:i:#0xfa:16,R0;blo:#0x000164ff:8;mov:e:#0xfa:8,R0;mov:g.b:R0,@0xfef1:16;prts:;
00016505,serial_fef5_set_clamped,cmp:i:#0xfa:16,R0;blo:#0x0001650c:8;mov:e:#0xfa:8,R0;mov:g.b:R0,@0xfef5:16;prts:;
00016512,serial_fef9_set_clamped,cmp:i:#0xfa:16,R0;blo:#0x00016519:8;mov:e:#0xfa:8,R0;mov:g.b:R0,@0xfef9:16;prts:;
0001651f,peripheral_block_fec0_fed0_cold_init,clr.b:@0xfeca:16;mov:g.b:#0xff:8,@0xfec9:16;mov:g.b:#0x0:8,@0xfec8:16;mov:g.b:#0x70:8,@0xfeca:16;clr.b:@0xfed2:16;mov:g.b:#0xff:8,@0xfed1:16;mov:g.b:#0x0:8,@0xfed0:16;mov:g.b:#0x0:8,@0xfed2:16;clr.b:@0xfec2:16;mov:g.b:#0x1f:8,@0xfec1:16;mov:g.b:#0x0:8,@0xfec0:16;mov:g.b:#0xb0:8,@0xfec2:16;prts:;
0001655a,peripheral_fec0_fed0_state_update,mov:g.w:R0,@-SP;stc.w:SR,@-SP;orc.w:0x700,SR;btst.w:0x1,@0xf0f2:16;bne:#0x00016578:8;btst.w:0x2,@0xf0f2:16;bne:#0x0001657c:8;btst.w:0x3,@0xf0f2:16;bne:#0x00016580:8;mov:e:#0xff:8,R0;bra:#0x00016582:8;mov:e:#0x2f:8,R0;bra:#0x00016582:8;mov:e:#0x1f:8,R0;bra:#0x00016582:8;mov:e:#0x7:8,R0;cmp:g.b:@0xfec9:16,R0;beq:#0x0001658c:8;mov:g.b:R0,@0xfec9:16;cmp:g.b:#0x0:8,@0xfec8:16;beq:#0x00016598:8;mov:g.b:#0x0:8,@0xfec8:16;btst.b:0x5,@0xff0d:16;bne:#0x000165b0:8;btst.b:0x6,@0xff0d:16;bne:#0x000165b0:8;cmp:g.b:#0x70:8,@0xfeca:16;beq:#0x000165b0:8;mov:g.b:#0x70:8,@0xfeca:16;cmp:g.b:#0xff:8,@0xfed1:16;beq:#0x000165bc:8;mov:g.b:#0xff:8,@0xfed1:16;cmp:g.b:#0x0:8,@0xfed0:16;beq:#0x000165c8:8;mov:g.b:#0x0:8,@0xfed0:16;cmp:g.b:#0x0:8,@0xfed2:16;beq:#0x000165d4:8;mov:g.b:#0x0:8,@0xfed2:16;cmp:g.b:#0x1f:8,@0xfec1:16;beq:#0x000165e0:8;mov:g.b:#0x1f:8,@0xfec1:16;cmp:g.b:#0x0:8,@0xfec0:16;beq:#0x000165ec:8;mov:g.b:#0x0:8,@0xfec0:16;mov:g.w:@0xf516:16,R0;and.w:0xf000,R0;bne:#0x000165fa:8;bclr.w:0x9,@0xf516:16;ldc.w:@SP+ ,SR;mov:g.w:@SP+,R0;prts:;
00016600,serial_fec3_load_byte0_init,mov:g.w:R0,@-SP;stc.w:SR,@-SP;orc.w:0x700,SR;stc.b:DP,@-SP;ldc.b:0x1,DP;mov:g.w:@0x6672:16,R0;ldc.b:@SP+ ,DP;mov:g.b:@R0,R0;mov:g.b:R0,@0xfec3:16;bclr.b:0x7,@0xfec4:16;mov:g.b:#0xb0:8,@0xfec2:16;mov:g.w:R0,@0xf4ba:16;mov:g.w:#0x1:8,@0xf4d0:16;ldc.w:@SP+ ,SR;mov:g.w:@SP+,R0;prts:;
00016631,serial_fec3_load_next_byte,mov:g.w:R0,@-SP;stc.w:SR,@-SP;orc.w:0x700,SR;mov:g.w:@0xf4d0:16,R0;cmp:i:#0x7:16,R0;bhs:#0x00016667:8;shll.w:R0;stc.b:DP,@-SP;ldc.b:0x1,DP;mov:g.w:@(0x6672:16,R0),R0;ldc.b:@SP+ ,DP;mov:g.b:@R0,R0;mov:g.b:R0,@0xfec3:16;bclr.b:0x7,@0xfec4:16;add:g.w:@0xf4ba:16,R0;mov:g.w:R0,@0xf4ba:16;add:q.w:#1,@0xf4d0:16;bra:#0x0001666b:8;bclr.b:0x7,@0xfec2:16;ldc.w:@SP+ ,SR;mov:g.w:@SP+,R0;prts:;
00016680,serial_fec5_byte_to_fifo,mov:g.w:R0,@-SP;mov:g.w:R1,@-SP;btst.b:0x6,@0xfec4:16;bne:#0x00016693:8;mov:g.b:@0xfec4:16,R1;and.b:0x38,R1;beq:#0x000166c7:8;mov:g.b:@0xfec5:16,R0;mov:g.b:@0xfec4:16,R1;bclr.b:0x6,@0xfec4:16;bclr.b:0x5,@0xfec4:16;bclr.b:0x4,@0xfec4:16;bclr.b:0x3,@0xfec4:16;cmp:g.b:#0x5:8,@0xf4ce:16;bhs:#0x000166c7:8;and.b:0x38,R1;bne:#0x000166c7:8;extu.b:R0;mov:g.w:@0xf4ce:16,R1;shll.w:R1;mov:g.w:R0,@(-0xb3c:16,R1);add:q.w:#1,@0xf4ce:16;mov:g.w:@SP+,R1;mov:g.w:@SP+,R0;prts:;
000166cd,latch_request_f588,mov:g.w:R0,@-SP;mov:g.w:R1,@-SP;clr.w:@0xf588:16;bra:#0x000166e1:8;
000166d7,sci1_tx_response_feeder,mov:g.w:R0,@-SP;mov:g.w:R1,@-SP;btst.b:0x7,@0xfecc:16;beq:#0x00016710:8;btst.w:0x0,@0xf522:16;beq:#0x00016710:8;mov:g.w:@0xf588:16,R1;cmp:g.w:@0xf58c:16,R1;bhs:#0x00016710:8;cmp:i:#0xf:16,R1;bhs:#0x00016710:8;shll.w:R1;mov:g.w:@(-0xab6:16,R1),R0;mov:g.b:R0,@0xfecb:16;bclr.b:0x7,@0xfecc:16;add:q.w:#1,@0xf588:16;bset.w:@0xf522:16,0x7;clr.w:@0xf590:16;mov:g.w:@SP+,R1;mov:g.w:@SP+,R0;prts:;
00016716,sci1_rx_frame_accumulator,orc.w:0x700,SR;mov:g.w:R0,@-SP;mov:g.w:R1,@-SP;mov:g.b:@0xfecd:16,R0;mov:g.b:@0xfecc:16,R1;bclr.b:0x6,@0xfecc:16;bclr.b:0x5,@0xfecc:16;bclr.b:0x4,@0xfecc:16;bclr.b:0x3,@0xfecc:16;btst.w:0x0,@0xf522:16;beq:#0x00016766:8;and.b:0x38,R1;beq:#0x00016745:8;bset.w:@0xf522:16,0x5;btst.w:0x7,@0xf522:16;bne:#0x0001676a:8;mov:g.w:@0xf584:16,R1;cmp:i:#0xb:16,R1;bhs:#0x00016776:8;extu.b:R0;shll.w:R1;mov:g.w:R0,@(-0xacc:16,R1);bset.w:@0xf522:16,0x6;add:q.w:#1,@0xf584:16;bra:#0x00016772:8;bclr.w:0x5,@0xf522:16;bclr.w:0x7,@0xf522:16;clr.w:@0xf584:16;clr.w:@0xf590:16;mov:g.w:@SP+,R1;mov:g.w:@SP+,R0;prts:;
0001677c,sci_request_latch_f58a_conditional,mov:g.w:R0,@-SP;mov:g.w:R1,@-SP;clr.w:@0xf58a:16;bra:#0x00016790:8;
00016786,sci_fifo_f58a_advance_and_load_fed3,mov:g.w:R0,@-SP;mov:g.w:R1,@-SP;btst.b:0x7,@0xfed4:16;beq:#0x000167bf:8;btst.w:0x0,@0xf524:16;beq:#0x000167bf:8;mov:g.w:@0xf58a:16,R1;cmp:g.w:@0xf58e:16,R1;bhs:#0x000167bf:8;cmp:i:#0x7:16,R1;bhs:#0x000167bf:8;shll.w:R1;mov:g.w:@(-0xa8a:16,R1),R0;mov:g.b:R0,@0xfed3:16;bclr.b:0x7,@0xfed4:16;add:q.w:#1,@0xf58a:16;bset.w:@0xf524:16,0x7;clr.w:@0xf592:16;mov:g.w:@SP+,R1;mov:g.w:@SP+,R0;prts:;
000167c5,fedd5_fifo_rx_store_byte,orc.w:0x700,SR;mov:g.w:R0,@-SP;mov:g.w:R1,@-SP;mov:g.b:@0xfed5:16,R0;mov:g.b:@0xfed4:16,R1;bclr.b:0x6,@0xfed4:16;bclr.b:0x5,@0xfed4:16;bclr.b:0x4,@0xfed4:16;bclr.b:0x3,@0xfed4:16;btst.w:0x0,@0xf524:16;beq:#0x00016815:8;and.b:0x38,R1;beq:#0x000167f4:8;bset.w:@0xf524:16,0x5;btst.w:0x7,@0xf524:16;bne:#0x00016819:8;mov:g.w:@0xf586:16,R1;cmp:i:#0x7:16,R1;bhs:#0x00016825:8;extu.b:R0;shll.w:R1;mov:g.w:R0,@(-0xa98:16,R1);bset.w:@0xf524:16,0x6;add:q.w:#1,@0xf586:16;bra:#0x00016821:8;bclr.w:0x5,@0xf524:16;bclr.w:0x7,@0xf524:16;clr.w:@0xf586:16;clr.w:@0xf592:16;mov:g.w:@SP+,R1;mov:g.w:@SP+,R0;prts:;
0001682b,isr_tpu5_tgi5a_sci1_rx_poll,stc.b:EP,@-SP;stc.b:DP,@-SP;ldc.b:0x0,DP;ldc.b:0x0,EP;btst.b:0x5,@0xff0d:16;beq:#0x0001685c:8;bclr.b:0x6,@0xfecc:16;bclr.b:0x5,@0xfecc:16;bclr.b:0x4,@0xfecc:16;bclr.b:0x3,@0xfecc:16;bclr.b:0x6,@0xfeca:16;tst.w:@0xf9c0:16;beq:#0x00016860:8;mov:g.w:#0x1:8,@0xf9c2:16;bra:#0x00016860:8;pjsr:@0x16716:24;ldc.b:@SP+ ,DP;ldc.b:@SP+ ,EP;rte:;
00016865,isr_tpu5_tgi5b_sci1_tie_clear,stc.b:DP,@-SP;ldc.b:0x0,DP;bclr.b:0x7,@0xfeca:16;ldc.b:@SP+ ,DP;rte:;
00016872,isr_tpu5_tci5u,stc.b:EP,@-SP;stc.b:DP,@-SP;ldc.b:0x0,DP;ldc.b:0x0,EP;btst.b:0x7,@0xfed4:16;nop:;btst.b:0x7,@0xfec4:16;beq:#0x0001688b:8;pjsr:@0x16631:24;ldc.b:@SP+ ,DP;ldc.b:@SP+ ,EP;rte:;
00016890,init_state_sentinels_f5d2,mov:g.w:R0,@-SP;stc.w:SR,@-SP;orc.w:0x700,SR;bset.b:@0xff41:16,0x0;bclr.b:0x1,@0xff41:16;bset.b:@0xff61:16,0x0;bclr.b:0x1,@0xff61:16;bset.b:@0xff42:16,0x0;bclr.b:0x0,@0xff62:16;mov:i:#0xffff:16,R0;mov:g.w:R0,@0xf5de:16;mov:g.w:R0,@0xf5e0:16;mov:g.w:R0,@0xf5d2:16;mov:g.w:R0,@0xf5d4:16;mov:g.w:R0,@0xf5d6:16;mov:g.w:R0,@0xf5d8:16;mov:g.w:R0,@0xef66:16;mov:g.w:R0,@0xef68:16;ldc.w:@SP+ ,SR;mov:g.w:@SP+,R0;prts:;
000168d9,peripheral_ff42_ff62_enable,bset.b:@0xff42:16,0x0;bclr.b:0x0,@0xff62:16;prts:;
000168e3,isr_ipu_ch2ch4_input_capture,stm:(R0 R1 R2 R3 R4 R5 FP ),@-SP;stc.b:EP,@-SP;stc.b:DP,@-SP;ldc.b:0x0,DP;ldc.b:0x0,EP;stc.w:SR,@-SP;orc.w:0x700,SR;bclr.b:0x0,@0xff43:16;mov:g.w:@0xff48:16,R0;mov:g.w:@0xff68:16,R1;mov:g.w:R0,R2;add:g.w:0xd,R2;btst.b:0x0,@0xff41:16;beq:#0x0001691e:8;btst.b:0x4,@0xfe8a:16;beq:#0x00016a8e:16;cmp:g.w:@0xff46:16,R2;beq:#0x0001692d:8;bpl:#0x0001690d:8;bra:#0x0001692d:8;btst.b:0x4,@0xfe8a:16;bne:#0x00016a8e:16;cmp:g.w:@0xff46:16,R2;beq:#0x0001692d:8;bpl:#0x0001691e:8;btst.b:0x0,@0xff41:16;beq:#0x00016936:8;bra:#0x000169dc:16;mov:g.w:R0,R2;sub.w:@0xf5e4:16,R2;cmp:i:#0xfe:16,R2;bhs:#0x00016949:8;cmp:g.b:#0x28:8,@0xef68:16;blo:#0x00016a8e:16;cmp:g.b:#0x27:8,@0xef66:16;bhi:#0x00016994:8;mov:g.w:R0,R2;sub.w:@0xf5e2:16,R2;mov:g.w:R2,@0xf5de:16;mov:g.w:R0,@0xf5e2:16;mov:g.w:R1,R4;sub.w:@0xf5da:16,R1;mulxu.w:0x10,R2;mov:g.w:R2,R0;sub.w:R1,R3;subx.w:R0,R2;blo:#0x00016979:8;cmp:i:#0x20:16,R3;bls:#0x00016986:8;add:q.w:#1,R0;bra:#0x00016986:8;neg.w:R3;cmp:i:#0x20:16,R3;bls:#0x00016986:8;tst.w:R0;beq:#0x00016986:8;add:q.w:#-1,R0;mov:g.w:R0,@0xf5d2:16;mov:g.w:R1,@0xf5d4:16;mov:g.w:R4,@0xf5da:16;bra:#0x000169ab:8;mov:g.w:R0,@0xf5e2:16;mov:g.w:R1,@0xf5da:16;mov:i:#0xffff:16,R0;mov:g.w:R0,@0xf5de:16;mov:g.w:R0,@0xf5d2:16;mov:g.w:R0,@0xf5d4:16;clr.w:@0xef66:16;ldc.w:@SP+ ,SR;pjsr:@0x28fff:24;mov:g.w:@0xff46:16,R0;sub.w:@0xf5e2:16,R0;mov:g.w:R0,@0xf0e2:16;orc.w:0x700,SR;bset.b:@0xff41:16,0x0;bclr.b:0x1,@0xff41:16;bset.b:@0xff61:16,0x0;bclr.b:0x1,@0xff61:16;ldc.b:@SP+ ,DP;ldc.b:@SP+ ,EP;ldm.w:@SP+,(FP R5 R4 R3 R2 R1 R0 );rte:;mov:g.w:R0,R2;sub.w:@0xf5e2:16,R2;cmp:i:#0xa2:16,R2;bhs:#0x000169ef:8;cmp:g.b:#0x28:8,@0xef66:16;blo:#0x00016a8e:16;mov:g.w:R0,@-SP;mov:g.w:R1,@-SP;pjsr:@0x15b9e:24;mov:g.w:@SP+,R1;mov:g.w:@SP+,R0;cmp:g.b:#0x27:8,@0xef68:16;bhi:#0x00016a46:8;mov:g.w:R0,R2;sub.w:@0xf5e4:16,R2;mov:g.w:R2,@0xf5e0:16;mov:g.w:R0,@0xf5e4:16;mov:g.w:R1,R4;sub.w:@0xf5dc:16,R1;mulxu.w:0x10,R2;mov:g.w:R2,R0;sub.w:R1,R3;subx.w:R0,R2;blo:#0x00016a2b:8;cmp:i:#0x20:16,R3;bls:#0x00016a38:8;add:q.w:#1,R0;bra:#0x00016a38:8;neg.w:R3;cmp:i:#0x20:16,R3;bls:#0x00016a38:8;tst.w:R0;beq:#0x00016a38:8;add:q.w:#-1,R0;mov:g.w:R0,@0xf5d6:16;mov:g.w:R1,@0xf5d8:16;mov:g.w:R4,@0xf5dc:16;bra:#0x00016a5d:8;mov:g.w:R0,@0xf5e4:16;mov:g.w:R1,@0xf5dc:16;mov:i:#0xffff:16,R0;mov:g.w:R0,@0xf5e0:16;mov:g.w:R0,@0xf5d6:16;mov:g.w:R0,@0xf5d8:16;clr.w:@0xef68:16;ldc.w:@SP+ ,SR;pjsr:@0x29cc7:24;mov:g.w:@0xff46:16,R0;sub.w:@0xf5e4:16,R0;mov:g.w:R0,@0xf0e4:16;orc.w:0x700,SR;bset.b:@0xff41:16,0x1;bclr.b:0x0,@0xff41:16;bset.b:@0xff61:16,0x1;bclr.b:0x0,@0xff61:16;ldc.b:@SP+ ,DP;ldc.b:@SP+ ,EP;ldm.w:@SP+,(FP R5 R4 R3 R2 R1 R0 );rte:;ldc.w:@SP+ ,SR;ldc.b:@SP+ ,DP;ldc.b:@SP+ ,EP;ldm.w:@SP+,(FP R5 R4 R3 R2 R1 R0 );rte:;
00016a97,flag_read_ff43_bit0_inverted,clr.w:R0;btst.b:0x0,@0xff43:16;bne:#0x00016aa1:8;add:q.w:#1,R0;prts:;
00016aa3,peripheral_block_ff70_ff88_cold_init,mov:g.w:R0,@-SP;mov:g.b:#0x6:8,@0xff70:16;mov:g.b:#0x2:8,@0xff71:16;bclr.b:0x4,@0xff72:16;bclr.b:0x0,@0xff72:16;clr.w:R0;mov:g.w:R0,@0xf978:16;mov:g.w:#0xeee:16,@0xf9a0:16;clr.w:R0;mov:g.w:R0,@0xf9a4:16;mov:g.w:R0,@0xf9ac:16;mov:g.w:R0,@0xf9b4:16;mov:g.w:R0,@0xf9a8:16;mov:g.w:R0,@0xf9b0:16;mov:g.w:R0,@0xf9b8:16;mov:i:#0xffff:16,R0;mov:g.w:R0,@0xf9a2:16;mov:g.w:R0,@0xf9aa:16;mov:g.w:R0,@0xf9b2:16;mov:g.w:R0,@0xf9a6:16;mov:g.w:R0,@0xf9ae:16;mov:g.w:R0,@0xf9b6:16;mov:g.w:@0xff76:16,R0;add:g.w:0x186a,R0;mov:g.w:R0,@0xff7a:16;add:g.w:0x2ee,R0;mov:g.w:R0,@0xff7c:16;add:g.w:0x2ee,R0;mov:g.w:R0,@0xff7e:16;bclr.b:0x2,@0xff74:16;bclr.b:0x3,@0xff74:16;bclr.b:0x1,@0xff72:16;tst.b:@0x2e2:16;beq:#0x00016b2c:8;bset.b:@0xff72:16,0x2;bra:#0x00016b38:8;bclr.b:0x4,@0xff74:16;bclr.b:0x5,@0xff74:16;bclr.b:0x2,@0xff72:16;cmp:g.b:#0x2:8,@0x2fe:16;bne:#0x00016b45:8;bset.b:@0xff72:16,0x3;bra:#0x00016b51:8;bclr.b:0x6,@0xff74:16;bclr.b:0x7,@0xff74:16;bclr.b:0x3,@0xff72:16;mov:g.b:#0x1:8,@0xff80:16;mov:g.w:#0x1:8,@0xff88:16;mov:g.w:#0x7ff:16,@0xff8a:16;mov:g.b:#0x20:8,@0xff81:16;mov:g.b:#0x0:8,@0xff82:16;mov:g.b:#0x0:8,@0xff84:16;mov:e:#0x0:8,R0;cmp:g.b:#0x2:8,@0x2e4:16;bne:#0x00016b7b:8;bset.b:R0,0x3;mov:g.b:R0,@0xff35:16;mov:g.w:@SP+,R0;prts:;
00016b83,peripheral_block_ff70_ff88_warm_init,mov:g.w:R0,@-SP;mov:g.b:#0x6:8,@0xff70:16;mov:g.b:#0x2:8,@0xff71:16;bclr.b:0x4,@0xff72:16;bclr.b:0x0,@0xff72:16;bclr.b:0x2,@0xff74:16;bclr.b:0x3,@0xff74:16;bclr.b:0x1,@0xff72:16;tst.b:@0x2e2:16;beq:#0x00016baf:8;bset.b:@0xff72:16,0x2;bra:#0x00016bbb:8;bclr.b:0x4,@0xff74:16;bclr.b:0x5,@0xff74:16;bclr.b:0x2,@0xff72:16;cmp:g.b:#0x2:8,@0x2fe:16;bne:#0x00016bc8:8;bset.b:@0xff72:16,0x3;bra:#0x00016bd4:8;bclr.b:0x6,@0xff74:16;bclr.b:0x7,@0xff74:16;bclr.b:0x3,@0xff72:16;mov:g.b:#0x1:8,@0xff80:16;cmp:g.w:#0x7ff:16,@0xff8a:16;beq:#0x00016be7:8;mov:g.w:#0x7ff:16,@0xff8a:16;mov:g.b:#0x20:8,@0xff81:16;mov:g.b:#0x0:8,@0xff82:16;mov:g.b:#0x0:8,@0xff84:16;mov:e:#0x0:8,R0;cmp:g.b:#0x2:8,@0x2e4:16;bne:#0x00016c01:8;bset.b:R0,0x3;mov:g.b:R0,@0xff35:16;mov:g.w:@SP+,R0;prts:;
00016c09,f978_read_and_clear,mov:g.w:@0xf978:16,R0;clr.w:@0xf978:16;prts:;
00016c13,f978_increment_on_ff73_bit0,btst.b:0x0,@0xff73:16;beq:#0x00016c31:8;bclr.b:0x0,@0xff73:16;cmp:g.w:#0xff:16,@0xf978:16;bhs:#0x00016c2b:8;add:q.w:#1,@0xf978:16;bra:#0x00016c31:8;mov:g.w:#0xff:16,@0xf978:16;prts:;
00016c33,ff88_set_scaled_clamped,shll.w:R0;shll.w:R0;shll.w:R0;shll.w:R0;tst.w:R0;bne:#0x00016c41:8;add:q.w:#1,R0;cmp:i:#0x800:16,R0;blo:#0x00016c49:8;mov:i:#0x800:16,R0;mov:g.w:R0,@0xff88:16;prts:;
00016c4f,isr_tpu3_tgi3a,orc.w:0x700,SR;stm:(R0 R1 R2 R3 R4 R5 FP ),@-SP;stc.b:EP,@-SP;stc.b:DP,@-SP;ldc.b:0x0,DP;ldc.b:0x0,EP;bclr.b:0x1,@0xff73:16;btst.w:0x2,@0xf9a0:16;bne:#0x00016c88:8;bclr.b:0x2,@0xff74:16;bclr.b:0x3,@0xff74:16;mov:g.w:@0xff7a:16,R0;add:g.w:@0xf9a6:16,R0;mov:g.w:R0,@0xff7a:16;bset.w:@0xf9a0:16,0x3;bclr.w:0x0,@0xf9a0:16;bra:#0x00016d39:16;clr.w:R1;btst.w:0x3,@0xf9a0:16;bne:#0x00016cce:8;bset.w:@0xf9a0:16,0x0;tst.w:@0xf9a4:16;beq:#0x00016ca2:8;tst.w:@0xf9a8:16;bne:#0x00016ca8:8;bra:#0x00016cb8:8;tst.w:@0xf9a8:16;bne:#0x00016cb8:8;mov:g.w:@0xf9a4:16,R2;mov:g.w:R2,@0xf9a8:16;mov:g.w:@0xf9a2:16,R2;mov:g.w:R2,@0xf9a6:16;mov:g.w:@0xf9a8:16,R0;beq:#0x00016cc6:8;cmp:g.w:@0xf9a6:16,R0;blo:#0x00016ccc:8;add:q.w:#1,R1;mov:g.w:@0xf9a6:16,R0;shlr.w:R0;bra:#0x00016cfa:8;mov:g.w:@0xf9a6:16,R0;mov:g.w:@0xf9a8:16,R2;beq:#0x00016cdc:8;cmp:g.w:R0,R2;blo:#0x00016ce0:8;mov:g.w:R0,R2;shlr.w:R2;sub.w:R2,R0;mov:g.w:@0xf9a4:16,R2;mov:g.w:R2,@0xf9a8:16;mov:g.w:@0xf9a2:16,R2;mov:g.w:R2,@0xf9a6:16;tst.w:@0xf9a8:16;beq:#0x00016cfa:8;add:q.w:#1,R1;mov:g.w:R0,R2;add:g.w:@0xff7a:16,R0;cmp:i:#0x1f4:16,R2;bhs:#0x00016d13:8;mov:g.w:@0xff76:16,R2;add:g.w:0x3,R2;cmp:g.w:R2,R0;bpl:#0x00016d13:8;mov:g.w:R2,R0;mov:g.w:R0,@0xff7a:16;btst.w:0x1,@0xf9a0:16;bne:#0x00016d1f:8;bnot.w:R1,0x0;tst.w:R1;bne:#0x00016d2d:8;bset.b:@0xff74:16,0x2;bclr.b:0x3,@0xff74:16;bra:#0x00016d35:8;bset.b:@0xff74:16,0x3;bclr.b:0x2,@0xff74:16;bnot.w:@0xf9a0:16,0x3;ldc.b:@SP+ ,DP;ldc.b:@SP+ ,EP;ldm.w:@SP+,(FP R5 R4 R3 R2 R1 R0 );rte:;
00016d40,pwm_ch0_period_track_update,bclr.b:0x2,@0xff73:16;btst.w:0x6,@0xf9a0:16;bne:#0x00016d69:8;bclr.b:0x4,@0xff74:16;bclr.b:0x5,@0xff74:16;mov:g.w:@0xff7c:16,R0;add:g.w:@0xf9ae:16,R0;mov:g.w:R0,@0xff7c:16;bset.w:@0xf9a0:16,0x7;bclr.w:0x4,@0xf9a0:16;bra:#0x00016e1a:16;clr.w:R1;btst.w:0x7,@0xf9a0:16;bne:#0x00016daf:8;bset.w:@0xf9a0:16,0x4;tst.w:@0xf9ac:16;beq:#0x00016d83:8;tst.w:@0xf9b0:16;bne:#0x00016d89:8;bra:#0x00016d99:8;tst.w:@0xf9b0:16;bne:#0x00016d99:8;mov:g.w:@0xf9ac:16,R2;mov:g.w:R2,@0xf9b0:16;mov:g.w:@0xf9aa:16,R2;mov:g.w:R2,@0xf9ae:16;mov:g.w:@0xf9b0:16,R0;beq:#0x00016da7:8;cmp:g.w:@0xf9ae:16,R0;blo:#0x00016dad:8;add:q.w:#1,R1;mov:g.w:@0xf9ae:16,R0;shlr.w:R0;bra:#0x00016ddb:8;mov:g.w:@0xf9ae:16,R0;mov:g.w:@0xf9b0:16,R2;beq:#0x00016dbd:8;cmp:g.w:R0,R2;blo:#0x00016dc1:8;mov:g.w:R0,R2;shlr.w:R2;sub.w:R2,R0;mov:g.w:@0xf9ac:16,R2;mov:g.w:R2,@0xf9b0:16;mov:g.w:@0xf9aa:16,R2;mov:g.w:R2,@0xf9ae:16;tst.w:@0xf9b0:16;beq:#0x00016ddb:8;add:q.w:#1,R1;mov:g.w:R0,R2;add:g.w:@0xff7c:16,R0;cmp:i:#0x1f4:16,R2;bhs:#0x00016df4:8;mov:g.w:@0xff76:16,R2;add:g.w:0x3,R2;cmp:g.w:R2,R0;bpl:#0x00016df4:8;mov:g.w:R2,R0;mov:g.w:R0,@0xff7c:16;btst.w:0x5,@0xf9a0:16;bne:#0x00016e00:8;bnot.w:R1,0x0;tst.w:R1;bne:#0x00016e0e:8;bset.b:@0xff74:16,0x4;bclr.b:0x5,@0xff74:16;bra:#0x00016e16:8;bset.b:@0xff74:16,0x5;bclr.b:0x4,@0xff74:16;bnot.w:@0xf9a0:16,0x7;prts:;
00016e1c,pwm_ch1_period_track_update,bclr.b:0x3,@0xff73:16;btst.w:0xa,@0xf9a0:16;bne:#0x00016e45:8;bclr.b:0x6,@0xff74:16;bclr.b:0x7,@0xff74:16;mov:g.w:@0xff7e:16,R0;add:g.w:@0xf9b6:16,R0;mov:g.w:R0,@0xff7e:16;bset.w:@0xf9a0:16,0xb;bclr.w:0x8,@0xf9a0:16;bra:#0x00016ef6:16;clr.w:R1;btst.w:0xb,@0xf9a0:16;bne:#0x00016e8b:8;bset.w:@0xf9a0:16,0x8;tst.w:@0xf9b4:16;beq:#0x00016e5f:8;tst.w:@0xf9b8:16;bne:#0x00016e65:8;bra:#0x00016e75:8;tst.w:@0xf9b8:16;bne:#0x00016e75:8;mov:g.w:@0xf9b4:16,R2;mov:g.w:R2,@0xf9b8:16;mov:g.w:@0xf9b2:16,R2;mov:g.w:R2,@0xf9b6:16;mov:g.w:@0xf9b8:16,R0;beq:#0x00016e83:8;cmp:g.w:@0xf9b6:16,R0;blo:#0x00016e89:8;add:q.w:#1,R1;mov:g.w:@0xf9b6:16,R0;shlr.w:R0;bra:#0x00016eb7:8;mov:g.w:@0xf9b6:16,R0;mov:g.w:@0xf9b8:16,R2;beq:#0x00016e99:8;cmp:g.w:R0,R2;blo:#0x00016e9d:8;mov:g.w:R0,R2;shlr.w:R2;sub.w:R2,R0;mov:g.w:@0xf9b4:16,R2;mov:g.w:R2,@0xf9b8:16;mov:g.w:@0xf9b2:16,R2;mov:g.w:R2,@0xf9b6:16;tst.w:@0xf9b8:16;beq:#0x00016eb7:8;add:q.w:#1,R1;mov:g.w:R0,R2;add:g.w:@0xff7e:16,R0;cmp:i:#0x1f4:16,R2;bhs:#0x00016ed0:8;mov:g.w:@0xff76:16,R2;add:g.w:0x3,R2;cmp:g.w:R2,R0;bpl:#0x00016ed0:8;mov:g.w:R2,R0;mov:g.w:R0,@0xff7e:16;btst.w:0x9,@0xf9a0:16;bne:#0x00016edc:8;bnot.w:R1,0x0;tst.w:R1;bne:#0x00016eea:8;bset.b:@0xff74:16,0x6;bclr.b:0x7,@0xff74:16;bra:#0x00016ef2:8;bset.b:@0xff74:16,0x7;bclr.b:0x6,@0xff74:16;bnot.w:@0xf9a0:16,0xb;prts:;
00016ef8,isr_tpu3_tgi3b,orc.w:0x700,SR;stm:(R0 R1 R2 R3 R4 R5 FP ),@-SP;stc.b:EP,@-SP;stc.b:DP,@-SP;ldc.b:0x0,DP;ldc.b:0x0,EP;btst.b:0x2,@0xff73:16;beq:#0x00016f12:8;pjsr:@0x16d40:24;btst.b:0x3,@0xff73:16;beq:#0x00016f1c:8;pjsr:@0x16e1c:24;ldc.b:@SP+ ,DP;ldc.b:@SP+ ,EP;ldm.w:@SP+,(FP R5 R4 R3 R2 R1 R0 );rte:;
00016f23,f9a0_read_clear_bit0_atomic,stc.w:SR,@-SP;orc.w:0x700,SR;clr.w:R0;btst.w:0x0,@0xf9a0:16;beq:#0x00016f37:8;add:q.w:#1,R0;bclr.w:0x0,@0xf9a0:16;ldc.w:@SP+ ,SR;prts:;
00016f3b,f9a0_read_clear_bit4_atomic,stc.w:SR,@-SP;orc.w:0x700,SR;clr.w:R0;btst.w:0x4,@0xf9a0:16;beq:#0x00016f4f:8;add:q.w:#1,R0;bclr.w:0x4,@0xf9a0:16;ldc.w:@SP+ ,SR;prts:;
00016f53,f9a0_read_clear_bit8_atomic,stc.w:SR,@-SP;orc.w:0x700,SR;clr.w:R0;btst.w:0x8,@0xf9a0:16;beq:#0x00016f67:8;add:q.w:#1,R0;bclr.w:0x8,@0xf9a0:16;ldc.w:@SP+ ,SR;prts:;
00016f6b,peripheral_block_ff00_cold_init,mov:g.b:#0x0:8,@0xff00:16;mov:g.b:#0x0:8,@0xff01:16;mov:g.b:#0x56:8,@0xff02:16;mov:g.b:#0x36:8,@0xff03:16;mov:g.b:#0x0:8,@0xff04:16;mov:g.b:#0x22:8,@0xff05:16;mov:g.b:#0x0:8,@0xff08:16;mov:g.b:#0x0:8,@0xff09:16;mov:g.b:#0x1:8,@0xff0a:16;mov:g.b:#0x0:8,@0xff0b:16;mov:g.b:#0x0:8,@0xff0c:16;mov:g.b:#0x0:8,@0xff0d:16;clr.w:@0xf9c4:16;mov:g.w:#0xf9c8:16,@0xf9c6:16;mov:g.w:#0xf9c8:16,@0xf9c8:16;mov:g.w:#0x1:8,@0xf9ca:16;bclr.b:0x3,@0xff52:16;bclr.b:0x1,@0xff62:16;bclr.b:0x3,@0xff62:16;bclr.b:0x6,@0xff54:16;bclr.b:0x7,@0xff54:16;bclr.b:0x2,@0xff64:16;bclr.b:0x3,@0xff64:16;bclr.b:0x6,@0xff64:16;bclr.b:0x7,@0xff64:16;prts:;
00016fe2,peripheral_block_ff00_warm_init,mov:g.w:R0,@-SP;mov:g.w:R1,@-SP;stc.w:SR,@-SP;orc.w:0x700,SR;mov:g.b:#0x0:8,@0xff00:16;mov:g.b:#0x0:8,@0xff01:16;mov:g.b:#0x56:8,@0xff02:16;mov:g.b:#0x36:8,@0xff03:16;mov:g.b:#0x0:8,@0xff04:16;mov:e:#0x22:8,R0;btst.b:0x0,@0x200:16;beq:#0x0001701a:8;mov:g.w:@0xf520:16,R1;and.w:0xf8,R1;bne:#0x0001701a:8;or.b:0x70,R0;mov:g.b:R0,@0xff05:16;mov:g.b:#0x0:8,@0xff08:16;mov:g.b:#0x0:8,@0xff09:16;mov:g.b:#0x1:8,@0xff0a:16;mov:g.b:#0x0:8,@0xff0b:16;mov:g.b:#0x0:8,@0xff0c:16;btst.b:0x0,@0x200:16;beq:#0x00017054:8;mov:g.w:@0xf520:16,R1;and.w:0xf8,R1;bne:#0x00017054:8;mov:g.b:@0xff0d:16,R0;and.b:0x60,R0;mov:g.b:R0,@0xff0d:16;bra:#0x00017059:8;mov:g.b:#0x0:8,@0xff0d:16;clr.w:@0xf9c4:16;mov:g.w:#0xf9c8:16,@0xf9c6:16;mov:g.w:#0xf9c8:16,@0xf9c8:16;mov:g.w:#0x1:8,@0xf9ca:16;bclr.b:0x3,@0xff52:16;bclr.b:0x1,@0xff62:16;bclr.b:0x3,@0xff62:16;bclr.b:0x6,@0xff54:16;bclr.b:0x7,@0xff54:16;bclr.b:0x2,@0xff64:16;bclr.b:0x3,@0xff64:16;bclr.b:0x6,@0xff64:16;bclr.b:0x7,@0xff64:16;ldc.w:@SP+ ,SR;mov:g.w:@SP+,R1;mov:g.w:@SP+,R0;prts:;
0001709a,sci1_rx_setup,stc.w:SR,@-SP;orc.w:0x700,SR;bset.b:@0xfeca:16,0x4;tst.b:@0xfecd:16;bclr.b:0x6,@0xfecc:16;bclr.b:0x5,@0xfecc:16;bclr.b:0x4,@0xfecc:16;bclr.b:0x3,@0xfecc:16;clr.w:@0xf9c2:16;mov:g.w:#0x2000:16,@0xf9ba:16;mov:g.w:#0xfecd:16,@0xf9bc:16;mov:g.w:#0xf815:16,@0xf9be:16;mov:g.w:#0x33:8,@0xf9c0:16;bclr.b:0x2,@0xfeca:16;bset.b:@0xfeca:16,0x6;bclr.b:0x7,@0xfeca:16;bclr.b:0x6,@0xff0d:16;bset.b:@0xff0d:16,0x5;ldc.w:@SP+ ,SR;prts:;
000170eb,sci1_tx_setup,mov:g.w:R0,@-SP;stc.w:SR,@-SP;orc.w:0x700,SR;mov:g.w:#0x4000:16,@0xf9ba:16;mov:g.w:#0xf7e2:16,@0xf9bc:16;mov:g.w:#0xfecb:16,@0xf9be:16;mov:g.w:@(0xa:8,SP),R0;mov:g.w:R0,@0xf9c0:16;bset.b:@0xfeca:16,0x5;bclr.b:0x2,@0xfeca:16;bclr.b:0x6,@0xfeca:16;bset.b:@0xfeca:16,0x7;bclr.b:0x5,@0xff0d:16;bset.b:@0xff0d:16,0x6;mov:g.b:@0xf7e1:16,R0;mov:g.b:R0,@0xfecb:16;bclr.b:0x7,@0xfecc:16;ldc.w:@SP+ ,SR;mov:g.w:@SP+,R0;prts:;
00017154,ff0d_clear_bits5_6,bclr.b:0x5,@0xff0d:16;bclr.b:0x6,@0xff0d:16;prts:;
0001715e,stub_empty_0x1715e,prts:;
00017160,adc_sensor_convert_multi,stm:(R0 R1 R2 R3 R4 R5 FP ),@-SP;stc.b:EP,@-SP;mov:g.w:@(0x1c:8,SP),R0;cmp:i:#0x18:16,R0;bls:#0x0001716f:8;mov:i:#0x18:16,R0;tst.w:R0;beq:#0x000171bd:8;mov:g.w:@(0x16:8,SP),R2;mov:g.w:@(0x1a:8,SP),R3;mov:g.w:@(0x1e:8,SP),R5;mov:g.b:@R2+,R1;swap.b:R1;mov:g.b:@R2+,R1;swap.b:R1;mov:g.w:R1,FP;cmp:g.w:@0x3282:16,R1;bhi:#0x00017197:8;ldc.b:0x2,EP;mov:g.w:R1,R4;shll.w:R4;mov:g.w:@(-0x530:16,R4),R1;cmp:i:#0xee80:16,R1;bhs:#0x0001719f:8;mov:i:#0xee80:16,R1;mov:g.b:@R1+,R4;cmp:i:#0xbf:16,FP;bhi:#0x000171aa:8;extu.b:R4;bra:#0x000171ae:8;swap.b:R4;mov:g.b:@R1,R4;cmp:i:#0x1:16,R5;beq:#0x000171b7:8;mov:g.b:R4,@R3+;swap.b:R4;mov:g.b:R4,@R3+;add:q.w:#-1,R0;bne:#0x0001717c:8;ldc.b:@SP+ ,EP;ldm.w:@SP+,(FP R5 R4 R3 R2 R1 R0 );prts:;
000171c3,adc_sensor_convert_single,mov:g.w:R1,@-SP;mov:g.w:R2,@-SP;mov:g.w:R4,@-SP;stc.b:EP,@-SP;mov:g.w:@(0xc:8,SP),R1;swap.b:R1;mov:g.w:R1,R2;cmp:g.w:@0x3282:16,R1;bhi:#0x000171e3:8;ldc.b:0x2,EP;mov:g.w:R1,R4;shll.w:R4;mov:g.w:@(-0x530:16,R4),R1;cmp:i:#0xee80:16,R1;bhs:#0x000171eb:8;mov:i:#0xee80:16,R1;mov:g.b:@R1+,R0;cmp:i:#0xbf:16,R2;bhi:#0x000171f6:8;extu.b:R0;bra:#0x000171fa:8;swap.b:R0;mov:g.b:@R1,R0;swap.b:R0;ldc.b:@SP+ ,EP;mov:g.w:@SP+,R4;mov:g.w:@SP+,R2;mov:g.w:@SP+,R1;prts:;
00017206,byte_sum_banked,mov:g.w:R1,@-SP;mov:g.w:R4,@-SP;stc.b:EP,@-SP;clr.b:R0;mov:g.w:@(0xe:8,SP),R1;beq:#0x00017221:8;mov:g.w:@(0xa:8,SP),R4;ldc.b:R4 ,EP;mov:g.w:@(0xc:8,SP),R4;add:g.b:@R4+,R0;add:q.w:#-1,R1;bne:#0x0001721b:8;extu.b:R0;ldc.b:@SP+ ,EP;mov:g.w:@SP+,R4;mov:g.w:@SP+,R1;prts:;
0001722b,sum_byte_array,mov:g.w:R1,@-SP;mov:g.w:R2,@-SP;mov:g.w:R4,@-SP;stc.b:EP,@-SP;clr.w:R0;clr.w:R1;mov:g.w:@(0x10:8,SP),R2;beq:#0x0001724c:8;mov:g.w:@(0xc:8,SP),R4;ldc.b:R4 ,EP;mov:g.w:@(0xe:8,SP),R4;mov:g.b:@R4+,R1;add:g.w:R1,R0;add:q.w:#-1,R2;bne:#0x00017244:8;ldc.b:@SP+ ,EP;mov:g.w:@SP+,R4;mov:g.w:@SP+,R2;mov:g.w:@SP+,R1;prts:;
00017256,memcpy_banked,stm:(R1 R2 R3 R4 ),@-SP;stc.b:EP,@-SP;stc.b:DP,@-SP;mov:g.w:@(0x18:8,SP),R3;beq:#0x00017279:8;mov:g.w:@(0x10:8,SP),R2;ldc.b:R2 ,DP;mov:g.w:@(0x12:8,SP),R2;mov:g.w:@(0x14:8,SP),R4;ldc.b:R4 ,EP;mov:g.w:@(0x16:8,SP),R4;mov:g.b:@R2+,R1;mov:g.b:R1,@R4+;add:q.w:#-1,R3;bne:#0x00017271:8;ldc.b:@SP+ ,DP;ldc.b:@SP+ ,EP;ldm.w:@SP+,(R4 R3 R2 R1 );prts:;
00017300,stub_empty_0x17300,prts:;
00017302,engine_state_f498_init,mov:g.w:@0xf498:16,R0;or.w:0xc080,R0;mov:g.w:R0,@0xf498:16;mov:g.w:@0xe22:16,R0;mov:g.w:R0,@0xf49e:16;mov:g.w:@0xe20:16,R0;mov:g.w:R0,@0xf49c:16;mov:g.w:@0xe20:16,R0;mov:g.w:R0,@0xf49a:16;mov:g.w:@0xf4ae:16,R0;or.w:0xc0,R0;mov:g.w:R0,@0xf4ae:16;mov:g.w:#0xff:16,@0xf4ac:16;mov:g.w:@0xe46:16,R0;mov:g.w:R0,@0xefec:16;bset.w:@0xf0e6:16,0x1;mov:g.w:#0x1:8,@0xf4f0:16;mov:g.w:@0xeec:16,R0;mov:g.w:R0,@0xf4ec:16;mov:g.w:#0xff:16,@0xf466:16;mov:g.w:@0xed6:16,R0;mov:g.w:R0,@0xf094:16;prts:;
00017361,periodic_task_dispatcher,pjsr:@0x173c0:24;pjsr:@0x174c0:24;pjsr:@0x175f0:24;tst.b:@0x2e3:16;beq:#0x00017377:8;pjsr:@0x185a6:24;pjsr:@0x18600:24;pjsr:@0x18650:24;pjsr:@0x187a0:24;pjsr:@0x18db0:24;pjsr:@0x18e70:24;pjsr:@0x191a0:24;pjsr:@0x191f0:24;pjsr:@0x19240:24;pjsr:@0x19350:24;pjsr:@0x193f0:24;pjsr:@0x194d0:24;pjsr:@0x19640:24;pjsr:@0x19720:24;pjsr:@0x19af0:24;prts:;
000173c0,ign_advance_f0e6_bit7_update,tst.b:@0x2e6:16;beq:#0x000173cc:8;pjsr:@0x173e0:24;bra:#0x000173de:8;pjsr:@0x174a1:24;tst.w:R0;beq:#0x000173da:8;bset.w:@0xf0e6:16,0x7;bra:#0x000173de:8;bclr.w:0x7,@0xf0e6:16;prts:;
000173e0,ign_advance_table_lookup,stm:(R2 R3 ),@-SP;mov:g.w:@0xf114:16,R0;cmp:g.w:@0x1130:16,R0;bhs:#0x000173f2:8;mov:g.w:@0x1134:16,R2;bra:#0x00017406:8;mov:g.w:@0xf114:16,R0;cmp:g.w:@0x1132:16,R0;bhs:#0x00017402:8;mov:g.w:@0x1136:16,R2;bra:#0x00017406:8;mov:g.w:@0x1138:16,R2;mov:i:#0x3:16,R3;btst.w:0x4,@0xf20e:16;beq:#0x0001741b:8;btst.w:0x1,@0xf510:16;bne:#0x00017479:16;clr.w:R3;bra:#0x00017479:16;btst.w:0x0,@0xf20e:16;bne:#0x00017479:8;btst.w:0x3,@0xf1fe:16;bne:#0x00017479:8;mov:g.w:@0xf10e:16,R0;cmp:g.w:@0x112e:16,R0;bls:#0x00017479:8;mov:g.w:R2,R0;mulxu.w:0x14,R0;cmp:g.w:@0xef70:16,R1;bhi:#0x00017479:8;mov:g.w:@0xf1de:16,R0;shlr.w:R0;shlr.w:R0;shlr.w:R0;shlr.w:R0;ldc.b:0x1,DP;mov:g.b:@(0x31b7:16,R0),R3;extu.b:R3;ldc.b:0x0,DP;mov:g.w:@0xf13a:16,R0;cmp:g.w:@0x113a:16,R0;bhs:#0x00017461:8;add:q.w:#1,R3;mov:g.w:@0xf13a:16,R0;cmp:g.w:@0x113c:16,R0;bhs:#0x0001746d:8;add:q.w:#1,R3;mov:g.w:@0xf13a:16,R0;cmp:g.w:@0x113e:16,R0;bhs:#0x00017479:8;add:q.w:#1,R3;cmp:i:#0x3:16,R3;blo:#0x00017481:8;mov:i:#0x3:16,R3;ldc.b:0x1,DP;mov:g.b:@(0x31b7:16,R3),R3;extu.b:R3;cmp:i:#0xa:16,R3;ldc.b:0x0,DP;bhs:#0x00017498:8;mov:g.w:R3,@0xf442:16;bra:#0x0001749d:8;mov:g.w:#0xa:8,@0xf442:16;ldm.w:@SP+,(R3 R2 );prts:;
000174a1,engine_mode_f20e_f510_check,btst.w:0x4,@0xf20e:16;beq:#0x000174ad:8;btst.w:0x1,@0xf510:16;beq:#0x000174b2:8;mov:i:#0x1:16,R0;bra:#0x000174b4:8;clr.w:R0;prts:;
000174c0,isc_f0e6_bit0_update,pjsr:@0x174d4:24;tst.w:R0;beq:#0x000174ce:8;bset.w:@0xf0e6:16,0x0;bra:#0x000174d2:8;bclr.w:0x0,@0xf0e6:16;prts:;
000174d4,knock_condition_eval,stm:(R2 R3 R5 ),@-SP;mov:e:#0x1:8,R5;mov:g.w:@0xf43e:16,R2;mov:g.w:@0xf13c:16,R3;mov:g.w:@0xf0f8:16,R0;or.w:@0xf0fa:16,R0;btst.w:0x4,R0;bne:#0x000174f6:8;clr.b:R5;mov:g.w:@0xdbc:16,R0;mov:g.w:R0,@0xefe4:16;mov:g.w:@0xf17a:16,R0;cmp:g.w:@0xdc2:16,R0;bhs:#0x0001750a:8;clr.b:R5;mov:g.w:@0xdbe:16,R0;mov:g.w:R0,@0xefe6:16;btst.w:0x2,R2;beq:#0x0001751c:8;mov:g.w:@0xf1e6:16,R0;cmp:g.w:@0xdd2:16,R0;bhi:#0x00017528:8;bclr.w:0x2,R2;bra:#0x00017528:8;mov:g.w:@0xf1e6:16,R0;cmp:g.w:@0xdd0:16,R0;bls:#0x00017528:8;bset.w:R2,0x2;btst.w:0x1,R2;beq:#0x00017536:8;cmp:g.w:@0xdce:16,R3;bhi:#0x0001753e:8;bclr.w:0x1,R2;bra:#0x0001753e:8;cmp:g.w:@0xdcc:16,R3;bls:#0x0001753e:8;bset.w:R2,0x1;tst.b:@0x2ef:16;beq:#0x00017574:8;btst.w:0x5,@0xf0f8:16;bne:#0x00017574:8;btst.b:0x2,@0x2ef:16;beq:#0x0001755a:8;mov:g.w:@0xf118:16,R0;cmp:g.w:@0xdd6:16,R0;bhi:#0x00017574:8;btst.w:0x2,R2;bne:#0x00017578:8;mov:g.w:@0xf43e:16,R0;xor.w:R2 ,R0;and.w:R2 ,R0;btst.w:0x1,R0;beq:#0x00017578:8;mov:g.w:@0xdd4:16,R0;mov:g.w:R0,@0xf044:16;bra:#0x00017578:8;clr.w:@0xf044:16;btst.w:0x0,R2;beq:#0x00017586:8;cmp:g.w:@0xdc6:16,R3;bhi:#0x0001758e:8;bclr.w:0x0,R2;bra:#0x0001758e:8;cmp:g.w:@0xdc4:16,R3;bls:#0x0001758e:8;bset.w:R2,0x0;btst.b:0x3,@0x2ef:16;bne:#0x0001759a:8;btst.w:0x5,@0xf0f8:16;bne:#0x000175ba:8;btst.w:0x0,R2;beq:#0x000175ba:8;btst.b:0x1,@0x2ef:16;bne:#0x000175aa:8;tst.w:@0xf044:16;bne:#0x000175ba:8;btst.w:0x0,@0xf43e:16;bne:#0x000175be:8;mov:g.w:@0xdc0:16,R0;mov:g.w:R0,@0xf042:16;bra:#0x000175be:8;clr.w:@0xf042:16;mov:g.w:R2,@0xf43e:16;tst.b:R5;beq:#0x000175e9:8;btst.w:0x7,@0xf594:16;bne:#0x000175e4:8;tst.w:@0xefe4:16;bne:#0x000175e9:8;tst.w:@0xefe6:16;bne:#0x000175e9:8;tst.w:@0xf042:16;bne:#0x000175e9:8;tst.w:@0xf044:16;bne:#0x000175e9:8;mov:i:#0x1:16,R0;bra:#0x000175eb:8;clr.w:R0;ldm.w:@SP+,(R5 R3 R2 );prts:;
000175f0,isc_target_calc_and_store,stm:(R2 R3 ),@-SP;mov:g.w:@0xf45c:16,R0;mov:g.w:R0,@0xf45e:16;btst.w:0xc,@0xf1f2:16;beq:#0x00017648:8;mov:i:#0x80:16,R3;tst.b:@0x2e2:16;beq:#0x0001760c:8;mov:i:#0xff:16,R3;pjsr:@0x17654:24;pjsr:@0x1799f:24;pjsr:@0x179e5:24;mov:g.w:R0,R2;btst.w:0x4,@0xf20e:16;beq:#0x0001762e:8;btst.w:0x2,@0xf510:16;bne:#0x0001762c:8;btst.w:0x3,@0xf512:16;beq:#0x0001762e:8;mov:g.w:R3,R2;mov:g.w:R2,@-SP;pjsr:@0x1a2a4:24;add:q.w:#2,SP;mov:g.w:R0,R2;cmp:g.w:R3,R2;bhs:#0x00017642:8;mov:g.w:R2,@0xf45c:16;bra:#0x0001764c:8;mov:g.w:R3,@0xf45c:16;bra:#0x0001764c:8;clr.w:@0xf45c:16;clr.w:@0xf098:16;ldm.w:@SP+,(R3 R2 );prts:;
00017654,isc_condition_eval,stm:(R2 R3 ),@-SP;clr.w:R2;btst.w:0x3,@0xf45a:16;beq:#0x0001766e:8;mov:g.w:@0xf17a:16,R0;cmp:g.w:@0xdb4:16,R0;bhi:#0x0001767c:8;bclr.w:0x3,@0xf45a:16;bra:#0x0001767c:8;mov:g.w:@0xf17a:16,R0;cmp:g.w:@0xdb2:16,R0;bls:#0x0001767c:8;bset.w:@0xf45a:16,0x3;btst.w:0x1,@0xf45a:16;beq:#0x00017692:8;mov:g.w:@0xf186:16,R0;cmp:g.w:@0xdae:16,R0;bhi:#0x000176a0:8;bclr.w:0x1,@0xf45a:16;bra:#0x000176a0:8;mov:g.w:@0xf186:16,R0;cmp:g.w:@0xdac:16,R0;bls:#0x000176a0:8;bset.w:@0xf45a:16,0x1;mov:g.w:#0xd5ee:16,@-SP;mov:g.w:#0x2:8,@-SP;pjsr:@0x14735:24;adds.b:0x4,SP;mov:g.w:#0x2de4:16,@-SP;mov:g.w:#0x1:8,@-SP;pjsr:@0x14656:24;adds.b:0x4,SP;mov:g.w:R0,R3;btst.w:0x2,@0xf45a:16;beq:#0x000176df:8;mov:g.w:@0xdb0:16,R0;mov:g.w:R0,@-SP;mov:g.w:R3,@-SP;pjsr:@0x1436c:24;adds.b:0x4,SP;cmp:g.w:@0xf18c:16,R0;blo:#0x000176e9:8;bclr.w:0x2,@0xf45a:16;bra:#0x000176e9:8;cmp:g.w:@0xf18c:16,R3;bhs:#0x000176e9:8;bset.w:@0xf45a:16,0x2;bclr.w:0xb,@0xf45a:16;btst.w:0x3,@0xf20e:16;bne:#0x000176fb:8;mov:g.w:@0x1108:16,R0;mov:g.w:R0,@0xeffe:16;pjsr:@0x17742:24;tst.w:R0;beq:#0x00017708:8;mov:i:#0x20:16,R2;bra:#0x00017713:8;pjsr:@0x1792f:24;tst.w:R0;beq:#0x00017713:8;mov:i:#0x40:16,R2;mov:g.w:@0xf45a:16,R0;and.w:0xff9f,R0;or.w:R2 ,R0;mov:g.w:R0,@0xf45a:16;mov:g.w:@0xf45a:16,R0;and.w:0x840,R0;cmp:i:#0x840:16,R0;bne:#0x0001773a:8;btst.w:0x7,@0xf20e:16;bne:#0x0001773a:8;bset.w:@0xf45a:16,0xc;bra:#0x0001773e:8;bclr.w:0xc,@0xf45a:16;ldm.w:@SP+,(R3 R2 );prts:;
00017742,isc_stepper_enable_check,stm:(R2 R5 ),@-SP;tst.b:@0x2e2:16;beq:#0x0001784f:16;mov:g.w:@0xf114:16,R0;cmp:g.w:@0x1118:16,R0;blo:#0x0001775b:8;mov:g.w:@0x111a:16,R2;bra:#0x0001775f:8;mov:g.w:@0x111c:16,R2;mov:g.w:R2,R0;mulxu.w:0x50,R0;mov:g.w:R1,R2;mov:g.w:@0xf20e:16,R5;and.w:0x800,R5;mov:g.w:@0xf210:16,R0;and.w:0x800,R0;btst.w:0x3,@0xf1fe:16;beq:#0x00017793:8;mov:g.w:@0xf17a:16,R0;cmp:g.w:@0x110a:16,R0;bls:#0x00017924:16;mov:g.w:@0xf13c:16,R0;cmp:g.w:@0x110c:16,R0;bls:#0x00017924:16;btst.w:0x3,@0xf1fe:16;bne:#0x000177ae:8;btst.w:0x7,@0xf216:16;beq:#0x00017924:16;btst.w:0x2,@0xf45a:16;beq:#0x00017924:16;btst.w:0x1,@0xf45a:16;bne:#0x00017924:16;btst.w:0x3,@0xf20e:16;bne:#0x00017924:16;mov:g.w:@0x111e:16,R0;mov:g.w:R0,@-SP;pjsr:@0x144c6:24;add:q.w:#2,SP;cmp:g.w:@0xf26e:16,R0;bhs:#0x00017924:16;tst.w:R5;beq:#0x000177e6:8;mov:g.w:@0x1126:16,R0;mov:g.w:R0,@-SP;mov:g.w:@0x8a0:16,R0;mov:g.w:R0,@-SP;pjsr:@0x14036:24;adds.b:0x4,SP;cmp:g.w:@0xf06c:16,R0;bhi:#0x00017924:16;btst.w:0x3,@0xf45a:16;beq:#0x00017924:16;cmp:g.w:@0xef6a:16,R2;bhi:#0x00017924:16;mov:g.w:@0xf20e:16,R0;and.w:0x11,R0;bne:#0x00017924:16;mov:g.w:@0xf10e:16,R0;cmp:g.w:@0xda4:16,R0;blo:#0x00017924:16;tst.b:@0x30a:16;beq:#0x00017929:16;btst.w:0x3,@0xf1fe:16;bne:#0x00017824:8;btst.w:0x7,@0xf20e:16;bne:#0x00017824:8;btst.w:0xb,@0xf45a:16;beq:#0x00017924:16;btst.w:0x2,@0xf1f6:16;beq:#0x00017831:8;btst.w:0x3,@0xf75a:16;bne:#0x00017924:16;btst.w:0x7,@0xf1f6:16;beq:#0x0001783e:8;btst.w:0x2,@0xf75a:16;bne:#0x00017924:16;btst.w:0xd,@0xf1f6:16;beq:#0x00017929:16;btst.w:0x4,@0xf75a:16;beq:#0x00017929:16;bra:#0x00017924:16;cmp:g.b:#0x1:8,@0x2df:16;bne:#0x000178bf:16;btst.w:0x3,@0xf1fe:16;beq:#0x00017873:8;mov:g.w:@0xf17a:16,R0;cmp:g.w:@0x110a:16,R0;bls:#0x00017924:16;mov:g.w:@0xf13c:16,R0;cmp:g.w:@0x110c:16,R0;bls:#0x00017924:16;btst.w:0x3,@0xf1fe:16;bne:#0x00017887:8;btst.w:0x2,@0xf45a:16;beq:#0x00017924:16;btst.w:0x1,@0xf45a:16;bne:#0x00017924:16;btst.w:0x3,@0xf20e:16;beq:#0x00017894:8;tst.w:@0xeffe:16;beq:#0x00017924:16;btst.w:0x3,@0xf45a:16;beq:#0x00017924:16;mov:g.w:@0xef6a:16,R0;cmp:g.w:@0xdaa:16,R0;blo:#0x00017924:16;mov:g.w:@0xf20e:16,R0;and.w:0x11,R0;bne:#0x00017924:16;mov:g.w:@0xf10e:16,R0;cmp:g.w:@0xda4:16,R0;bhs:#0x00017929:16;bra:#0x00017924:16;mov:g.w:@0xf216:16,R2;and.w:0x10,R2;btst.w:0x3,@0xf1fe:16;beq:#0x000178d2:8;tst.w:R2;beq:#0x00017924:16;btst.w:0x3,@0xf1fe:16;bne:#0x000178f4:8;btst.w:0x2,@0xf45a:16;beq:#0x00017924:8;btst.w:0x1,@0xf45a:16;bne:#0x00017924:8;tst.b:@0x2e1:16;beq:#0x000178f4:8;mov:g.w:@0xf216:16,R0;and.w:0xf,R0;beq:#0x00017924:8;tst.b:@0x2e0:16;beq:#0x00017900:8;btst.w:0x3,@0xf20e:16;bne:#0x00017924:8;btst.w:0x3,@0xf45a:16;beq:#0x00017924:8;mov:g.w:@0xef6a:16,R0;cmp:g.w:@0xdaa:16,R0;blo:#0x00017924:8;mov:g.w:@0xf20e:16,R0;and.w:0x11,R0;bne:#0x00017924:8;mov:g.w:@0xf10e:16,R0;cmp:g.w:@0xda4:16,R0;bhs:#0x00017929:8;mov:i:#0x1:16,R0;bra:#0x0001792b:8;clr.w:R0;ldm.w:@SP+,(R5 R2 );prts:;
0001792f,isc_decel_fuel_cut_check,mov:g.w:R2,@-SP;mov:g.w:@0xf20e:16,R2;and.w:0x80,R2;tst.b:@0x30a:16;bne:#0x00017944:8;tst.w:R2;beq:#0x00017994:16;tst.b:@0x30a:16;beq:#0x00017954:8;tst.w:R2;bne:#0x00017954:8;btst.w:0xb,@0xf45a:16;bne:#0x00017994:8;mov:g.w:@0xf130:16,R0;cmp:g.w:@0x900:16,R0;blo:#0x00017994:8;mov:g.w:@0xf118:16,R0;cmp:g.w:@0x8fc:16,R0;bhs:#0x00017994:8;tst.b:@0x30a:16;beq:#0x00017999:8;btst.w:0xd,@0xf1f6:16;beq:#0x0001797a:8;btst.w:0x5,@0xf75a:16;bne:#0x00017994:8;btst.w:0x3,@0xf1fe:16;beq:#0x00017999:8;mov:g.w:@0xf17a:16,R0;cmp:g.w:@0x110a:16,R0;bls:#0x00017999:8;mov:g.w:@0xf13c:16,R0;cmp:g.w:@0x110c:16,R0;bls:#0x00017999:8;mov:i:#0x1:16,R0;bra:#0x0001799b:8;clr.w:R0;mov:g.w:@SP+,R2;prts:;
0001799f,isc_f03e_f45a_timer_update,btst.w:0x4,@0xf20e:16;bne:#0x000179b7:8;tst.w:@0xf03e:16;bne:#0x000179e3:8;btst.w:0x7,@0xf45a:16;beq:#0x000179c9:8;btst.w:0x5,@0xf45a:16;bne:#0x000179c9:8;mov:g.w:@0xda6:16,R0;mulxu.w:0x50,R0;mov:g.w:R1,@0xf03e:16;bclr.w:0x7,@0xf45a:16;bra:#0x000179e3:8;mov:g.w:@0xf45a:16,R0;and.w:0xc0,R0;bne:#0x000179e3:8;mov:g.w:@0xda8:16,R0;mulxu.w:0x50,R0;mov:g.w:R1,@0xf03e:16;bset.w:@0xf45a:16,0x7;prts:;
000179e5,isc_stepper_mode_dispatch,mov:g.w:R2,@-SP;clr.w:R2;tst.b:@0x2e2:16;beq:#0x00017a15:8;tst.b:@0x30a:16;beq:#0x00017a05:8;pjsr:@0x18357:24;pjsr:@0x17dd3:24;pjsr:@0x182e8:24;mov:g.w:R0,R2;bra:#0x00017a26:8;pjsr:@0x17a94:24;pjsr:@0x17bc2:24;pjsr:@0x17c75:24;mov:g.w:R0,R2;bra:#0x00017a26:8;cmp:g.b:#0x1:8,@0x2df:16;bne:#0x00017a31:8;pjsr:@0x18450:24;pjsr:@0x184c3:24;mov:g.w:R0,R2;mov:g.w:R2,@-SP;pjsr:@0x1842b:24;add:q.w:#2,SP;bra:#0x00017a90:16;cmp:g.b:#0x3:8,@0x2df:16;beq:#0x00017a3e:8;tst.b:@0x2df:16;bne:#0x00017a8e:8;btst.w:0x6,@0xf45a:16;bne:#0x00017a4e:8;mov:g.w:@0xf45a:16,R0;and.w:0xa0,R0;bne:#0x00017a88:8;mov:g.w:@0xf45c:16,R2;tst.w:@0xeffc:16;bne:#0x00017a8e:8;tst.w:R2;bne:#0x00017a6d:8;tst.b:@0x2df:16;bne:#0x00017a67:8;mov:i:#0x80:16,R2;bra:#0x00017a7e:8;mov:g.w:@0xdba:16,R2;bne:#0x00017a7e:8;mov:g.w:@0xdb6:16,R0;mov:g.w:R0,@-SP;mov:g.w:R2,@-SP;pjsr:@0x14000:24;adds.b:0x4,SP;mov:g.w:R0,R2;mov:g.w:@0xdb8:16,R0;mov:g.w:R0,@0xeffc:16;bra:#0x00017a8e:8;clr.w:R2;clr.w:@0xeffc:16;mov:g.w:R2,R0;mov:g.w:@SP+,R2;prts:;
00017a94,isc_stepper_position_calc,link:FP,#-0x2:8;stm:(R2 R3 R5 ),@-SP;mov:g.w:@0xf462:16,R0;mov:f.w:R0,@(-0x2:8,FP);btst.w:0x3,@0xf20e:16;bne:#0x00017aaa:8;btst.w:0x7,@0xf216:16;bne:#0x00017aaf:8;mov:i:#0x1:16,R2;bra:#0x00017ab9:8;clr.w:R2;mov:g.w:@0x1114:16,R0;mov:g.w:R0,@0xf05e:16;mov:g.w:@0xf20e:16,R0;and.w:0x11,R0;bne:#0x00017b1d:16;tst.w:R2;beq:#0x00017ad1:8;tst.w:@0xf05e:16;bne:#0x00017ba8:16;bra:#0x00017b1d:8;btst.w:0xd,@0xf1f6:16;beq:#0x00017b07:8;btst.w:0x5,@0xf75a:16;beq:#0x00017b07:8;tst.w:@(-0x2:8,FP);bne:#0x00017b07:8;mov:g.w:@0xf48e:16,R0;mov:g.w:R0,@-SP;mov:g.w:#0x100:16,@-SP;mov:g.w:@0x144e:16,R0;mov:g.w:R0,@-SP;pjsr:@0x1405c:24;adds.b:0x4,SP;mov:g.w:R0,@-SP;pjsr:@0x140c0:24;adds.b:0x4,SP;mov:f.w:R0,@(-0x2:8,FP);bra:#0x00017ba8:16;btst.w:0xd,@0xf1f6:16;beq:#0x00017b23:8;btst.w:0x4,@0xf75a:16;beq:#0x00017b23:8;mov:g.w:@0xf45c:16,R0;cmp:g.w:@0x144e:16,R0;bhi:#0x00017b23:8;clr.w:@(-0x2:8,FP);bra:#0x00017ba8:16;btst.w:0x3,@0xf208:16;beq:#0x00017ba8:16;mov:g.w:@0xf75a:16,R0;and.w:0x30,R0;beq:#0x00017b3e:8;mov:g.w:@0x1236:16,R5;mov:g.w:@0x1234:16,R2;bra:#0x00017b56:8;btst.w:0x7,@0xf0f8:16;beq:#0x00017b4e:8;mov:g.w:@0x1104:16,R5;mov:g.w:@0x1106:16,R2;bra:#0x00017b56:8;mov:g.w:@0x1102:16,R2;mov:g.w:@0x1102:16,R5;btst.w:0x5,@0xf75a:16;bne:#0x00017b88:8;btst.w:0x4,@0xf75a:16;bne:#0x00017b7c:8;mov:g.w:@0xf75a:16,R0;and.w:0x3,R0;bne:#0x00017b7c:8;mov:g.w:@0xf45a:16,R0;and.w:0xa0,R0;beq:#0x00017b80:8;btst.w:0x6,@0xf45a:16;bne:#0x00017b80:8;clr.w:R3;bra:#0x00017b83:8;mov:i:#0x1:16,R3;cmp:i:#0x1:16,R3;bne:#0x00017b99:8;mov:g.w:R5,@-SP;mov:f.w:@(-0x2:8,FP),R0;mov:g.w:R0,@-SP;pjsr:@0x14000:24;adds.b:0x4,SP;mov:f.w:R0,@(-0x2:8,FP);bra:#0x00017ba8:8;mov:g.w:R2,@-SP;mov:f.w:@(-0x2:8,FP),R0;mov:g.w:R0,@-SP;pjsr:@0x14036:24;adds.b:0x4,SP;mov:f.w:R0,@(-0x2:8,FP);cmp:g.w:#0xff:16,@(-0x2:8,FP);bhs:#0x00017bb7:8;mov:f.w:@(-0x2:8,FP),R0;mov:g.w:R0,@0xf462:16;bra:#0x00017bbd:8;mov:g.w:#0xff:16,@0xf462:16;ldm.w:@SP+,(R5 R3 R2 );unlk:FP;prts:;
00017bc2,isc_stepper_secondary_position_calc,stm:(R2 R3 ),@-SP;mov:i:#0xff:16,R3;mov:g.w:@0xf464:16,R2;mov:g.w:@0xf20e:16,R0;and.w:0x11,R0;beq:#0x00017bd9:8;bclr.w:0x9,@0xf45a:16;mov:g.w:@0xf20e:16,R0;or.w:@0xf210:16,R0;btst.w:0xb,R0;beq:#0x00017bfd:8;tst.w:@0xf462:16;beq:#0x00017bfd:8;cmp:g.w:@0xf462:16,R3;bls:#0x00017bfd:8;tst.w:@0xf092:16;bne:#0x00017c05:8;bset.w:@0xf45a:16,0x9;bra:#0x00017c05:8;mov:g.w:@0x112c:16,R0;mov:g.w:R0,@0xf092:16;mov:g.w:@0xf20e:16,R0;and.w:0x11,R0;beq:#0x00017c13:8;mov:g.w:R3,R2;bra:#0x00017c63:8;mov:g.w:@0xf75a:16,R0;and.w:0x30,R0;bne:#0x00017c29:8;btst.w:0x9,@0xf45a:16;bne:#0x00017c29:8;btst.w:0x6,@0xf45a:16;beq:#0x00017c42:8;btst.w:0x2,@0xf208:16;beq:#0x00017c63:8;mov:g.w:@0x1128:16,R0;mov:g.w:R0,@-SP;mov:g.w:R2,@-SP;pjsr:@0x14036:24;adds.b:0x4,SP;mov:g.w:R0,R2;bra:#0x00017c63:8;mov:g.w:@0xf45a:16,R0;and.w:0xe0,R0;bne:#0x00017c63:8;btst.w:0x2,@0xf208:16;beq:#0x00017c63:8;mov:g.w:@0x1128:16,R0;mov:g.w:R0,@-SP;mov:g.w:R2,@-SP;pjsr:@0x14000:24;adds.b:0x4,SP;mov:g.w:R0,R2;cmp:g.w:R3,R2;bhs:#0x00017c6d:8;mov:g.w:R2,@0xf464:16;bra:#0x00017c71:8;mov:g.w:R3,@0xf464:16;ldm.w:@SP+,(R3 R2 );prts:;
00017c75,isc_openloop_target_calc,stm:(R2 R3 R5 ),@-SP;btst.w:0xa,@0xf45a:16;beq:#0x00017c8d:8;mov:g.w:@0xf1de:16,R0;cmp:g.w:@0x1110:16,R0;bhi:#0x00017c9b:8;bclr.w:0xa,@0xf45a:16;bra:#0x00017c9b:8;mov:g.w:@0xf1de:16,R0;cmp:g.w:@0x110e:16,R0;bls:#0x00017c9b:8;bset.w:@0xf45a:16,0xa;btst.w:0x3,@0xf1fe:16;bne:#0x00017ca7:8;btst.w:0xa,@0xf45a:16;bne:#0x00017cad:8;bclr.w:0x8,@0xf45a:16;bra:#0x00017cb1:8;bset.w:@0xf45a:16,0x8;mov:g.w:#0xd7ca:16,@-SP;mov:g.w:#0x2:8,@-SP;pjsr:@0x14735:24;adds.b:0x4,SP;mov:g.w:@0xf114:16,R0;cmp:g.w:@0x1120:16,R0;blo:#0x00017cd2:8;mov:g.w:#0x319c:16,@-SP;mov:g.w:#0x1:8,@-SP;bra:#0x00017cd9:8;mov:g.w:#0x319c:16,@-SP;mov:g.w:#0x1:8,@-SP;pjsr:@0x14656:24;adds.b:0x4,SP;mov:g.w:R0,R2;btst.w:0x8,@0xf45a:16;beq:#0x00017d0d:8;mov:g.w:#0xd76e:16,@-SP;mov:g.w:#0x2:8,@-SP;pjsr:@0x14735:24;adds.b:0x4,SP;mov:g.w:#0xd7b0:16,@-SP;mov:g.w:#0x2:8,@-SP;pjsr:@0x14735:24;adds.b:0x4,SP;mov:g.w:#0x31a0:16,@-SP;mov:g.w:#0x1:8,@-SP;bra:#0x00017d30:8;mov:g.w:#0xd784:16,@-SP;mov:g.w:#0x2:8,@-SP;pjsr:@0x14735:24;adds.b:0x4,SP;mov:g.w:#0xd7b0:16,@-SP;mov:g.w:#0x2:8,@-SP;pjsr:@0x14735:24;adds.b:0x4,SP;mov:g.w:#0x31a8:16,@-SP;mov:g.w:#0x1:8,@-SP;pjsr:@0x14656:24;adds.b:0x4,SP;mov:g.w:R0,R3;mov:g.w:@0x1116:16,R0;mov:g.w:R0,@-SP;mov:g.w:R2,R0;shll.w:R0;shll.w:R0;mov:g.w:R0,@-SP;mov:g.w:@0x1116:16,R0;mov:g.w:R0,@-SP;mov:g.w:R3,@-SP;pjsr:@0x14036:24;adds.b:0x4,SP;mov:g.w:R0,@-SP;pjsr:@0x1436c:24;adds.b:0x4,SP;mov:g.w:R0,@-SP;pjsr:@0x14000:24;adds.b:0x4,SP;mov:g.w:R0,R5;mov:g.w:@0xf464:16,R0;mov:g.w:R0,@-SP;mov:g.w:R3,@-SP;mov:g.w:R5,@-SP;pjsr:@0x14599:24;adds.b:0x6,SP;mov:g.w:R0,R2;cmp:g.w:R5,R2;blo:#0x00017d83:8;mov:g.w:R5,R2;cmp:i:#0xff:16,R2;bhs:#0x00017d8e:8;mov:g.w:R2,@0xf48e:16;bra:#0x00017d94:8;mov:g.w:#0xff:16,@0xf48e:16;btst.w:0x3,@0xf20e:16;bne:#0x00017db8:8;btst.w:0x7,@0xf216:16;beq:#0x00017db8:8;tst.b:@0x2cb:16;beq:#0x00017dbc:8;tst.b:@0x31b:16;beq:#0x00017dbc:8;btst.w:0x6,@0xf25e:16;bne:#0x00017db8:8;tst.w:@0xefa6:16;beq:#0x00017dbc:8;clr.w:R0;bra:#0x00017dcf:8;mov:g.w:#0xff:16,@-SP;mov:g.w:@0xf462:16,R0;mov:g.w:R0,@-SP;mov:g.w:R2,@-SP;pjsr:@0x14219:24;adds.b:0x6,SP;ldm.w:@SP+,(R5 R3 R2 );prts:;
00017dd3,isc_integrator_update,stm:(R2 R3 ),@-SP;mov:i:#0x80:16,R2;tst.w:@0xf064:16;bne:#0x00017dfa:8;mov:g.w:@0xf1c8:16,R0;cmp:g.w:@0x146a:16,R0;bhi:#0x00017df2:8;mov:g.w:@0xf1cc:16,R0;cmp:g.w:@0x146c:16,R0;bls:#0x00017dfa:8;mov:g.w:@0x1468:16,R0;mov:g.w:R0,@0xf064:16;mov:g.w:@0xf20e:16,R0;and.w:0x11,R0;bne:#0x00017e10:8;tst.w:@0xf096:16;beq:#0x00017e10:8;btst.w:0xc,@0xf45a:16;beq:#0x00017e52:8;clr.w:@0xf478:16;clr.w:@0xf47a:16;clr.w:@0xf476:16;clr.w:@0xf474:16;clr.w:@0xf472:16;clr.w:@0xf468:16;mov:g.w:R2,@0xf47e:16;mov:g.w:R2,@0xf47c:16;mov:g.w:R2,@0xf482:16;mov:g.w:R2,@0xf486:16;mov:g.w:#0x8080:16,@0xf480:16;mov:g.w:@0x13f6:16,R0;mov:g.w:R0,@0xf484:16;mov:g.w:@0xf48c:16,R0;and.w:0x3fff,R0;mov:g.w:R0,@0xf48c:16;btst.w:0xa,@0xf45a:16;beq:#0x00017e68:8;mov:g.w:@0xf1de:16,R0;cmp:g.w:@0x1110:16,R0;bhi:#0x00017e76:8;bclr.w:0xa,@0xf45a:16;bra:#0x00017e76:8;mov:g.w:@0xf1de:16,R0;cmp:g.w:@0x110e:16,R0;bls:#0x00017e76:8;bset.w:@0xf45a:16,0xa;btst.w:0x3,@0xf1fe:16;bne:#0x00017e82:8;btst.w:0xa,@0xf45a:16;bne:#0x00017e88:8;bclr.w:0x8,@0xf45a:16;bra:#0x00017e8c:8;bset.w:@0xf45a:16,0x8;btst.w:0x8,@0xf45a:16;beq:#0x00017edc:8;mov:g.w:#0xd856:16,@-SP;mov:g.w:#0x2:8,@-SP;pjsr:@0x14735:24;adds.b:0x4,SP;mov:g.w:#0xd7b0:16,@-SP;mov:g.w:#0x2:8,@-SP;pjsr:@0x14735:24;adds.b:0x4,SP;mov:g.w:#0x31b0:16,@-SP;mov:g.w:#0x1:8,@-SP;pjsr:@0x14656:24;adds.b:0x4,SP;mov:g.w:R0,@0xf46e:16;mov:g.w:#0x31b0:16,@-SP;mov:g.w:#0x1:8,@-SP;pjsr:@0x14656:24;adds.b:0x4,SP;mov:g.w:R0,@0xf46c:16;mov:g.w:@0x13fa:16,R0;mov:g.w:R0,@0xf470:16;bra:#0x00017f24:8;mov:g.w:#0xd784:16,@-SP;mov:g.w:#0x2:8,@-SP;pjsr:@0x14735:24;adds.b:0x4,SP;mov:g.w:#0xd7b0:16,@-SP;mov:g.w:#0x2:8,@-SP;pjsr:@0x14735:24;adds.b:0x4,SP;mov:g.w:#0x31a8:16,@-SP;mov:g.w:#0x1:8,@-SP;pjsr:@0x14656:24;adds.b:0x4,SP;mov:g.w:R0,@0xf46e:16;mov:g.w:#0x31a8:16,@-SP;mov:g.w:#0x1:8,@-SP;pjsr:@0x14656:24;adds.b:0x4,SP;mov:g.w:R0,@0xf46c:16;mov:g.w:@0x13f8:16,R0;mov:g.w:R0,@0xf470:16;mov:g.w:@0x140a:16,R0;mov:g.w:R0,@-SP;mov:g.w:@0xf468:16,R0;mov:g.w:R0,@-SP;pjsr:@0x14293:24;adds.b:0x4,SP;cmp:g.w:@0xf46c:16,R0;bhs:#0x00017f56:8;mov:g.w:@0x140a:16,R0;mov:g.w:R0,@-SP;mov:g.w:@0xf468:16,R0;mov:g.w:R0,@-SP;pjsr:@0x14293:24;adds.b:0x4,SP;mov:g.w:R0,@0xf46a:16;bra:#0x00017f5e:8;mov:g.w:@0xf46c:16,R0;mov:g.w:R0,@0xf46a:16;btst.w:0x3,@0xf1fe:16;bne:#0x000181ef:16;tst.w:@0xf45c:16;beq:#0x000181ef:16;btst.w:0xc,@0xf45a:16;bne:#0x000181ef:16;btst.w:0x1,@0xf208:16;beq:#0x00018175:16;tst.w:@0xf484:16;bne:#0x0001801b:16;btst.w:0xd,@0xf48c:16;beq:#0x00017f8f:8;mov:g.w:@0x1466:16,R0;mov:g.w:R0,@-SP;bra:#0x00017f95:8;mov:g.w:@0x13f6:16,R0;mov:g.w:R0,@-SP;mov:g.w:@0xf47a:16,R0;mov:g.w:R0,@-SP;mov:g.w:@0xf478:16,R1;mov:g.w:R1,@-SP;pjsr:@0x140dc:24;adds.b:0x6,SP;mov:g.w:R0,@0xf474:16;btst.w:0xe,@0xf48c:16;bne:#0x00017fc0:8;mov:g.w:@0xf474:16,R0;mov:g.w:R0,@0xf476:16;bset.w:@0xf48c:16,0xe;bra:#0x00017fed:8;mov:g.w:@0xf468:16,R0;cmp:g.w:@0x140e:16,R0;bhi:#0x00017fd0:8;mov:g.w:@0x1416:16,R3;bra:#0x00017fd4:8;mov:g.w:@0x1418:16,R3;mov:g.w:R3,@-SP;mov:g.w:@0xf474:16,R0;mov:g.w:R0,@-SP;mov:g.w:@0xf476:16,R0;mov:g.w:R0,@-SP;pjsr:@0x1456d:24;adds.b:0x6,SP;mov:g.w:R0,@0xf476:16;tst.w:@0xf064:16;beq:#0x00018001:8;mov:g.w:@0x1466:16,R0;mov:g.w:R0,@0xf484:16;bset.w:@0xf48c:16,0xd;bra:#0x0001800d:8;mov:g.w:@0x13f6:16,R0;mov:g.w:R0,@0xf484:16;bclr.w:0xd,@0xf48c:16;clr.w:@0xf478:16;clr.w:@0xf47a:16;bset.w:@0xf48c:16,0xf;bra:#0x00018023:8;add:q.w:#-1,@0xf484:16;bclr.w:0xf,@0xf48c:16;mov:g.w:@0xf47c:16,R0;mov:g.w:R0,@0xf47e:16;mov:g.w:#0x200:16,@-SP;mov:g.w:@0xf46a:16,R0;mov:g.w:R0,@-SP;mov:g.w:@0xf476:16,R0;mov:g.w:R0,@-SP;pjsr:@0x141ba:24;adds.b:0x6,SP;mov:g.w:R0,@-SP;mov:g.w:#0x4:8,@-SP;mov:g.w:@0xf46a:16,R0;mov:g.w:R0,@-SP;pjsr:@0x140c0:24;adds.b:0x4,SP;mov:g.w:R0,@-SP;mov:g.w:R2,@-SP;pjsr:@0x14000:24;adds.b:0x4,SP;mov:g.w:R0,@-SP;pjsr:@0x1442d:24;add:q.w:#2,SP;mov:g.w:R0,@-SP;pjsr:@0x14036:24;adds.b:0x4,SP;mov:g.w:R0,@0xf47c:16;mov:g.w:@0x13fc:16,R0;mov:g.w:R0,@-SP;mov:g.w:@0xf47c:16,R0;swap.b:R0;clr.b:R0;mov:g.w:R0,@-SP;mov:g.w:@0xf480:16,R0;mov:g.w:R0,@-SP;pjsr:@0x1456d:24;adds.b:0x6,SP;mov:g.w:R0,@0xf480:16;mov:g.w:@0xf480:16,R0;mov:g.w:R0,@-SP;pjsr:@0x144b4:24;add:q.w:#2,SP;mov:g.w:R0,@0xf482:16;btst.w:0xf,@0xf48c:16;beq:#0x000180b9:8;mov:g.w:#0x37a8:16,@-SP;pjsr:@0x1821d:24;add:q.w:#2,SP;mov:g.w:R0,@0xf488:16;btst.w:0xf,@0xf48c:16;beq:#0x000180c7:8;mov:g.w:@0xf488:16,R0;mov:g.w:R0,@-SP;bra:#0x000180cd:8;mov:g.w:@0xf756:16,R0;mov:g.w:R0,@-SP;pjsr:@0x144b4:24;add:q.w:#2,SP;mov:g.w:R0,@0xf486:16;tst.w:@0xf46a:16;beq:#0x0001814c:8;mov:g.w:@0xf46a:16,R0;mov:g.w:R0,@-SP;mov:g.w:#0x180:16,@-SP;mov:g.w:@0xf482:16,R0;mov:g.w:R0,@-SP;pjsr:@0x14000:24;adds.b:0x4,SP;mov:g.w:R0,@-SP;mov:g.w:#0x180:16,@-SP;mov:g.w:@0xf486:16,R0;mov:g.w:R0,@-SP;pjsr:@0x14000:24;adds.b:0x4,SP;mov:g.w:R0,@-SP;pjsr:@0x1406f:24;adds.b:0x4,SP;mov:g.w:R1,@-SP;mov:g.w:R0,@-SP;mov:g.w:R2,@-SP;mov:g.w:#0x800:16,@-SP;mov:g.w:@0xf46a:16,R0;mov:g.w:R0,@-SP;pjsr:@0x14000:24;adds.b:0x4,SP;mov:g.w:R0,@-SP;pjsr:@0x1406f:24;adds.b:0x4,SP;mov:g.w:R1,@-SP;mov:g.w:R0,@-SP;pjsr:@0x14045:24;adds.b:0x8,SP;mov:g.w:R1,@-SP;mov:g.w:R0,@-SP;pjsr:@0x140dc:24;adds.b:0x6,SP;mov:g.w:R0,@0xf472:16;bra:#0x00018150:8;clr.w:@0xf472:16;mov:g.w:@0xf472:16,R0;clr.w:R1;mov:g.w:R0,@-SP;mov:g.w:R1,@-SP;mov:g.w:@0xf47a:16,R0;mov:g.w:R0,@-SP;mov:g.w:@0xf478:16,R1;mov:g.w:R1,@-SP;pjsr:@0x1401f:24;adds.b:0x8,SP;mov:g.w:R0,@0xf478:16;mov:g.w:R1,@0xf47a:16;mov:g.w:@0xf47c:16,R0;cmp:g.w:@0x1412:16,R0;bhi:#0x00018193:8;mov:g.w:@0xf468:16,R0;cmp:g.w:@0x1408:16,R0;bhs:#0x0001818b:8;bra:#0x00018193:8;mov:g.w:@0x1408:16,R0;mov:g.w:R0,@0xf468:16;btst.w:0x4,@0xf208:16;beq:#0x000181d1:8;mov:g.w:@0xf46a:16,R0;cmp:g.w:@0xf46c:16,R0;bhs:#0x000181d1:8;mov:g.w:@0xf47c:16,R0;cmp:g.w:@0x1414:16,R0;blo:#0x000181d1:8;mov:g.w:@0xf468:16,R0;cmp:g.w:@0x140e:16,R0;bhi:#0x000181c5:8;mov:g.w:@0xf468:16,R0;add:g.w:@0x1400:16,R0;mov:g.w:R0,@0xf468:16;bra:#0x000181d1:8;mov:g.w:@0xf468:16,R0;add:g.w:@0x140c:16,R0;mov:g.w:R0,@0xf468:16;mov:g.w:@0xf468:16,R0;cmp:g.w:@0x1410:16,R0;bhs:#0x000181dd:8;bra:#0x000181e5:8;mov:g.w:@0x1410:16,R0;mov:g.w:R0,@0xf468:16;mov:g.w:@0x1402:16,R0;mov:g.w:R0,@0xf096:16;bra:#0x00018219:8;mov:g.w:#0x8080:16,@0xf480:16;mov:g.w:R2,@0xf47e:16;mov:g.w:R2,@0xf47c:16;mov:g.w:R2,@0xf482:16;mov:g.w:@0x13f6:16,R0;mov:g.w:R0,@0xf484:16;clr.w:@0xf478:16;clr.w:@0xf47a:16;bclr.w:0xf,@0xf48c:16;bclr.w:0xd,@0xf48c:16;ldm.w:@SP+,(R3 R2 );prts:;
0001821d,isc_stepper_blend_from_struct,link:FP,#-0x2:8;stm:(R2 R3 ),@-SP;mov:i:#0x180:16,R3;tst.w:@0xf47c:16;beq:#0x00018273:8;mov:g.w:R3,@-SP;mov:g.w:@0xf47c:16,R0;mov:g.w:R0,@-SP;mov:g.w:R3,@-SP;tst.w:@0xf47e:16;bne:#0x00018268:8;pjsr:@0x14000:24;adds.b:0x4,SP;mov:g.w:R0,@-SP;mov:g.w:#0x100:16,@-SP;mov:f.w:@(0x6:8,FP),R0;mov:g.w:@(0x30:8,R0),R1;mov:g.w:@R1,R2;mov:g.w:R2,@-SP;pjsr:@0x140c0:24;adds.b:0x4,SP;mov:g.w:R0,@-SP;mov:g.w:R3,@-SP;pjsr:@0x14000:24;adds.b:0x4,SP;mov:g.w:R0,@-SP;mov:g.w:R3,@-SP;bra:#0x000182a9:8;pjsr:@0x14000:24;adds.b:0x4,SP;mov:g.w:R0,@-SP;bra:#0x00018277:8;mov:g.w:R3,@-SP;mov:g.w:R3,@-SP;mov:g.w:#0x100:16,@-SP;mov:f.w:@(0x6:8,FP),R0;mov:g.w:@(0x30:8,R0),R1;mov:g.w:@R1,R2;mov:g.w:R2,@-SP;pjsr:@0x140c0:24;adds.b:0x4,SP;mov:g.w:R0,@-SP;mov:g.w:R3,@-SP;pjsr:@0x14000:24;adds.b:0x4,SP;mov:g.w:R0,@-SP;mov:g.w:@0xf47e:16,R0;mov:g.w:R0,@-SP;mov:g.w:R3,@-SP;pjsr:@0x14000:24;adds.b:0x4,SP;mov:g.w:R0,@-SP;pjsr:@0x14219:24;adds.b:0x6,SP;mov:g.w:R0,@-SP;pjsr:@0x14036:24;adds.b:0x4,SP;mov:f.w:R0,@(-0x2:8,FP);mov:f.w:@(0x6:8,FP),R0;mov:g.w:@(0x40:8,R0),R1;mov:g.w:@R1,R2;mov:g.w:R2,@-SP;mov:g.w:@(0x42:8,R0),R2;mov:g.w:@R2,R3;mov:g.w:R3,@-SP;mov:g.w:#0x100:16,@-SP;mov:f.w:@(-0x2:8,FP),R3;mov:g.w:R3,@-SP;pjsr:@0x1405c:24;adds.b:0x4,SP;mov:g.w:R0,@-SP;pjsr:@0x1444c:24;adds.b:0x6,SP;ldm.w:@SP+,(R3 R2 );unlk:FP;prts:;
000182e8,isc_stepper_output_calc,mov:g.w:R2,@-SP;btst.w:0xc,@0xf45a:16;beq:#0x000182f6:8;mov:g.w:@0x14b8:16,R2;bra:#0x000182fa:8;mov:g.w:@0xf468:16,R2;tst.w:@0xf462:16;beq:#0x00018351:8;mov:g.w:@0xf470:16,R0;mov:g.w:R0,@-SP;mov:g.w:#0x29:8,@-SP;mov:g.w:#0xff:16,@-SP;mov:g.w:@0xf462:16,R0;mov:g.w:R0,@-SP;mov:g.w:#0x2:8,@-SP;mov:g.w:R2,@-SP;pjsr:@0x1405c:24;adds.b:0x4,SP;mov:g.w:R0,@-SP;pjsr:@0x14219:24;adds.b:0x6,SP;mov:g.w:R0,@-SP;mov:g.w:@0xf470:16,R0;mov:g.w:R0,@-SP;mov:g.w:@0xf46e:16,R0;mov:g.w:R0,@-SP;pjsr:@0x14036:24;adds.b:0x4,SP;mov:g.w:R0,@-SP;pjsr:@0x14219:24;adds.b:0x6,SP;mov:g.w:R0,@-SP;pjsr:@0x14000:24;adds.b:0x4,SP;bra:#0x00018353:8;clr.w:R0;mov:g.w:@SP+,R2;prts:;
00018357,isc_f462_integrator_update,link:FP,#-0x2:8;stm:(R2 R3 R5 ),@-SP;mov:g.w:@0xf462:16,R0;mov:f.w:R0,@(-0x2:8,FP);btst.w:0x3,@0xf20e:16;bne:#0x0001836d:8;btst.w:0x7,@0xf216:16;bne:#0x00018372:8;mov:i:#0x1:16,R2;bra:#0x00018374:8;clr.w:R2;clr.w:@0xf05e:16;mov:g.w:@0xf20e:16,R0;and.w:0x11,R0;bne:#0x00018386:8;tst.w:R2;beq:#0x0001838c:8;clr.w:@(-0x2:8,FP);bra:#0x00018411:16;btst.w:0x2,@0xf208:16;beq:#0x00018411:16;mov:g.w:@0xf75a:16,R0;and.w:0x30,R0;beq:#0x000183a7:8;mov:g.w:@0x1236:16,R5;mov:g.w:@0x1234:16,R2;bra:#0x000183bf:8;btst.w:0x7,@0xf0f8:16;beq:#0x000183b7:8;mov:g.w:@0x1104:16,R5;mov:g.w:@0x1106:16,R2;bra:#0x000183bf:8;mov:g.w:@0x1102:16,R2;mov:g.w:@0x1102:16,R5;btst.w:0x5,@0xf75a:16;bne:#0x000183f1:8;btst.w:0x4,@0xf75a:16;bne:#0x000183e5:8;mov:g.w:@0xf75a:16,R0;and.w:0x3,R0;bne:#0x000183e5:8;mov:g.w:@0xf45a:16,R0;and.w:0xa0,R0;beq:#0x000183e9:8;btst.w:0x6,@0xf45a:16;bne:#0x000183e9:8;clr.w:R3;bra:#0x000183ec:8;mov:i:#0x1:16,R3;cmp:i:#0x1:16,R3;bne:#0x00018402:8;mov:g.w:R5,@-SP;mov:f.w:@(-0x2:8,FP),R0;mov:g.w:R0,@-SP;pjsr:@0x14000:24;adds.b:0x4,SP;mov:f.w:R0,@(-0x2:8,FP);bra:#0x00018411:8;mov:g.w:R2,@-SP;mov:f.w:@(-0x2:8,FP),R0;mov:g.w:R0,@-SP;pjsr:@0x14036:24;adds.b:0x4,SP;mov:f.w:R0,@(-0x2:8,FP);cmp:g.w:#0xff:16,@(-0x2:8,FP);bhs:#0x00018420:8;mov:f.w:@(-0x2:8,FP),R0;mov:g.w:R0,@0xf462:16;bra:#0x00018426:8;mov:g.w:#0xff:16,@0xf462:16;ldm.w:@SP+,(R5 R3 R2 );unlk:FP;prts:;
0001842b,isc_dashpot_override_check,link:FP,#0x0:8;mov:g.w:R2,@-SP;mov:f.w:@(0x6:8,FP),R2;btst.w:0x3,@0xf1fe:16;beq:#0x00018449:8;btst.w:0x6,@0xf45a:16;beq:#0x00018445:8;mov:g.w:@0x1100:16,R2;mov:g.w:R2,R0;bra:#0x0001844b:8;clr.w:R0;bra:#0x0001844b:8;mov:g.w:R2,R0;mov:g.w:@SP+,R2;unlk:FP;prts:;
00018450,isc_f462_position_ramp,mov:g.w:R2,@-SP;mov:g.w:@0xf462:16,R2;mov:g.w:@0xf20e:16,R0;and.w:0x11,R0;bne:#0x00018466:8;btst.w:0x5,@0xf45a:16;beq:#0x0001846a:8;clr.w:R2;bra:#0x000184ae:8;btst.w:0x2,@0xf208:16;beq:#0x000184ae:8;mov:g.w:@0xf75a:16,R0;and.w:0x3,R0;bne:#0x0001848a:8;mov:g.w:@0xf45a:16,R0;and.w:0xa0,R0;beq:#0x0001849d:8;btst.w:0x6,@0xf45a:16;bne:#0x0001849d:8;mov:g.w:@0x1102:16,R0;mov:g.w:R0,@-SP;mov:g.w:R2,@-SP;pjsr:@0x14036:24;adds.b:0x4,SP;mov:g.w:R0,R2;bra:#0x000184ae:8;mov:g.w:@0x1102:16,R0;mov:g.w:R0,@-SP;mov:g.w:R2,@-SP;pjsr:@0x14000:24;adds.b:0x4,SP;mov:g.w:R0,R2;cmp:i:#0xff:16,R2;bhs:#0x000184b9:8;mov:g.w:R2,@0xf462:16;bra:#0x000184bf:8;mov:g.w:#0xff:16,@0xf462:16;mov:g.w:@SP+,R2;prts:;
000184c3,isc_openloop_stepper_scale_calc,mov:g.w:#0xd76e:16,@-SP;mov:g.w:#0x2:8,@-SP;pjsr:@0x14735:24;adds.b:0x4,SP;mov:g.w:#0xd7b0:16,@-SP;mov:g.w:#0x2:8,@-SP;pjsr:@0x14735:24;adds.b:0x4,SP;mov:g.w:#0x31a0:16,@-SP;mov:g.w:#0x1:8,@-SP;pjsr:@0x14656:24;adds.b:0x4,SP;mov:g.w:#0xff:16,@-SP;mov:g.w:@0xf462:16,R1;mov:g.w:R1,@-SP;mov:g.w:R0,@-SP;pjsr:@0x14219:24;adds.b:0x6,SP;prts:;
00018502,isc_activation_control_f466,stm:(R2 R3 R5 ),@-SP;mov:i:#0x100:16,R3;pjsr:@0x16f3b:24;mov:g.w:R0,R2;btst.w:0x0,@0xf75c:16;bne:#0x0001851f:8;btst.w:0x2,@0xf510:16;bne:#0x0001851f:8;btst.w:0x3,@0xf512:16;beq:#0x00018538:8;bset.w:@0xf0ea:16,0xf;pjsr:@0x15319:24;clr.w:@-SP;pjsr:@0x15a3a:24;add:q.w:#2,SP;mov:g.w:#0xff:16,@0xf466:16;bra:#0x000185a2:16;bclr.w:0xf,@0xf0ea:16;pjsr:@0x15319:24;tst.w:R2;beq:#0x000185a2:8;mov:i:#0x2:16,R5;mov:g.w:@0xf45a:16,R0;and.w:R3 ,R0;beq:#0x00018552:8;mov:i:#0x1:16,R5;mov:g.w:@0xf466:16,R2;add:q.w:#1,R2;bne:#0x0001855c:8;add:q.w:#-1,R2;cmp:g.w:R5,R2;blo:#0x0001856a:8;clr.w:R2;mov:g.w:@0xf45c:16,R0;mov:g.w:R0,@0xf460:16;mov:g.w:R2,@0xf466:16;mov:g.w:#0xff:16,@-SP;mov:g.w:R3,@-SP;mov:g.w:@0xf460:16,R0;mov:g.w:R0,@-SP;pjsr:@0x141ba:24;adds.b:0x6,SP;mov:g.w:R2,R1;swap.b:R1;clr.b:R1;mov:g.w:R1,@-SP;mov:g.w:R0,@-SP;pjsr:@0x14036:24;adds.b:0x4,SP;mov:g.w:R0,R2;cmp:g.w:R3,R2;blo:#0x0001859a:8;mov:g.w:R3,R2;mov:g.w:R2,@-SP;pjsr:@0x15a3a:24;add:q.w:#2,SP;ldm.w:@SP+,(R5 R3 R2 );prts:;
000185a6,f0ea_bit6_update_from_mode_check,pjsr:@0x185de:24;tst.w:R0;beq:#0x000185c6:8;stc.w:SR,@-SP;orc.w:0x700,SR;andc.w:0xfeff,SR;ldc.b:0x0,DP;bset.w:@0xf0ea:16,0x6;ldc.w:@SP+ ,SR;ldc.b:0x0,DP;bra:#0x000185dc:8;stc.w:SR,@-SP;orc.w:0x700,SR;andc.w:0xfeff,SR;ldc.b:0x0,DP;bclr.w:0x6,@0xf0ea:16;ldc.w:@SP+ ,SR;ldc.b:0x0,DP;prts:;
000185de,engine_mode_f512_bit4_check,btst.w:0x4,@0xf20e:16;beq:#0x000185ef:8;btst.w:0x4,@0xf512:16;beq:#0x000185ef:8;mov:i:#0x1:16,R0;bra:#0x000185f1:8;clr.w:R0;prts:;
00018600,egr_f0e6_bit1_update,btst.w:0x8,@0xf0f8:16;bne:#0x0001860e:8;mov:g.w:@0xe3e:16,R0;mov:g.w:R0,@0xefe8:16;tst.b:@0x2ee:16;beq:#0x00018622:8;pjsr:@0x18628:24;tst.w:R0;beq:#0x00018622:8;bset.w:@0xf0e6:16,0x1;bra:#0x00018626:8;bclr.w:0x1,@0xf0e6:16;prts:;
00018628,egr_activity_condition_check,tst.w:@0xef90:16;beq:#0x00018647:8;mov:g.w:@0xdd8:16,R0;mulxu.w:0x14,R0;cmp:g.w:@0xef6e:16,R1;bhs:#0x00018642:8;tst.w:@0xefe8:16;bne:#0x00018647:8;mov:i:#0x1:16,R0;bra:#0x00018649:8;clr.w:R0;prts:;
00018650,egr_target_f448_update,mov:g.w:R2,@-SP;clr.w:R2;tst.b:@0x2de:16;beq:#0x00018681:8;btst.w:0x4,@0xf20e:16;beq:#0x0001866b:8;btst.w:0x4,@0xf510:16;beq:#0x0001866b:8;mov:i:#0x80:16,R2;bra:#0x00018681:8;pjsr:@0x18689:24;tst.w:R0;bne:#0x00018681:8;pjsr:@0x186fa:24;mov:g.w:R0,@-SP;pjsr:@0x1a26e:24;add:q.w:#2,SP;mov:g.w:R0,R2;mov:g.w:R2,@0xf448:16;mov:g.w:@SP+,R2;prts:;
00018689,egr_coolant_rpm_enable_check,mov:g.w:R2,@-SP;btst.w:0xb,@0xf1f2:16;beq:#0x000186b1:8;mov:g.w:@0xebc:16,R2;tst.w:@0xf448:16;bne:#0x0001869f:8;mov:g.w:@0xebe:16,R2;mov:g.w:@0xf20e:16,R0;and.w:0x11,R0;bne:#0x000186ef:8;cmp:g.w:@0xf10e:16,R2;bhi:#0x000186f4:8;bra:#0x000186ef:8;btst.w:0xf,@0xf440:16;beq:#0x000186c7:8;mov:g.w:@0xf10e:16,R0;cmp:g.w:@0xec4:16,R0;bhi:#0x000186d5:8;bclr.w:0xf,@0xf440:16;bra:#0x000186d5:8;mov:g.w:@0xf10e:16,R0;cmp:g.w:@0xec2:16,R0;bls:#0x000186d5:8;bset.w:@0xf440:16,0xf;mov:g.w:@0xf20e:16,R0;and.w:0x11,R0;bne:#0x000186ef:8;btst.w:0x3,@0xf1fe:16;bne:#0x000186ef:8;mov:g.w:@0xf118:16,R0;cmp:g.w:@0xec0:16,R0;bhi:#0x000186f4:8;mov:i:#0x1:16,R0;bra:#0x000186f6:8;clr.w:R0;mov:g.w:@SP+,R2;prts:;
000186fa,egr_duty_target_calc,link:FP,#-0x4:8;stm:(R2 R3 ),@-SP;mov:i:#0x80:16,R2;btst.w:0xb,@0xf1f2:16;bne:#0x0001878c:16;mov:g.w:#0x1:8,@(-0x4:8,FP);mov:g.w:#0x2e4a:16,@(-0x2:8,FP);btst.w:0x5,@0xf0f8:16;beq:#0x00018720:8;mov:g.w:#0x1:8,@(-0x4:8,FP);mov:g.w:#0x2df2:16,@(-0x2:8,FP);mov:g.w:#0xd606:16,@-SP;mov:g.w:#0x2:8,@-SP;pjsr:@0x14735:24;adds.b:0x4,SP;mov:g.w:#0xd620:16,@-SP;mov:g.w:#0x2:8,@-SP;pjsr:@0x14735:24;adds.b:0x4,SP;mov:f.w:@(-0x2:8,FP),R0;mov:g.w:R0,@-SP;mov:f.w:@(-0x4:8,FP),R1;mov:g.w:R1,@-SP;pjsr:@0x14656:24;adds.b:0x4,SP;mov:g.w:R0,R2;mov:g.w:#0x2ea2:16,@-SP;mov:g.w:#0x1:8,@-SP;pjsr:@0x14656:24;adds.b:0x4,SP;mov:g.w:R0,R3;mov:g.w:R3,@-SP;mov:g.w:R2,@-SP;pjsr:@0x142f3:24;adds.b:0x4,SP;mov:g.w:R0,R2;btst.w:0x9,@0xf25e:16;beq:#0x0001878c:8;tst.w:@0xeffa:16;bne:#0x0001878c:8;btst.b:0x2,@0x2dd:16;bne:#0x0001878c:8;mov:g.w:#0x2eae:16,@-SP;mov:g.w:#0x1:8,@-SP;pjsr:@0x14656:24;adds.b:0x4,SP;bra:#0x0001878e:8;mov:g.w:R2,R0;ldm.w:@SP+,(R3 R2 );unlk:FP;prts:;
000187a0,egr_mode_dispatch,tst.b:@0x2e4:16;beq:#0x000187b9:8;cmp:g.b:#0x1:8,@0x2e4:16;bne:#0x000187b3:8;pjsr:@0x187cf:24;bra:#0x000187cd:8;pjsr:@0x18bc2:24;bra:#0x000187cd:8;mov:g.w:@0xf0e6:16,R0;and.w:0xffcf,R0;mov:g.w:R0,@0xf0e6:16;clr.w:@0xf494:16;bclr.w:0x2,@0xf490:16;prts:;
000187cf,egr_sequence_control,mov:g.w:R2,@-SP;pjsr:@0x18848:24;mov:g.w:R0,R2;cmp:g.b:#0x2:8,@0x2c7:16;bne:#0x000187f1:8;btst.w:0x4,@0xf0f8:16;beq:#0x000187ef:8;btst.w:0x8,@0xf0fe:16;bne:#0x000187ef:8;mov:i:#0x1:16,R2;bra:#0x000187f1:8;clr.w:R2;mov:g.w:R2,@-SP;pjsr:@0x189c0:24;add:q.w:#2,SP;tst.w:R0;beq:#0x00018800:8;mov:i:#0x1:16,R2;pjsr:@0x18a55:24;tst.w:R0;beq:#0x0001880a:8;clr.w:R2;cmp:g.b:#0x2:8,@0x2c7:16;beq:#0x0001881e:8;mov:g.w:@0xf1fe:16,R0;and.w:0x11,R0;beq:#0x0001881e:8;mov:i:#0x3:16,R2;mov:g.w:@0xf20e:16,R0;and.w:0x11,R0;bne:#0x00018832:8;mov:g.w:@0xef6a:16,R0;cmp:g.w:@0xe9a:16,R0;bhs:#0x00018838:8;pjsr:@0x18ae5:24;mov:g.w:R0,R2;mov:g.w:R2,@-SP;pjsr:@0x18b17:24;add:q.w:#2,SP;pjsr:@0x18b63:24;mov:g.w:@SP+,R2;prts:;
00018848,egr_valve_state_eval_f490,link:FP,#-0x4:8;stm:(R2 R4 ),@-SP;mov:g.w:#0x1:8,@(-0x4:8,FP);mov:g.w:#0x2d70:16,@(-0x2:8,FP);btst.w:0x4,@0xf0f8:16;beq:#0x00018864:8;mov:g.w:#0x1:8,@(-0x4:8,FP);mov:g.w:#0x2d70:16,@(-0x2:8,FP);btst.w:0x6,@0xf490:16;beq:#0x0001887f:8;ldc.b:@(-0x3:8,FP) ,EP;mov:f.w:@(-0x2:8,FP),R4;mov:g.b:@R4,R0;extu.b:R0;cmp:g.w:@0xf1e8:16,R0;blo:#0x00018893:8;bclr.w:0x6,@0xf490:16;bra:#0x00018893:8;ldc.b:@(-0x3:8,FP) ,EP;mov:f.w:@(-0x2:8,FP),R4;mov:g.b:@(0x1:8,R4),R0;extu.b:R0;cmp:g.w:@0xf1e8:16,R0;bhs:#0x00018893:8;bset.w:@0xf490:16,0x6;btst.w:0x7,@0xf490:16;beq:#0x000188af:8;ldc.b:@(-0x3:8,FP) ,EP;mov:f.w:@(-0x2:8,FP),R4;mov:g.b:@(0x2:8,R4),R0;extu.b:R0;cmp:g.w:@0xf1e8:16,R0;blo:#0x000188c3:8;bclr.w:0x7,@0xf490:16;bra:#0x000188c3:8;ldc.b:@(-0x3:8,FP) ,EP;mov:f.w:@(-0x2:8,FP),R4;mov:g.b:@(0x3:8,R4),R0;extu.b:R0;cmp:g.w:@0xf1e8:16,R0;bhs:#0x000188c3:8;bset.w:@0xf490:16,0x7;mov:g.w:#0x1:8,@(-0x4:8,FP);mov:g.w:#0x2d70:16,@(-0x2:8,FP);btst.w:0x4,@0xf0f8:16;beq:#0x000188db:8;mov:g.w:#0x1:8,@(-0x4:8,FP);mov:g.w:#0x2d70:16,@(-0x2:8,FP);btst.w:0x6,@0xf490:16;beq:#0x000188f3:8;mov:f.w:@(-0x2:8,FP),R0;adds.b:0x6,R0;mov:f.w:R0,@(-0x2:8,FP);btst.w:0x7,@0xf490:16;beq:#0x000188f3:8;adds.b:0x6,R0;mov:f.w:R0,@(-0x2:8,FP);btst.w:0x4,@0xf490:16;beq:#0x0001890e:8;ldc.b:@(-0x3:8,FP) ,EP;mov:f.w:@(-0x2:8,FP),R4;mov:g.b:@R4,R0;extu.b:R0;cmp:g.w:@0xf110:16,R0;blo:#0x00018922:8;bclr.w:0x4,@0xf490:16;bra:#0x00018922:8;ldc.b:@(-0x3:8,FP) ,EP;mov:f.w:@(-0x2:8,FP),R4;mov:g.b:@(0x1:8,R4),R0;extu.b:R0;cmp:g.w:@0xf110:16,R0;bhs:#0x00018922:8;bset.w:@0xf490:16,0x4;btst.w:0x3,@0xf490:16;beq:#0x0001893e:8;ldc.b:@(-0x3:8,FP) ,EP;mov:f.w:@(-0x2:8,FP),R4;mov:g.b:@(0x2:8,R4),R0;extu.b:R0;cmp:g.w:@0xf110:16,R0;blo:#0x00018952:8;bclr.w:0x3,@0xf490:16;bra:#0x00018952:8;ldc.b:@(-0x3:8,FP) ,EP;mov:f.w:@(-0x2:8,FP),R4;mov:g.b:@(0x3:8,R4),R0;extu.b:R0;cmp:g.w:@0xf110:16,R0;bhs:#0x00018952:8;bset.w:@0xf490:16,0x3;btst.w:0x5,@0xf490:16;beq:#0x0001896e:8;ldc.b:@(-0x3:8,FP) ,EP;mov:f.w:@(-0x2:8,FP),R4;mov:g.b:@(0x4:8,R4),R0;extu.b:R0;cmp:g.w:@0xf110:16,R0;blo:#0x00018982:8;bclr.w:0x5,@0xf490:16;bra:#0x00018982:8;ldc.b:@(-0x3:8,FP) ,EP;mov:f.w:@(-0x2:8,FP),R4;mov:g.b:@(0x5:8,R4),R0;extu.b:R0;cmp:g.w:@0xf110:16,R0;bhs:#0x00018982:8;bset.w:@0xf490:16,0x5;btst.w:0x4,@0xf0f8:16;beq:#0x0001899a:8;btst.w:0x4,@0xf0fe:16;beq:#0x0001899a:8;mov:g.w:@0xf490:16,R0;or.w:0x38,R0;mov:g.w:R0,@0xf490:16;clr.w:R2;btst.w:0x4,@0xf490:16;beq:#0x000189a5:8;mov:i:#0x1:16,R2;btst.w:0x3,@0xf490:16;beq:#0x000189ae:8;mov:i:#0x2:16,R2;btst.w:0x5,@0xf490:16;beq:#0x000189b9:8;mov:i:#0x3:16,R0;bra:#0x000189bb:8;mov:g.w:R2,R0;ldm.w:@SP+,(R4 R2 );unlk:FP;prts:;
000189c0,egr_f490_condition_flags_update,link:FP,#0x0:8;btst.w:0xd,@0xf490:16;beq:#0x000189d8:8;mov:g.w:@0xf1e8:16,R0;cmp:g.w:@0xe70:16,R0;bhi:#0x000189e6:8;bclr.w:0xd,@0xf490:16;bra:#0x000189e6:8;mov:g.w:@0xf1e8:16,R0;cmp:g.w:@0xe72:16,R0;bls:#0x000189e6:8;bset.w:@0xf490:16,0xd;btst.w:0xe,@0xf490:16;beq:#0x000189fc:8;mov:g.w:@0xf17a:16,R0;cmp:g.w:@0xe74:16,R0;bhi:#0x00018a0a:8;bclr.w:0xe,@0xf490:16;bra:#0x00018a0a:8;mov:g.w:@0xf17a:16,R0;cmp:g.w:@0xe76:16,R0;bls:#0x00018a0a:8;bset.w:@0xf490:16,0xe;btst.w:0xf,@0xf490:16;beq:#0x00018a20:8;mov:g.w:@0xf110:16,R0;cmp:g.w:@0xe78:16,R0;bhi:#0x00018a2e:8;bclr.w:0xf,@0xf490:16;bra:#0x00018a2e:8;mov:g.w:@0xf110:16,R0;cmp:g.w:@0xe7a:16,R0;bls:#0x00018a2e:8;bset.w:@0xf490:16,0xf;btst.w:0x7,@0xf0f8:16;beq:#0x00018a50:8;btst.w:0xd,@0xf490:16;beq:#0x00018a50:8;btst.w:0xe,@0xf490:16;beq:#0x00018a50:8;tst.w:@(0x6:8,FP);bne:#0x00018a50:8;btst.w:0xf,@0xf490:16;beq:#0x00018a50:8;mov:i:#0x1:16,R0;bra:#0x00018a52:8;clr.w:R0;unlk:FP;prts:;
00018a55,check_hysteresis_gate_f490,mov:g.w:R2,@-SP;mov:i:#0x1000:16,R2;btst.w:0xa,@0xf490:16;beq:#0x00018a70:8;mov:g.w:@0xf110:16,R0;cmp:g.w:@0xe82:16,R0;bhi:#0x00018a7e:8;bclr.w:0xa,@0xf490:16;bra:#0x00018a7e:8;mov:g.w:@0xf110:16,R0;cmp:g.w:@0xe84:16,R0;bls:#0x00018a7e:8;bset.w:@0xf490:16,0xa;mov:g.w:@0xf490:16,R0;and.w:R2 ,R0;beq:#0x00018a96:8;mov:g.w:@0xf13c:16,R0;cmp:g.w:@0xe7e:16,R0;bhi:#0x00018aaa:8;bclr.w:0xc,@0xf490:16;bra:#0x00018aaa:8;mov:g.w:@0xf13c:16,R0;cmp:g.w:@0xe80:16,R0;bls:#0x00018aaa:8;mov:g.w:@0xf490:16,R0;or.w:R2 ,R0;mov:g.w:R0,@0xf490:16;mov:g.w:@0xf490:16,R0;and.w:R2 ,R0;bne:#0x00018aba:8;mov:g.w:@0xe86:16,R0;mov:g.w:R0,@0xeff6:16;cmp:g.b:#0x2:8,@0x2c7:16;bne:#0x00018ac8:8;cmp:g.b:#0x1:8,@0x2e4:16;beq:#0x00018ace:8;btst.w:0xa,@0xf490:16;bne:#0x00018adf:8;and.w:@0xf490:16,R2;beq:#0x00018adf:8;tst.w:@0xeff6:16;beq:#0x00018adf:8;mov:i:#0x1:16,R0;bra:#0x00018ae1:8;clr.w:R0;mov:g.w:@SP+,R2;prts:;
00018ae5,check_mode_gate_f510,mov:g.w:R2,@-SP;clr.w:R2;btst.w:0x4,@0xf20e:16;beq:#0x00018b11:8;mov:g.w:@0xf510:16,R0;and.w:0x1800,R0;beq:#0x00018b11:8;clr.w:@0xeff8:16;clr.w:@0xeff4:16;btst.w:0xb,@0xf510:16;beq:#0x00018b0c:8;mov:i:#0x3:16,R0;bra:#0x00018b13:8;mov:i:#0x1:16,R0;bra:#0x00018b13:8;mov:g.w:R2,R0;mov:g.w:@SP+,R2;prts:;
00018b17,egr_f490_gear_transition_update,link:FP,#0x0:8;mov:g.w:@0xf20e:16,R0;and.w:0x11,R0;bne:#0x00018b4d:8;mov:g.w:@0xf490:16,R0;and.w:0x3,R0;beq:#0x00018b35:8;mov:f.w:@(0x6:8,FP),R0;and.w:0x3,R0;beq:#0x00018b47:8;mov:g.w:@0xf490:16,R0;and.w:0x3,R0;bne:#0x00018b4d:8;mov:f.w:@(0x6:8,FP),R0;and.w:0x3,R0;beq:#0x00018b4d:8;bset.w:@0xf490:16,0x2;bra:#0x00018b51:8;bclr.w:0x2,@0xf490:16;mov:g.w:@0xf490:16,R0;and.w:0xfffc,R0;or.w:@(0x6:8,FP) ,R0;mov:g.w:R0,@0xf490:16;unlk:FP;prts:;
00018b63,egr_f0e6_valve_bits_update,mov:g.w:R2,@-SP;clr.w:R2;mov:g.w:@0xf490:16,R0;and.w:0x3,R0;beq:#0x00018ba0:8;btst.w:0xb,@0xf490:16;beq:#0x00018b81:8;bclr.w:0xb,@0xf490:16;clr.w:@0xeff4:16;bra:#0x00018b87:8;tst.w:@0xeff4:16;bne:#0x00018bb0:8;btst.w:0x0,@0xf490:16;beq:#0x00018b90:8;mov:i:#0x10:16,R2;btst.w:0x1,@0xf490:16;beq:#0x00018bb0:8;tst.w:@0xeff8:16;bne:#0x00018bb0:8;bset.w:R2,0x5;bra:#0x00018bb0:8;mov:g.w:@0xe6a:16,R0;mov:g.w:R0,@0xeff4:16;mov:g.w:@0xe6c:16,R0;mov:g.w:R0,@0xeff8:16;mov:g.w:@0xf0e6:16,R0;and.w:0xffcf,R0;or.w:R2 ,R0;mov:g.w:R0,@0xf0e6:16;mov:g.w:@SP+,R2;prts:;
00018bc2,egr_position_target_f494_calc,mov:g.w:R2,@-SP;btst.w:0x0,@0xf492:16;beq:#0x00018bda:8;mov:g.w:@0xf1e8:16,R0;cmp:g.w:@0xe8a:16,R0;bhi:#0x00018be8:8;bclr.w:0x0,@0xf492:16;bra:#0x00018be8:8;mov:g.w:@0xf1e8:16,R0;cmp:g.w:@0xe8c:16,R0;bls:#0x00018be8:8;bset.w:@0xf492:16,0x0;btst.w:0x1,@0xf492:16;beq:#0x00018bfe:8;mov:g.w:@0xf1e8:16,R0;cmp:g.w:@0xe8e:16,R0;bhi:#0x00018c0c:8;bclr.w:0x1,@0xf492:16;bra:#0x00018c0c:8;mov:g.w:@0xf1e8:16,R0;cmp:g.w:@0xe90:16,R0;bls:#0x00018c0c:8;bset.w:@0xf492:16,0x1;btst.w:0x2,@0xf492:16;beq:#0x00018c22:8;mov:g.w:@0xf1e8:16,R0;cmp:g.w:@0xe92:16,R0;bhi:#0x00018c30:8;bclr.w:0x2,@0xf492:16;bra:#0x00018c30:8;mov:g.w:@0xf1e8:16,R0;cmp:g.w:@0xe94:16,R0;bls:#0x00018c30:8;bset.w:@0xf492:16,0x2;btst.w:0x3,@0xf492:16;beq:#0x00018c46:8;mov:g.w:@0xf1e8:16,R0;cmp:g.w:@0xe96:16,R0;bhi:#0x00018c54:8;bclr.w:0x3,@0xf492:16;bra:#0x00018c54:8;mov:g.w:@0xf1e8:16,R0;cmp:g.w:@0xe98:16,R0;bls:#0x00018c54:8;bset.w:@0xf492:16,0x3;pjsr:@0x18cd0:24;mov:g.w:R0,R2;pjsr:@0x18a55:24;tst.w:R0;beq:#0x00018c66:8;mov:g.w:@0xe88:16,R2;mov:g.w:@0xf1fe:16,R0;and.w:0x11,R0;beq:#0x00018c74:8;mov:g.w:@0xe7c:16,R2;mov:g.w:@0xf20e:16,R0;and.w:0x11,R0;bne:#0x00018c88:8;mov:g.w:@0xef6a:16,R0;cmp:g.w:@0xe9a:16,R0;bhs:#0x00018c9a:8;pjsr:@0x18ae5:24;tst.w:R0;beq:#0x00018c96:8;mov:g.w:@0xe6e:16,R2;bra:#0x00018cb4:8;clr.w:R2;bra:#0x00018cb4:8;tst.w:@0xf494:16;bne:#0x00018ca4:8;tst.w:R2;bne:#0x00018cae:8;tst.w:@0xf494:16;beq:#0x00018cb4:8;tst.w:R2;bne:#0x00018cb4:8;bset.w:@0xf490:16,0x2;bra:#0x00018cb8:8;bclr.w:0x2,@0xf490:16;cmp:g.w:@0xe9c:16,R2;bls:#0x00018cc8:8;cmp:g.w:@0xe9e:16,R2;bhs:#0x00018cc8:8;mov:g.w:@0xe9c:16,R2;mov:g.w:R2,@0xf494:16;mov:g.w:@SP+,R2;prts:;
00018cd0,egr_table_row_lookup_f496,link:FP,#-0x4:8;stm:(R2 R4 ),@-SP;clr.w:R2;mov:g.w:#0xd472:16,@-SP;mov:g.w:#0x2:8,@-SP;pjsr:@0x14735:24;adds.b:0x4,SP;tst.w:@0xf0c0:16;beq:#0x00018cf8:8;mov:g.w:@0xf0c0:16,R2;extu.b:R2;cmp:g.w:@0xf496:16,R2;bhs:#0x00018cf8:8;add:q.w:#1,R2;mov:g.w:R2,@0xf496:16;btst.w:0x4,@0xf0f8:16;beq:#0x00018d66:16;btst.w:0x8,@0xf0fe:16;beq:#0x00018d39:8;btst.w:0x2,@0xf492:16;bne:#0x00018d1b:8;mov:g.w:#0x1:8,@(-0x4:8,FP);mov:g.w:#0x2d4c:16,@(-0x2:8,FP);bra:#0x00018d91:16;btst.w:0x3,@0xf492:16;bne:#0x00018d2d:8;mov:g.w:#0x1:8,@(-0x4:8,FP);mov:g.w:#0x2d58:16,@(-0x2:8,FP);bra:#0x00018d91:16;mov:g.w:#0x1:8,@(-0x4:8,FP);mov:g.w:#0x2d64:16,@(-0x2:8,FP);bra:#0x00018d91:16;btst.w:0x2,@0xf492:16;bne:#0x00018d4a:8;mov:g.w:#0x1:8,@(-0x4:8,FP);mov:g.w:#0x2d28:16,@(-0x2:8,FP);bra:#0x00018d91:8;btst.w:0x3,@0xf492:16;bne:#0x00018d5b:8;mov:g.w:#0x1:8,@(-0x4:8,FP);mov:g.w:#0x2d34:16,@(-0x2:8,FP);bra:#0x00018d91:8;mov:g.w:#0x1:8,@(-0x4:8,FP);mov:g.w:#0x2d40:16,@(-0x2:8,FP);bra:#0x00018d91:8;btst.w:0x0,@0xf492:16;bne:#0x00018d77:8;mov:g.w:#0x1:8,@(-0x4:8,FP);mov:g.w:#0x2d04:16,@(-0x2:8,FP);bra:#0x00018d91:8;btst.w:0x1,@0xf492:16;bne:#0x00018d88:8;mov:g.w:#0x1:8,@(-0x4:8,FP);mov:g.w:#0x2d10:16,@(-0x2:8,FP);bra:#0x00018d91:8;mov:g.w:#0x1:8,@(-0x4:8,FP);mov:g.w:#0x2d1c:16,@(-0x2:8,FP);ldc.b:@(-0x3:8,FP) ,EP;mov:f.w:@(-0x2:8,FP),R4;adds.w:@0xf496:16,R4;mov:g.b:@R4,R0;extu.b:R0;ldm.w:@SP+,(R4 R2 );unlk:FP;prts:;
00018db0,purge_f0e6_bit2_update,tst.b:@0x2ed:16;beq:#0x00018dc4:8;pjsr:@0x18dca:24;tst.w:R0;beq:#0x00018dc4:8;bset.w:@0xf0e6:16,0x2;bra:#0x00018dc8:8;bclr.w:0x2,@0xf0e6:16;prts:;
00018dca,purge_enable_check,link:FP,#-0x2:8;stm:(R2 R3 R5 ),@-SP;mov:g.w:@0xe10:16,R5;mov:g.w:@0xe18:16,R3;mov:g.w:@0xe14:16,R0;mov:f.w:R0,@(-0x2:8,FP);btst.w:0x2,@0xf0e6:16;beq:#0x00018df0:8;mov:g.w:@0xe12:16,R5;mov:g.w:@0xe1a:16,R3;mov:g.w:@0xe16:16,R0;mov:f.w:R0,@(-0x2:8,FP);clr.w:R2;mov:g.w:@0xf20e:16,R0;and.w:0x11,R0;bne:#0x00018e06:8;mov:g.w:@0xef6a:16,R0;cmp:g.w:@0xe1c:16,R0;bhi:#0x00018e2d:8;btst.w:0x4,@0xf20e:16;beq:#0x00018e12:8;btst.w:0x8,@0xf510:16;bne:#0x00018e1c:8;mov:g.w:@0xf20e:16,R0;and.w:0x11,R0;bne:#0x00018e1f:8;mov:i:#0x1:16,R2;btst.b:0x2,@0x2ed:16;beq:#0x00018e61:8;tst.w:R2;beq:#0x00018e5c:8;clr.w:R0;bra:#0x00018e63:8;cmp:g.w:@0xf17a:16,R3;bhs:#0x00018e44:8;mov:g.w:@0xf13e:16,R0;cmp:g.w:@(-0x2:8,FP),R0;bls:#0x00018e44:8;mov:g.w:@0xe1e:16,R0;mov:g.w:R0,@0xefee:16;cmp:g.w:@0xf13e:16,R5;blo:#0x00018e5c:8;cmp:g.w:@0xf17a:16,R3;bhs:#0x00018e56:8;tst.w:@0xefee:16;bne:#0x00018e5c:8;btst.w:0xd,@0xf0f8:16;bne:#0x00018e61:8;mov:i:#0x1:16,R0;bra:#0x00018e63:8;mov:g.w:R2,R0;ldm.w:@SP+,(R5 R3 R2 );unlk:FP;prts:;
00018e70,ign_advance_top_update,link:FP,#-0x2:8;pjsr:@0x18e93:24;pjsr:@0x190df:24;pjsr:@0x18f8a:24;mov:g.w:R0,@-SP;mov:f.w:R0,@(-0x2:8,FP);pjsr:@0x18fe0:24;add:q.w:#2,SP;mov:f.w:@(-0x2:8,FP),R0;mov:g.w:R0,@-SP;pjsr:@0x19110:24;unlk:FP;prts:;
00018e93,ign_advance_enable_flags_f440_update,btst.w:0x2,@0xf440:16;beq:#0x00018ead:8;mov:g.w:@0xf1e0:16,R0;clr.b:R0;swap.b:R0;cmp:g.w:@0xe00:16,R0;bhi:#0x00018ebf:8;bclr.w:0x2,@0xf440:16;bra:#0x00018ebf:8;mov:g.w:@0xf1e0:16,R0;clr.b:R0;swap.b:R0;cmp:g.w:@0xdfe:16,R0;bls:#0x00018ebf:8;bset.w:@0xf440:16,0x2;btst.w:0x3,@0xf440:16;beq:#0x00018ed5:8;mov:g.w:@0xeec8:16,R0;cmp:g.w:@0xdfa:16,R0;bhi:#0x00018ee3:8;bclr.w:0x3,@0xf440:16;bra:#0x00018ee3:8;mov:g.w:@0xeec8:16,R0;cmp:g.w:@0xdfc:16,R0;bls:#0x00018ee3:8;bset.w:@0xf440:16,0x3;cmp:g.b:#0x2:8,@0x2f0:16;bne:#0x00018ef0:8;bset.w:@0xf440:16,0x1;bra:#0x00018f34:8;btst.w:0x1,@0xf440:16;beq:#0x00018f06:8;mov:g.w:@0xf17a:16,R0;cmp:g.w:@0xe08:16,R0;bhi:#0x00018f14:8;bclr.w:0x1,@0xf440:16;bra:#0x00018f14:8;mov:g.w:@0xf17a:16,R0;cmp:g.w:@0xe06:16,R0;bls:#0x00018f14:8;bset.w:@0xf440:16,0x1;btst.w:0x0,@0xf440:16;beq:#0x00018f2a:8;mov:g.w:@0xf17a:16,R0;cmp:g.w:@0xe04:16,R0;bhi:#0x00018f38:8;bclr.w:0x0,@0xf440:16;bra:#0x00018f38:8;mov:g.w:@0xf17a:16,R0;cmp:g.w:@0xe02:16,R0;bls:#0x00018f38:8;bset.w:@0xf440:16,0x0;btst.w:0x3,@0xf1fe:16;bne:#0x00018f50:8;btst.w:0x0,@0xf200:16;bne:#0x00018f50:8;btst.w:0x2,@0xf440:16;bne:#0x00018f50:8;btst.w:0x3,@0xf440:16;bne:#0x00018f56:8;bset.w:@0xf440:16,0x5;bra:#0x00018f5a:8;bclr.w:0x5,@0xf440:16;btst.w:0x5,@0xf440:16;bne:#0x00018f72:8;btst.w:0x1,@0xf440:16;bne:#0x00018f6c:8;btst.w:0x0,@0xf440:16;bne:#0x00018f72:8;bset.w:@0xf440:16,0x4;bra:#0x00018f76:8;bclr.w:0x4,@0xf440:16;mov:g.w:@0xf186:16,R0;cmp:g.w:@0xdf4:16,R0;bls:#0x00018f88:8;mov:g.w:@0xdf6:16,R0;mov:g.w:R0,@0xf040:16;prts:;
00018f8a,ign_advance_base_calc_f860,mov:g.w:R2,@-SP;mov:g.w:#0xd570:16,@-SP;mov:g.w:#0x2:8,@-SP;pjsr:@0x14735:24;adds.b:0x4,SP;btst.w:0x5,@0xf0f8:16;beq:#0x00018fa9:8;mov:g.w:#0x2a96:16,@-SP;mov:g.w:#0x1:8,@-SP;bra:#0x00018fb0:8;mov:g.w:#0x2aaa:16,@-SP;mov:g.w:#0x1:8,@-SP;pjsr:@0x14656:24;adds.b:0x4,SP;mov:g.w:R0,R2;mov:g.w:R2,@0xf860:16;btst.w:0x4,@0xf20e:16;beq:#0x00018fd0:8;clr.w:R2;btst.w:0x6,@0xf510:16;beq:#0x00018fda:8;mov:i:#0xc8:16,R0;bra:#0x00018fdc:8;btst.w:0x0,@0xf20e:16;beq:#0x00018fda:8;clr.w:R0;bra:#0x00018fdc:8;mov:g.w:R2,R0;mov:g.w:@SP+,R2;prts:;
00018fe0,wgdc_correction_integrator_update,link:FP,#-0x2:8;stm:(R2 R3 R5 ),@-SP;mov:i:#0x80:16,R5;mov:g.w:@0xf44a:16,R2;mov:g.w:@0xf20e:16,R0;and.w:0x11,R0;bne:#0x00018ffb:8;btst.w:0x5,@0xf440:16;beq:#0x00018fff:8;mov:g.w:R5,R2;bra:#0x00019005:8;btst.w:0x4,@0xf440:16;beq:#0x00019010:8;mov:g.w:@0xdf0:16,R0;mov:g.w:R0,@0xf05c:16;bra:#0x000190d6:16;tst.w:@0xf05c:16;bne:#0x000190d6:16;mov:g.w:@0xdf0:16,R0;mov:g.w:R0,@0xf05c:16;mov:g.w:@0xf196:16,R3;shlr.w:R3;mov:g.w:@0xf44e:16,R0;add:g.w:@0xe0a:16,R0;mov:g.w:R0,@-SP;adds.b:0x20,R3;mov:g.w:R3,@-SP;pjsr:@0x14036:24;adds.b:0x4,SP;shll.w:R0;shll.w:R0;mov:g.w:R0,@-SP;pjsr:@0x1442d:24;add:q.w:#2,SP;mov:g.w:R0,@0xf0ba:16;mov:g.w:#0xd596:16,@-SP;mov:g.w:#0x2:8,@-SP;pjsr:@0x14735:24;adds.b:0x4,SP;mov:g.w:#0x2a80:16,@-SP;mov:g.w:#0x1:8,@-SP;pjsr:@0x14656:24;adds.b:0x4,SP;mov:g.w:R5,@-SP;mov:g.w:R2,R1;add:g.w:R0,R1;mov:g.w:R1,@-SP;pjsr:@0x14036:24;adds.b:0x4,SP;mov:g.w:#0xd5be:16,@-SP;mov:g.w:#0x2:8,@-SP;mov:f.w:R0,@(-0x2:8,FP);pjsr:@0x14735:24;adds.b:0x4,SP;mov:g.w:#0x2a72:16,@-SP;mov:g.w:#0x1:8,@-SP;pjsr:@0x14656:24;adds.b:0x4,SP;mov:g.w:R0,@-SP;mov:g.w:@0xdf2:16,R0;mov:g.w:R0,@-SP;mov:f.w:@(-0x2:8,FP),R0;mov:g.w:R0,@-SP;pjsr:@0x1444c:24;adds.b:0x6,SP;mov:g.w:#0xc8:16,@-SP;clr.w:@-SP;mov:g.w:R5,@-SP;mov:f.w:@(0x6:8,FP),R1;add:g.w:R0,R1;mov:g.w:R1,@-SP;pjsr:@0x14036:24;adds.b:0x4,SP;mov:g.w:R0,@-SP;pjsr:@0x1444c:24;adds.b:0x6,SP;mov:f.w:@(0x6:8,FP),R1;mov:g.w:R1,@-SP;add:g.w:R5,R0;mov:g.w:R0,@-SP;pjsr:@0x14036:24;adds.b:0x4,SP;mov:g.w:R0,R2;mov:g.w:R2,@0xf44a:16;ldm.w:@SP+,(R5 R3 R2 );unlk:FP;prts:;
000190df,ign_advance_idle_correction_f44e,mov:g.w:#0xd570:16,@-SP;mov:g.w:#0x2:8,@-SP;pjsr:@0x14735:24;adds.b:0x4,SP;btst.w:0x5,@0xf0f8:16;beq:#0x000190fc:8;mov:g.w:#0x2abe:16,@-SP;mov:g.w:#0x1:8,@-SP;bra:#0x00019103:8;mov:g.w:#0x2ad2:16,@-SP;mov:g.w:#0x1:8,@-SP;pjsr:@0x14656:24;adds.b:0x4,SP;mov:g.w:R0,@0xf44e:16;prts:;
00019110,wgdc_output_clamp_f44c,link:FP,#0x0:8;mov:g.w:R2,@-SP;mov:g.w:@0xf440:16,R0;and.w:0x30,R0;bne:#0x0001912c:8;mov:g.w:#0x80:16,@-SP;mov:f.w:@(0x6:8,FP),R0;add:g.w:@0xf44a:16,R0;mov:g.w:R0,@-SP;bra:#0x00019157:8;mov:g.w:@0xf20e:16,R0;and.w:0x11,R0;beq:#0x0001913a:8;mov:f.w:@(0x6:8,FP),R2;bra:#0x00019171:8;tst.w:@0xf000:16;bne:#0x0001916d:8;mov:g.w:@0xdf8:16,R0;mov:g.w:R0,@0xf000:16;mov:g.w:#0x22:8,@-SP;mov:g.w:@0xf44c:16,R0;mov:g.w:R0,@-SP;btst.w:0x5,@0xf440:16;beq:#0x00019162:8;pjsr:@0x14036:24;adds.b:0x4,SP;mov:g.w:R0,R2;bra:#0x00019171:8;pjsr:@0x14000:24;adds.b:0x4,SP;mov:g.w:R0,R2;bra:#0x00019171:8;mov:g.w:@0xf44c:16,R2;mov:g.w:R2,@-SP;pjsr:@0x1a2ba:24;add:q.w:#2,SP;mov:g.w:#0xc8:16,@-SP;clr.w:@-SP;mov:g.w:R0,@-SP;pjsr:@0x1444c:24;adds.b:0x6,SP;mov:g.w:R0,@0xf44c:16;mov:g.w:@SP+,R2;unlk:FP;prts:;
000191a0,ign_advance_load_correction_f450,tst.w:@0xef90:16;beq:#0x000191de:8;btst.w:0x4,@0xf20e:16;beq:#0x000191b6:8;mov:g.w:@0xdee:16,R0;mov:g.w:R0,@0xf450:16;bra:#0x000191e2:8;btst.w:0x3,@0xf1fe:16;bne:#0x000191de:8;mov:g.w:#0xd5d6:16,@-SP;mov:g.w:#0x2:8,@-SP;pjsr:@0x14735:24;adds.b:0x4,SP;mov:g.w:#0x2af8:16,@-SP;mov:g.w:#0x1:8,@-SP;pjsr:@0x14656:24;adds.b:0x4,SP;mov:g.w:R0,@0xf450:16;bra:#0x000191e2:8;clr.w:@0xf450:16;prts:;
000191f0,rpm_map_zone_flags_f43e_update,mov:g.w:R2,@-SP;btst.w:0x0,@0xf20e:16;beq:#0x00019235:8;clr.w:R2;mov:g.w:@0xf118:16,R0;cmp:g.w:@0xd7c:16,R0;blo:#0x00019211:8;mov:g.w:@0xf10e:16,R0;cmp:g.w:@0xd80:16,R0;blo:#0x00019211:8;mov:i:#0x200:16,R2;mov:g.w:@0xf118:16,R0;cmp:g.w:@0xd7a:16,R0;blo:#0x00019227:8;mov:g.w:@0xf10e:16,R0;cmp:g.w:@0xd7e:16,R0;blo:#0x00019227:8;bset.w:R2,0x8;mov:g.w:@0xf43e:16,R0;and.w:0xfcff,R0;or.w:R2 ,R0;mov:g.w:R0,@0xf43e:16;mov:g.w:@SP+,R2;prts:;
00019240,f0ea_bit7_rpm_zone_update,mov:g.w:R2,@-SP;mov:g.w:@0xf43e:16,R2;pjsr:@0x192ac:24;tst.w:R0;beq:#0x00019266:8;stc.w:SR,@-SP;orc.w:0x700,SR;andc.w:0xfeff,SR;ldc.b:0x0,DP;bset.w:@0xf0ea:16,0x7;ldc.w:@SP+ ,SR;ldc.b:0x0,DP;bra:#0x0001927c:8;stc.w:SR,@-SP;orc.w:0x700,SR;andc.w:0xfeff,SR;ldc.b:0x0,DP;bclr.w:0x7,@0xf0ea:16;ldc.w:@SP+ ,SR;ldc.b:0x0,DP;mov:g.w:R2,R0;xor.w:@0xf43e:16,R0;and.w:R2 ,R0;btst.w:0x4,R0;beq:#0x000192a4:8;bset.w:@0xf43e:16,0x3;bra:#0x000192a8:8;
0001928e,f0ea_bit7_f43e_bit3_clear,stc.w:SR,@-SP;orc.w:0x700,SR;andc.w:0xfeff,SR;ldc.b:0x0,DP;bclr.w:0x7,@0xf0ea:16;ldc.w:@SP+ ,SR;ldc.b:0x0,DP;bclr.w:0x3,@0xf43e:16;mov:g.w:@SP+,R2;prts:;
000192ac,rpm_zone_enable_check,mov:g.w:R2,@-SP;mov:g.w:@0xd78:16,R0;mulxu.w:0x14,R0;mov:g.w:R1,R2;btst.w:0x9,@0xf43e:16;beq:#0x000192ca:8;mov:g.w:@0xd74:16,R0;mulxu.w:0x14,R0;mov:g.w:R1,R2;bra:#0x000192da:8;btst.w:0x8,@0xf43e:16;beq:#0x000192da:8;mov:g.w:@0xd76:16,R0;mulxu.w:0x14,R0;mov:g.w:R1,R2;mov:g.w:@0xf26e:16,R0;clr.b:R0;swap.b:R0;cmp:g.w:@0xdda:16,R0;bhs:#0x000192ea:8;clr.w:R2;btst.w:0x0,@0xf20e:16;beq:#0x000192f6:8;bset.w:@0xf43e:16,0x4;bra:#0x00019306:8;btst.w:0x4,@0xf20e:16;bne:#0x00019302:8;cmp:g.w:@0xef6a:16,R2;bhs:#0x00019306:8;bclr.w:0x4,@0xf43e:16;btst.w:0x4,@0xf20e:16;beq:#0x00019312:8;btst.w:0x3,@0xf510:16;bne:#0x00019340:8;mov:g.w:@0xddc:16,R0;mulxu.w:0x14,R0;cmp:g.w:@0xef6a:16,R1;bhs:#0x00019326:8;btst.w:0x0,@0xf21c:16;bne:#0x0001932c:8;btst.w:0x4,@0xf43e:16;bne:#0x00019340:8;btst.w:0x4,@0xf20e:16;bne:#0x00019345:8;mov:g.w:@0xd78:16,R0;mulxu.w:0x14,R0;cmp:g.w:@0xef6a:16,R1;blo:#0x00019345:8;mov:i:#0x1:16,R0;bra:#0x00019347:8;clr.w:R0;mov:g.w:@SP+,R2;prts:;
00019350,f0e6_bit6_update,pjsr:@0x19364:24;tst.w:R0;beq:#0x0001935e:8;bset.w:@0xf0e6:16,0x6;bra:#0x00019362:8;bclr.w:0x6,@0xf0e6:16;prts:;
00019364,ign_advance_rpm_zone_enable_check,stm:(R2 R3 ),@-SP;mov:g.w:#0x2aea:16,@-SP;mov:g.w:#0x1:8,@-SP;pjsr:@0x14656:24;adds.b:0x4,SP;mov:g.w:R0,R3;btst.w:0x6,@0xf0e6:16;bne:#0x0001938d:8;mov:g.w:@0xe0e:16,R0;mov:g.w:R0,@-SP;mov:g.w:R3,@-SP;pjsr:@0x14036:24;adds.b:0x4,SP;mov:g.w:R0,R3;mov:g.w:@0xd72:16,R0;mulxu.w:0x14,R0;mov:g.w:R1,R2;btst.w:0x9,@0xf43e:16;beq:#0x000193a9:8;mov:g.w:@0xd6e:16,R0;mulxu.w:0x14,R0;mov:g.w:R1,R2;bra:#0x000193b9:8;btst.w:0x8,@0xf43e:16;beq:#0x000193b9:8;mov:g.w:@0xd70:16,R0;mulxu.w:0x14,R0;mov:g.w:R1,R2;btst.w:0x4,@0xf20e:16;beq:#0x000193c5:8;btst.w:0x7,@0xf510:16;bne:#0x000193e1:8;mov:g.w:@0xf20e:16,R0;and.w:0x11,R0;bne:#0x000193e6:8;cmp:g.w:@0xef6a:16,R2;bhs:#0x000193e6:8;btst.w:0x3,@0xf1fe:16;bne:#0x000193e6:8;cmp:g.w:@0xf186:16,R3;blo:#0x000193e6:8;mov:i:#0x1:16,R0;bra:#0x000193e8:8;clr.w:R0;ldm.w:@SP+,(R3 R2 );prts:;
000193f0,stub_empty_193f0,prts:;
00019400,canister_purge_control_flags_f4d6_update,stm:(R2 R3 R5 ),@-SP;mov:i:#0x80:16,R5;clr.w:R2;tst.b:@0x2ea:16;beq:#0x000194b2:16;clr.w:R3;mov:g.w:@0xf4d6:16,R2;and.w:0x4,R2;tst.b:@0x2c8:16;beq:#0x00019434:8;btst.w:0xd,@0xf1f2:16;bne:#0x00019434:8;mov:g.w:@0xf4a4:16,R0;and.w:R5 ,R0;bne:#0x0001943c:8;mov:g.w:@0xf4c0:16,R3;and.w:R5 ,R3;bra:#0x0001943c:8;mov:g.w:@0xf0fe:16,R3;and.w:0x2,R3;mov:g.w:@0xf3f6:16,R0;and.w:R5 ,R0;beq:#0x0001946c:8;btst.w:0x2,@0xf4d6:16;bne:#0x0001946c:8;mov:g.w:@0xf10e:16,R0;cmp:g.w:@0xe44:16,R0;blo:#0x0001946c:8;bset.w:R2,0x0;tst.w:R3;beq:#0x0001946c:8;or.w:0x82,R2;tst.b:@0x2c8:16;bne:#0x0001946a:8;btst.w:0x2,@0xf0fe:16;beq:#0x0001946c:8;bset.w:R2,0x6;btst.w:0x4,@0xf20e:16;bne:#0x0001947c:8;btst.w:0x6,@0xf0f8:16;bne:#0x0001947c:8;tst.w:R3;bne:#0x00019484:8;mov:g.w:@0xe46:16,R0;mov:g.w:R0,@0xefec:16;and.w:R2 ,R5;beq:#0x00019494:8;tst.w:@0xefec:16;bne:#0x00019494:8;bset.w:R2,0x2;and.w:0xffec,R2;tst.w:@0xef90:16;bne:#0x0001949c:8;bclr.w:0x2,R2;mov:g.w:@0xf18e:16,R0;cmp:g.w:@0xe4a:16,R0;bhi:#0x000194b0:8;mov:g.w:@0xf17a:16,R0;cmp:g.w:@0xe4c:16,R0;bls:#0x000194b2:8;bset.w:R2,0x5;mov:g.w:@0xf4d6:16,R0;and.w:0xff08,R0;or.w:R2 ,R0;mov:g.w:R0,@0xf4d6:16;ldm.w:@SP+,(R5 R3 R2 );prts:;
000194d0,canister_purge_mode_dispatch,btst.w:0xd,@0xf1f2:16;beq:#0x000194e0:8;pjsr:@0x194f2:24;pjsr:@0x19560:24;bra:#0x000194f0:8;bclr.w:0x7,@0xf4a2:16;mov:g.w:@0xf4ae:16,R0;and.w:0xff30,R0;mov:g.w:R0,@0xf4ae:16;prts:;
000194f2,canister_purge_gear_mode_select_f4a2,mov:g.w:R2,@-SP;clr.w:R2;btst.w:0x4,@0xf20e:16;beq:#0x00019510:8;btst.w:0xa,@0xf510:16;beq:#0x00019507:8;mov:i:#0x1:16,R2;bra:#0x00019510:8;btst.w:0x9,@0xf510:16;beq:#0x00019510:8;mov:i:#0x2:16,R2;pjsr:@0x1952c:24;tst.w:R0;beq:#0x0001951a:8;bset.w:R2,0x7;mov:g.w:@0xf4a2:16,R0;and.w:0xff7c,R0;or.w:R2 ,R0;mov:g.w:R0,@0xf4a2:16;mov:g.w:@SP+,R2;prts:;
0001952c,canister_purge_feedback_active_check,mov:g.w:@0xf20e:16,R0;and.w:0x11,R0;bne:#0x0001955c:8;btst.w:0x7,@0xf3f6:16;beq:#0x0001955c:8;mov:g.w:@0xf4be:16,R0;and.w:0x30,R0;cmp:i:#0x20:16,R0;bne:#0x0001955c:8;btst.w:0x7,@0xf4a4:16;beq:#0x00019557:8;cmp:g.w:#0xff:16,@0xf4ac:16;bhs:#0x0001955c:8;mov:i:#0x1:16,R0;bra:#0x0001955e:8;clr.w:R0;prts:;
00019560,canister_purge_duty_calc_f4ac,mov:g.w:R2,@-SP;btst.w:0x7,@0xf4a2:16;beq:#0x00019620:16;btst.w:0x7,@0xf4a4:16;beq:#0x00019591:8;tst.w:@0xeff0:16;beq:#0x0001957c:8;mov:g.w:@0xf4ac:16,R2;bra:#0x0001962b:16;mov:g.w:#0x1:8,@-SP;mov:g.w:@0xf4ac:16,R0;mov:g.w:R0,@-SP;pjsr:@0x14000:24;adds.b:0x4,SP;mov:g.w:R0,R2;bra:#0x00019623:16;mov:g.w:@0xf4be:16,R0;and.w:0xc0,R0;cmp:i:#0xc0:16,R0;beq:#0x000195a4:8;btst.w:0x2,@0xf4be:16;beq:#0x000195ab:8;mov:g.w:@0xe5e:16,R2;bra:#0x00019623:16;mov:g.w:#0x2ce8:16,@-SP;mov:g.w:#0x1:8,@-SP;pjsr:@0x14656:24;adds.b:0x4,SP;mov:g.w:@0xf130:16,R1;mov:g.w:R1,@-SP;mov:g.w:#0xcd:16,@-SP;mov:g.w:@0xf298:16,R1;mov:g.w:R1,@-SP;mov:g.w:#0x80:16,@-SP;mov:g.w:R0,@-SP;mov:g.w:@0xf4bc:16,R0;mov:g.w:R0,@-SP;pjsr:@0x14000:24;adds.b:0x4,SP;mov:g.w:R0,@-SP;pjsr:@0x14219:24;adds.b:0x6,SP;mov:g.w:R0,@-SP;pjsr:@0x14219:24;adds.b:0x6,SP;mov:g.w:R0,@0xf0ba:16;mov:g.w:#0xd530:16,@-SP;mov:g.w:#0x2:8,@-SP;pjsr:@0x14735:24;adds.b:0x4,SP;mov:g.w:#0xd50c:16,@-SP;mov:g.w:#0x2:8,@-SP;pjsr:@0x14735:24;adds.b:0x4,SP;mov:g.w:#0x2b06:16,@-SP;mov:g.w:#0x1:8,@-SP;pjsr:@0x14656:24;adds.b:0x4,SP;mov:g.w:R0,R2;bra:#0x00019623:8;mov:i:#0xff:16,R2;mov:g.w:@0xe68:16,R0;mov:g.w:R0,@0xeff0:16;cmp:i:#0xff:16,R2;bhs:#0x00019636:8;mov:g.w:R2,@0xf4ac:16;bra:#0x0001963c:8;mov:g.w:#0xff:16,@0xf4ac:16;mov:g.w:@SP+,R2;prts:;
00019640,diagnostic_status_f4b4_build,mov:g.w:R2,@-SP;btst.w:0xd,@0xf1f2:16;bne:#0x0001964d:8;tst.b:@0x2c8:16;nop:;clr.w:R2;mov:g.w:@0xeed6:16,R0;and.w:0xee,R0;bne:#0x00019669:8;mov:g.w:@0xeed8:16,R0;and.w:0xca,R0;bne:#0x00019669:8;btst.w:0x0,@0xeeda:16;beq:#0x0001966c:8;mov:i:#0x80:16,R2;btst.w:0x7,@0xf0f8:16;beq:#0x00019674:8;bset.w:R2,0x6;btst.w:0x1,@0xf4d6:16;beq:#0x0001967c:8;bset.w:R2,0x5;btst.w:0x0,@0xf4d6:16;beq:#0x00019684:8;bset.w:R2,0x4;btst.w:0x1,@0xf0f8:16;beq:#0x0001968c:8;bset.w:R2,0x2;mov:g.w:@0xf4ae:16,R0;and.w:0xf,R0;beq:#0x00019698:8;bset.w:R2,0x1;btst.w:0xc,@0xf20e:16;beq:#0x000196a0:8;bset.w:R2,0x0;mov:g.w:R2,@0xf4b4:16;mov:g.w:@0xe40:16,R2;or.w:@0xe42:16,R2;bset.w:R2,0x2;mov:g.w:@0xf1f0:16,R0;and.w:0xc,R0;beq:#0x000196bc:8;bset.w:R2,0x1;bra:#0x000196d6:8;btst.w:0x1,@0xf1f0:16;beq:#0x000196c6:8;bset.w:R2,0x0;bra:#0x000196d6:8;btst.w:0x0,@0xf1f0:16;beq:#0x000196d2:8;btst.w:0x5,@0xf1f0:16;beq:#0x000196d6:8;or.w:0x3,R2;mov:g.w:R2,@0xf4b6:16;clr.w:R2;btst.w:0x7,@0xf4a4:16;beq:#0x000196e5:8;mov:i:#0x40:16,R2;mov:g.w:R2,@0xf4b8:16;tst.b:@0x31f:16;beq:#0x00019711:8;mov:g.w:#0xc8:16,@-SP;mov:g.w:#0x50:8,@-SP;mov:g.w:@0xf196:16,R0;mov:g.w:R0,@-SP;pjsr:@0x14219:24;adds.b:0x6,SP;mov:g.w:R0,@-SP;pjsr:@0x1442d:24;add:q.w:#2,SP;mov:g.w:R0,@0xf198:16;bra:#0x00019719:8;mov:g.w:@0xf18c:16,R0;mov:g.w:R0,@0xf198:16;mov:g.w:@SP+,R2;prts:;
00019720,o2_sensor_control_dispatch,link:FP,#-0x6:8;stm:(R2 R3 R5 ),@-SP;clr.w:R2;clr.w:R5;clr.w:R3;clr.w:@(-0x4:8,FP);clr.w:@(-0x2:8,FP);btst.w:0xe,@0xf1f2:16;beq:#0x000197cd:16;cmp:g.b:#0x3:8,@0x2e9:16;beq:#0x0001975a:8;cmp:g.b:#0x4:8,@0x2e9:16;beq:#0x0001975a:8;pjsr:@0x197f4:24;tst.w:R0;beq:#0x00019785:8;mov:i:#0x300:16,R2;mov:g.w:#0x80:16,@(-0x4:8,FP);mov:i:#0x80:16,R5;bra:#0x00019785:8;clr.w:@-SP;mov:g.w:#0x37a8:16,@-SP;pjsr:@0x199f0:24;adds.b:0x4,SP;mov:f.w:R0,@(-0x6:8,FP);cmp:i:#0x1:16,R0;bne:#0x00019773:8;mov:i:#0x80:16,R5;bra:#0x0001977d:8;cmp:g.b:#0x2:8,@(-0x6:8,FP);bne:#0x0001977d:8;mov:g.w:@0x13ec:16,R5;cmp:i:#0x80:16,R5;blo:#0x00019785:8;mov:i:#0x100:16,R2;cmp:g.b:#0x3:8,@0x2e9:16;beq:#0x000197a2:8;pjsr:@0x198f2:24;tst.w:R0;beq:#0x000197cd:8;or.w:0xc00,R2;mov:g.w:#0x80:16,@(-0x2:8,FP);mov:i:#0x80:16,R3;bra:#0x000197cd:8;mov:g.w:#0x1:8,@-SP;mov:g.w:#0x37a8:16,@-SP;pjsr:@0x199f0:24;adds.b:0x4,SP;mov:f.w:R0,@(-0x6:8,FP);cmp:i:#0x1:16,R0;bne:#0x000197bc:8;mov:i:#0x80:16,R3;bra:#0x000197c6:8;cmp:g.b:#0x2:8,@(-0x6:8,FP);bne:#0x000197c6:8;mov:g.w:@0x13ee:16,R3;cmp:i:#0x80:16,R3;blo:#0x000197cd:8;bset.w:R2,0xa;mov:g.w:@0xf0e6:16,R0;and.w:0xf0ff,R0;or.w:R2 ,R0;mov:g.w:R0,@0xf0e6:16;mov:g.w:R5,@0xf452:16;mov:g.w:R3,@0xf454:16;mov:f.w:@(-0x4:8,FP),R0;mov:g.w:R0,@0xf456:16;mov:f.w:@(-0x2:8,FP),R0;mov:g.w:R0,@0xf458:16;ldm.w:@SP+,(R5 R3 R2 );unlk:FP;prts:;
000197f4,o2_upstream_enable_check,stm:(R2 R5 ),@-SP;cmp:g.b:#0x2:8,@0x2e9:16;bne:#0x00019856:8;mov:g.w:@0xeac:16,R2;mov:g.w:@0xeae:16,R5;btst.w:0x8,@0xf0e6:16;beq:#0x00019813:8;mov:g.w:@0xeaa:16,R2;mov:g.w:@0xeb0:16,R5;btst.w:0x4,@0xf20e:16;beq:#0x00019820:8;btst.w:0xd,@0xf510:16;bne:#0x000198e7:16;mov:g.w:@0xf20e:16,R0;and.w:0x11,R0;bne:#0x000198ec:16;cmp:g.w:@0xf10e:16,R5;bhs:#0x000198ec:16;mov:g.w:@0xf1fe:16,R0;and.w:0x11,R0;bne:#0x000198ec:16;mov:g.w:@0xea8:16,R0;mulxu.w:0x14,R0;cmp:g.w:@0xef6a:16,R1;bhs:#0x000198ec:16;cmp:g.w:@0xf17a:16,R2;bls:#0x000198ec:16;bra:#0x000198e7:16;cmp:g.b:#0x1:8,@0x2e9:16;bne:#0x0001986e:8;btst.w:0x4,@0xf20e:16;beq:#0x000198e7:16;btst.w:0xd,@0xf510:16;bne:#0x000198ec:16;bra:#0x000198e7:16;mov:g.w:@0xea2:16,R5;mov:g.w:#0xd09a:16,@-SP;mov:g.w:#0x2:8,@-SP;pjsr:@0x14735:24;adds.b:0x4,SP;mov:g.w:#0x2d70:16,@-SP;mov:g.w:#0x1:8,@-SP;pjsr:@0x14656:24;adds.b:0x4,SP;mov:g.w:R0,R2;mov:g.w:@0xf0e6:16,R0;and.w:0x300,R0;bne:#0x000198af:8;mov:g.w:@0xea6:16,R0;mov:g.w:R0,@-SP;mov:g.w:R2,@-SP;pjsr:@0x14036:24;adds.b:0x4,SP;mov:g.w:R0,R2;mov:g.w:@0xea4:16,R5;btst.w:0x4,@0xf20e:16;beq:#0x000198bb:8;btst.w:0xd,@0xf510:16;bne:#0x000198e7:8;btst.w:0x4,@0xf20e:16;bne:#0x000198ec:8;btst.w:0x3,@0xf1fe:16;bne:#0x000198ec:8;btst.w:0x0,@0xf20e:16;bne:#0x000198e7:8;mov:g.w:@0xea0:16,R0;mulxu.w:0x14,R0;cmp:g.w:@0xef6a:16,R1;bhs:#0x000198e7:8;cmp:g.w:@0xf186:16,R2;bhs:#0x000198e7:8;cmp:g.w:@0xf10e:16,R5;bls:#0x000198ec:8;mov:i:#0x1:16,R0;bra:#0x000198ee:8;clr.w:R0;ldm.w:@SP+,(R5 R2 );prts:;
000198f2,o2_downstream_enable_check,stm:(R2 R5 ),@-SP;cmp:g.b:#0x2:8,@0x2e9:16;bne:#0x00019954:8;mov:g.w:@0xeb6:16,R2;mov:g.w:@0xeb8:16,R5;btst.w:0xa,@0xf0e6:16;beq:#0x00019911:8;mov:g.w:@0xeb4:16,R2;mov:g.w:@0xeba:16,R5;btst.w:0x4,@0xf20e:16;beq:#0x0001991e:8;btst.w:0xd,@0xf510:16;bne:#0x000199e5:16;mov:g.w:@0xf20e:16,R0;and.w:0x11,R0;bne:#0x000199ea:16;cmp:g.w:@0xf10e:16,R5;bhs:#0x000199ea:16;mov:g.w:@0xf1fe:16,R0;and.w:0x11,R0;bne:#0x000199ea:16;mov:g.w:@0xeb2:16,R0;mulxu.w:0x14,R0;cmp:g.w:@0xef6a:16,R1;bhs:#0x000199ea:16;cmp:g.w:@0xf17a:16,R2;bls:#0x000199ea:16;bra:#0x000199e5:16;cmp:g.b:#0x1:8,@0x2e9:16;bne:#0x0001996c:8;btst.w:0x4,@0xf20e:16;beq:#0x000199e5:16;btst.w:0xd,@0xf510:16;bne:#0x000199ea:16;bra:#0x000199e5:16;mov:g.w:@0xea2:16,R5;mov:g.w:#0xd09a:16,@-SP;mov:g.w:#0x2:8,@-SP;pjsr:@0x14735:24;adds.b:0x4,SP;mov:g.w:#0x2d70:16,@-SP;mov:g.w:#0x1:8,@-SP;pjsr:@0x14656:24;adds.b:0x4,SP;mov:g.w:R0,R2;mov:g.w:@0xf0e6:16,R0;and.w:0xc00,R0;bne:#0x000199ad:8;mov:g.w:@0xea6:16,R0;mov:g.w:R0,@-SP;mov:g.w:R2,@-SP;pjsr:@0x14036:24;adds.b:0x4,SP;mov:g.w:R0,R2;mov:g.w:@0xea4:16,R5;btst.w:0x4,@0xf20e:16;beq:#0x000199b9:8;btst.w:0xd,@0xf510:16;bne:#0x000199e5:8;btst.w:0x4,@0xf20e:16;bne:#0x000199ea:8;btst.w:0x3,@0xf1fe:16;bne:#0x000199ea:8;btst.w:0x0,@0xf20e:16;bne:#0x000199e5:8;mov:g.w:@0xea0:16,R0;mulxu.w:0x14,R0;cmp:g.w:@0xef6a:16,R1;bhs:#0x000199e5:8;cmp:g.w:@0xf186:16,R2;bhs:#0x000199e5:8;cmp:g.w:@0xf10e:16,R5;bls:#0x000199ea:8;mov:i:#0x1:16,R0;bra:#0x000199ec:8;clr.w:R0;ldm.w:@SP+,(R5 R2 );prts:;
000199f0,calc_load_correction_f10e,link:FP,#0x0:8;stm:(R2 R5 ),@-SP;btst.w:0x4,@0xf20e:16;beq:#0x00019a03:8;btst.w:0xd,@0xf510:16;beq:#0x00019ae0:16;bra:#0x00019a50:8;btst.w:0x0,@0xf20e:16;bne:#0x00019a20:8;mov:g.w:@0xea0:16,R0;mulxu.w:0x14,R0;cmp:g.w:@0xef6a:16,R1;blo:#0x00019a56:8;mov:f.w:@(0x6:8,FP),R0;mov:g.w:@(0x6:8,R0),R1;btst.w:0xf,@R1;beq:#0x00019a56:8;mov:g.w:@0xf114:16,R0;mov:g.w:R0,@-SP;mov:g.w:@0xee8a:16,R0;mov:g.w:R0,@-SP;pjsr:@0x14036:24;adds.b:0x4,SP;cmp:g.w:@0x13e6:16,R0;bls:#0x00019adb:16;mov:g.w:@0xf114:16,R0;cmp:g.w:@0x13e8:16,R0;bls:#0x00019adb:16;mov:g.w:@0xf114:16,R0;cmp:g.w:@0x13ea:16,R0;bhs:#0x00019adb:16;mov:i:#0x1:16,R0;bra:#0x00019ae2:16;mov:g.w:#0xd09a:16,@-SP;mov:g.w:#0x2:8,@-SP;pjsr:@0x14735:24;adds.b:0x4,SP;tst.w:@(0x8:8,FP);bne:#0x00019a9a:8;mov:g.w:@0xea2:16,R5;mov:g.w:#0x2d70:16,@-SP;mov:g.w:#0x1:8,@-SP;pjsr:@0x14656:24;adds.b:0x4,SP;mov:g.w:R0,R2;tst.w:@0xf452:16;bne:#0x00019ac9:8;mov:g.w:@0xea6:16,R0;mov:g.w:R0,@-SP;mov:g.w:R2,@-SP;pjsr:@0x14036:24;adds.b:0x4,SP;mov:g.w:R0,R2;mov:g.w:@0xea4:16,R5;bra:#0x00019ac9:8;mov:g.w:@0x13f0:16,R5;mov:g.w:#0x2d70:16,@-SP;mov:g.w:#0x1:8,@-SP;pjsr:@0x14656:24;adds.b:0x4,SP;mov:g.w:R0,R2;tst.w:@0xf454:16;bne:#0x00019ac9:8;mov:g.w:@0x13f4:16,R0;mov:g.w:R0,@-SP;mov:g.w:R2,@-SP;pjsr:@0x14036:24;adds.b:0x4,SP;mov:g.w:R0,R2;mov:g.w:@0x13f2:16,R5;btst.w:0x3,@0xf1fe:16;bne:#0x00019ae0:8;cmp:g.w:@0xf186:16,R2;bhs:#0x00019adb:8;cmp:g.w:@0xf10e:16,R5;bls:#0x00019ae0:8;mov:i:#0x2:16,R0;bra:#0x00019ae2:8;clr.w:R0;ldm.w:@SP+,(R5 R2 );unlk:FP;prts:;
00019af0,o2_heater_fuel_ctrl_top_update,tst.b:@0x2eb:16;beq:#0x00019b08:8;pjsr:@0x19b2a:24;pjsr:@0x19b5e:24;pjsr:@0x19bbc:24;pjsr:@0x19cb3:24;bra:#0x00019b28:8;mov:g.w:#0xff:16,@0xf4dc:16;stc.w:SR,@-SP;orc.w:0x700,SR;andc.w:0xfeff,SR;ldc.b:0x0,DP;bset.w:@0xf0ec:16,0x0;ldc.w:@SP+ ,SR;ldc.b:0x0,DP;bclr.w:0x5,@0xf1fe:16;prts:;
00019b2a,o2_heater_timer_f088_update,mov:g.w:@0xf20e:16,R0;and.w:0x11,R0;bne:#0x00019b3a:8;tst.w:@0xf4e6:16;beq:#0x00019b46:8;mov:g.w:@0xf08:16,R0;shll.w:R0;shll.w:R0;mov:g.w:R0,@0xf088:16;tst.w:@0xef90:16;bne:#0x00019b52:8;bclr.w:0x5,@0xf1fe:16;bra:#0x00019b5c:8;tst.w:@0xf088:16;bne:#0x00019b5c:8;bset.w:@0xf1fe:16,0x5;prts:;
00019b5e,o2_heater_iat_zone_select_f4f0,mov:g.w:R2,@-SP;mov:i:#0x1:16,R2;mov:g.w:@0xf17a:16,R0;cmp:g.w:@0xeea:16,R0;bls:#0x00019b72:8;mov:i:#0x8:16,R2;bra:#0x00019b8e:8;mov:g.w:@0xf17a:16,R0;cmp:g.w:@0xee8:16,R0;bls:#0x00019b81:8;mov:i:#0x4:16,R2;bra:#0x00019b8e:8;mov:g.w:@0xf17a:16,R0;cmp:g.w:@0xee6:16,R0;bls:#0x00019b8e:8;mov:i:#0x2:16,R2;mov:g.w:R2,@0xf4f0:16;mov:g.w:@0xeec:16,R2;mov:g.w:@0xf4de:16,R0;cmp:g.w:@0xef4:16,R0;bls:#0x00019ba6:8;mov:g.w:@0xef0:16,R2;bra:#0x00019bb4:8;mov:g.w:@0xf4de:16,R0;cmp:g.w:@0xef2:16,R0;bls:#0x00019bb4:8;mov:g.w:@0xeee:16,R2;mov:g.w:R2,@0xf4ec:16;mov:g.w:@SP+,R2;prts:;
00019bbc,o2_heater_duty_f4da_calc,stm:(R2 R3 ),@-SP;btst.w:0x0,@0xf4d8:16;beq:#0x00019bd4:8;mov:g.w:@0xf186:16,R0;cmp:g.w:@0xf04:16,R0;bhi:#0x00019be2:8;bclr.w:0x0,@0xf4d8:16;bra:#0x00019be2:8;mov:g.w:@0xf186:16,R0;cmp:g.w:@0xf02:16,R0;bls:#0x00019be2:8;bset.w:@0xf4d8:16,0x0;btst.w:0x1,@0xf4d8:16;beq:#0x00019bf8:8;mov:g.w:@0xf17a:16,R0;cmp:g.w:@0xf00:16,R0;bhi:#0x00019c06:8;bclr.w:0x1,@0xf4d8:16;bra:#0x00019c06:8;mov:g.w:@0xf17a:16,R0;cmp:g.w:@0xefe:16,R0;bls:#0x00019c06:8;bset.w:@0xf4d8:16,0x1;tst.b:@0x2ec:16;beq:#0x00019c2a:8;mov:g.w:@0xf17a:16,R0;cmp:g.w:@0xf46:16,R0;bhi:#0x00019c2a:8;mov:g.w:@0xf48:16,R0;mulxu.w:0x14,R0;cmp:g.w:@0xef6a:16,R1;bls:#0x00019c2a:8;btst.w:0x4,@0xf20e:16;beq:#0x00019c30:8;bclr.w:0xf,@0xf4d8:16;bra:#0x00019c44:8;btst.w:0x0,@0xf20e:16;beq:#0x00019c44:8;mov:g.w:@0xf10e:16,R0;cmp:g.w:@0xf42:16,R0;bhi:#0x00019c44:8;bset.w:@0xf4d8:16,0xf;tst.w:@0xf046:16;bne:#0x00019ca1:8;mov:i:#0xff:16,R2;mov:g.w:@0xf4da:16,R0;add:g.w:@0xefa:16,R0;mov:g.w:R0,@-SP;pjsr:@0x1442d:24;add:q.w:#2,SP;mov:g.w:R0,R3;pjsr:@0x19d0e:24;tst.w:R0;beq:#0x00019c6b:8;mov:g.w:@0xf4ea:16,R2;btst.w:0xf,@0xf4d8:16;beq:#0x00019c75:8;mov:g.w:@0xf44:16,R2;cmp:g.w:R3,R2;bhs:#0x00019c7d:8;mov:g.w:R2,@-SP;bra:#0x00019c7f:8;mov:g.w:R3,@-SP;pjsr:@0x1442d:24;add:q.w:#2,SP;mov:g.w:R0,@0xf4da:16;btst.w:0x4,@0xf3f0:16;beq:#0x00019c99:8;mov:g.w:@0xef8:16,R0;mov:g.w:R0,@0xf046:16;bra:#0x00019ca1:8;mov:g.w:@0xef6:16,R0;mov:g.w:R0,@0xf046:16;pjsr:@0x19d4b:24;tst.w:R0;beq:#0x00019caf:8;mov:g.w:#0xff:16,@0xf4da:16;ldm.w:@SP+,(R3 R2 );prts:;
00019cb3,o2_heater_duty_downstream_correction,mov:g.w:R2,@-SP;mov:g.w:#0xd116:16,@-SP;mov:g.w:#0x2:8,@-SP;pjsr:@0x14735:24;adds.b:0x4,SP;mov:g.w:#0x2dd6:16,@-SP;mov:g.w:#0x1:8,@-SP;pjsr:@0x14656:24;adds.b:0x4,SP;mov:g.w:@0xf4da:16,R1;add:g.w:R0,R1;mov:g.w:R1,@-SP;pjsr:@0x1442d:24;add:q.w:#2,SP;mov:g.w:R0,@0xf4dc:16;btst.w:0x4,@0xf20e:16;beq:#0x00019d0a:8;mov:i:#0xff:16,R2;btst.w:0x0,@0xf512:16;beq:#0x00019cf4:8;clr.w:R2;stc.w:SR,@-SP;orc.w:0x700,SR;andc.w:0xfeff,SR;ldc.b:0x0,DP;mov:g.w:R2,@0xf4f4:16;ldc.w:@SP+ ,SR;ldc.b:0x0,DP;mov:g.w:@SP+,R2;prts:;
00019d0e,o2_heater_soak_enable_check,btst.w:0x0,@0xf4d8:16;bne:#0x00019d47:8;btst.w:0x1,@0xf4d8:16;bne:#0x00019d47:8;mov:g.w:@0xf10e:16,R0;cmp:g.w:@0xf06:16,R0;bls:#0x00019d47:8;mov:g.w:@0xf20e:16,R0;and.w:0x11,R0;bne:#0x00019d47:8;mov:g.w:@0xefc:16,R0;mulxu.w:0x14,R0;cmp:g.w:@0xef6a:16,R1;bhs:#0x00019d47:8;btst.w:0x5,@0xf1fe:16;bne:#0x00019d47:8;mov:i:#0x1:16,R0;bra:#0x00019d49:8;clr.w:R0;prts:;
00019d4b,o2_heater_force_off_check,btst.w:0x4,@0xf20e:16;bne:#0x00019d75:8;btst.w:0xf,@0xf4d8:16;bne:#0x00019d5d:8;btst.w:0x0,@0xf20e:16;bne:#0x00019d75:8;btst.w:0x5,@0xf1fe:16;bne:#0x00019d75:8;btst.b:0x1,@0x2eb:16;beq:#0x00019d6f:8;btst.w:0x4,@0xf0f8:16;bne:#0x00019d75:8;btst.w:0x3,@0xf20e:16;beq:#0x00019d7a:8;mov:i:#0x1:16,R0;bra:#0x00019d7c:8;clr.w:R0;prts:;
00019d80,channel_dispatch_and_snapshot_update,mov:g.w:@0xf1fc:16,R0;shll.w:R0;ldc.b:0x1,DP;mov:g.w:@(0x20c:16,R0),R1;ldc.b:0x0,DP;mov:g.w:R1,@0xf5c0:16;mov:g.w:@0x21c:16,R0;mov:g.w:R0,@0xf5c2:16;mov:g.w:@0x21e:16,R0;mov:g.w:R0,@0xf5c4:16;mov:g.w:@0x206:16,R0;mov:g.w:R0,@0xf5c6:16;btst.b:0x0,@0x200:16;beq:#0x00019e04:8;mov:g.w:@0xf520:16,R0;and.w:0xf8,R0;beq:#0x00019dc6:8;clr.w:@0xf84a:16;pjsr:@0x17154:24;bra:#0x00019e04:8;clr.w:@-SP;pjsr:@0x149f5:24;add:q.w:#2,SP;mov:g.w:@0xf84a:16,R0;and.w:0x3,R0;cmp:i:#0x3:16,R0;bne:#0x00019de8:8;clr.w:@-SP;clr.w:@-SP;pjsr:@0x14dd8:24;adds.b:0x4,SP;bra:#0x00019e04:8;cmp:g.b:#0x66:8,@0xf170:16;bhs:#0x00019e04:8;mov:g.w:@0xf84a:16,R0;and.w:0x21,R0;cmp:i:#0x21:16,R0;bne:#0x00019e04:8;clr.w:@-SP;pjsr:@0x1504b:24;add:q.w:#2,SP;btst.b:0x1,@0x200:16;beq:#0x00019e4b:8;mov:g.w:#0x1:8,@-SP;pjsr:@0x149f5:24;add:q.w:#2,SP;mov:g.w:@0xf84c:16,R0;and.w:0x3,R0;cmp:i:#0x3:16,R0;bne:#0x00019e2e:8;clr.w:@-SP;mov:g.w:#0x1:8,@-SP;pjsr:@0x14dd8:24;adds.b:0x4,SP;bra:#0x00019e4b:8;cmp:g.b:#0x66:8,@0xf170:16;bhs:#0x00019e4b:8;mov:g.w:@0xf84c:16,R0;and.w:0x21,R0;cmp:i:#0x21:16,R0;bne:#0x00019e4b:8;mov:g.w:#0x1:8,@-SP;pjsr:@0x1504b:24;add:q.w:#2,SP;btst.w:0x0,@0xf0e6:16;beq:#0x00019e57:8;bset.w:@0xf5c8:16,0x4;bra:#0x00019e5b:8;bclr.w:0x4,@0xf5c8:16;btst.w:0x0,@0xf0ea:16;beq:#0x00019e67:8;bset.w:@0xf5c8:16,0x1;bra:#0x00019e6b:8;bclr.w:0x1,@0xf5c8:16;prts:;
00019e6d,channel_event_or_periodic_dispatch,stm:(R2 R3 ),@-SP;btst.b:0x0,@0x200:16;beq:#0x00019eb6:8;mov:g.w:@0xf520:16,R0;and.w:0xf8,R0;bne:#0x00019e87:8;clr.w:@-SP;pjsr:@0x14d6f:24;add:q.w:#2,SP;mov:g.w:@0xf84a:16,R2;btst.w:0x0,R2;beq:#0x00019eb6:8;btst.w:0x2,R2;beq:#0x00019e98:8;mov:g.w:#0x1:8,@-SP;bra:#0x00019e9f:8;btst.w:0x3,R2;beq:#0x00019eaa:8;mov:g.w:#0x2:8,@-SP;clr.w:@-SP;pjsr:@0x14dd8:24;adds.b:0x4,SP;bra:#0x00019eb6:8;btst.w:0x4,R2;beq:#0x00019eb6:8;clr.w:@-SP;pjsr:@0x14edd:24;add:q.w:#2,SP;btst.b:0x1,@0x200:16;beq:#0x00019ef6:8;mov:g.w:#0x1:8,@-SP;pjsr:@0x14d6f:24;add:q.w:#2,SP;mov:g.w:@0xf84c:16,R3;btst.w:0x0,R3;beq:#0x00019ef6:8;btst.w:0x2,R3;beq:#0x00019ed6:8;mov:g.w:#0x1:8,@-SP;bra:#0x00019edd:8;btst.w:0x3,R3;beq:#0x00019ee9:8;mov:g.w:#0x2:8,@-SP;mov:g.w:#0x1:8,@-SP;pjsr:@0x14dd8:24;adds.b:0x4,SP;bra:#0x00019ef6:8;btst.w:0x4,R3;beq:#0x00019ef6:8;mov:g.w:#0x1:8,@-SP;pjsr:@0x14edd:24;add:q.w:#2,SP;ldm.w:@SP+,(R3 R2 );prts:;
00019efa,channel_data_flush_if_active,mov:g.w:R3,@-SP;mov:g.w:@0xf84a:16,R3;btst.b:0x0,@0x200:16;beq:#0x00019f16:8;btst.w:0x0,R3;beq:#0x00019f16:8;btst.w:0x5,R3;beq:#0x00019f16:8;clr.w:@-SP;pjsr:@0x1504b:24;add:q.w:#2,SP;mov:g.w:@0xf84c:16,R3;btst.b:0x1,@0x200:16;beq:#0x00019f31:8;btst.w:0x0,R3;beq:#0x00019f31:8;btst.w:0x5,R3;beq:#0x00019f31:8;mov:g.w:#0x1:8,@-SP;pjsr:@0x1504b:24;add:q.w:#2,SP;mov:g.w:@SP+,R3;prts:;
00019f35,o2_lambda_or_passthrough_select,link:FP,#0x0:8;cmp:g.b:#0x80:8,@0x201:16;bne:#0x00019f44:8;mov:g.w:@0xf5b4:16,R0;bra:#0x00019f46:8;mov:f.w:@(0x6:8,FP),R0;unlk:FP;prts:;
00019f49,o2_sensor_gain_divisor,link:FP,#0x0:8;mov:g.w:R2,@-SP;cmp:g.b:#0x80:8,@0x203:16;bne:#0x00019f70:8;mov:g.w:@0xf5b8:16,R2;btst.w:0x1,@0xf0ec:16;beq:#0x00019f6c:8;mov:g.w:#0x3:8,@-SP;mov:g.w:R2,@-SP;pjsr:@0x1412b:24;adds.b:0x4,SP;bra:#0x00019f72:8;mov:g.w:R2,R0;bra:#0x00019f72:8;mov:f.w:@(0x6:8,FP),R0;mov:g.w:@SP+,R2;unlk:FP;prts:;
00019f77,o2_wideband_mode_zero_check,link:FP,#-0x2:8;mov:g.b:@0x203:16,R0;mov:f.b:R0,@(-0x2:8,FP);cmp:e:#0x3:8,R0;beq:#0x00019f87:8;cmp:e:#0x4:8,R0;bne:#0x00019f8b:8;clr.w:R0;bra:#0x00019f8d:8;mov:f.w:@(0x6:8,FP),R0;unlk:FP;prts:;
00019f90,o2_wideband_cell_offset_adjust,link:FP,#0x0:8;mov:g.w:R2,@-SP;mov:g.b:@0x203:16,R2;cmp:e:#0x81:8,R2;beq:#0x00019fa0:8;cmp:e:#0x83:8,R2;bne:#0x00019feb:8;mov:g.w:@0xf5b8:16,R0;and.w:0xf0,R0;shlr.w:R0;shlr.w:R0;shlr.w:R0;shlr.w:R0;cmp:g.w:@0xf5e8:16,R0;bne:#0x00019feb:8;mov:g.w:#0xb4:16,@-SP;mov:g.w:#0x100:16,@-SP;mov:g.w:@0xf5b8:16,R0;and.w:0xf,R0;mov:g.w:R0,@-SP;pjsr:@0x14219:24;adds.b:0x6,SP;mov:g.w:R0,@-SP;mov:f.w:@(0x6:8,FP),R0;mov:g.w:R0,@-SP;cmp:e:#0x81:8,R2;bne:#0x00019fe2:8;pjsr:@0x14036:24;adds.b:0x4,SP;bra:#0x00019fed:8;pjsr:@0x14000:24;adds.b:0x4,SP;bra:#0x00019fed:8;mov:f.w:@(0x6:8,FP),R0;mov:g.w:@SP+,R2;unlk:FP;prts:;
00019ff2,o2_wideband_midpoint_select,link:FP,#-0x2:8;mov:g.b:@0x203:16,R0;mov:f.b:R0,@(-0x2:8,FP);cmp:e:#0x81:8,R0;beq:#0x0001a002:8;cmp:e:#0x83:8,R0;bne:#0x0001a007:8;mov:i:#0x80:16,R0;bra:#0x0001a009:8;mov:f.w:@(0x6:8,FP),R0;unlk:FP;prts:;
0001a00c,o2_lambda_correction_apply,link:FP,#0x0:8;stm:(R2 R3 ),@-SP;mov:f.w:@(0x6:8,FP),R3;mov:g.b:@0x201:16,R2;cmp:e:#0x1:8,R2;bne:#0x0001a02f:8;mov:g.w:R3,@-SP;mov:g.w:@0xf5b4:16,R0;add:g.w:0x80,R0;mov:g.w:R0,@-SP;pjsr:@0x143bf:24;adds.b:0x4,SP;bra:#0x0001a03d:8;cmp:e:#0x2:8,R2;bne:#0x0001a03b:8;mov:g.w:@0xf5b4:16,R3;mov:g.w:R3,R0;bra:#0x0001a03d:8;mov:g.w:R3,R0;ldm.w:@SP+,(R3 R2 );unlk:FP;prts:;
0001a042,o2_sensor_mode_correction_select,link:FP,#0x0:8;stm:(R2 R3 R5 ),@-SP;mov:f.w:@(0x6:8,FP),R3;mov:g.b:@0x201:16,R2;mov:g.b:@0x202:16,R5;cmp:e:#0x11:8,R5;bne:#0x0001a062:8;mov:g.w:R3,@-SP;mov:g.w:@0xf5b6:16,R0;add:g.w:0x80,R0;mov:g.w:R0,@-SP;bra:#0x0001a08b:8;cmp:e:#0x12:8,R5;bne:#0x0001a06e:8;mov:g.w:@0xf5b6:16,R3;mov:g.w:R3,R0;bra:#0x0001a0a2:8;cmp:e:#0x1:8,R2;beq:#0x0001a076:8;cmp:e:#0x2:8,R2;bne:#0x0001a07b:8;mov:i:#0x80:16,R0;bra:#0x0001a0a2:8;cmp:e:#0x3:8,R2;bne:#0x0001a094:8;mov:g.w:R3,@-SP;mov:g.w:@0xf5b4:16,R0;add:g.w:0x80,R0;mov:g.w:R0,@-SP;pjsr:@0x143bf:24;adds.b:0x4,SP;bra:#0x0001a0a2:8;cmp:e:#0x4:8,R2;bne:#0x0001a0a0:8;mov:g.w:@0xf5b4:16,R3;mov:g.w:R3,R0;bra:#0x0001a0a2:8;mov:g.w:R3,R0;ldm.w:@SP+,(R5 R3 R2 );unlk:FP;prts:;
0001a0a7,o2_wideband_lsu_mode_check,mov:g.w:R2,@-SP;mov:g.b:@0x201:16,R2;cmp:e:#0x6:8,R2;beq:#0x0001a0b9:8;cmp:e:#0x7:8,R2;beq:#0x0001a0b9:8;cmp:e:#0x8:8,R2;bne:#0x0001a0be:8;mov:i:#0x1:16,R0;bra:#0x0001a0c0:8;clr.w:R0;mov:g.w:@SP+,R2;prts:;
0001a0c4,o2_mode7_8_correction_apply,link:FP,#0x0:8;stm:(R2 R3 ),@-SP;mov:f.w:@(0x6:8,FP),R3;mov:g.b:@0x201:16,R2;cmp:e:#0x7:8,R2;bne:#0x0001a0e7:8;mov:g.w:R3,@-SP;mov:g.w:@0xf5b4:16,R0;add:g.w:0x80,R0;mov:g.w:R0,@-SP;pjsr:@0x143bf:24;adds.b:0x4,SP;bra:#0x0001a0f5:8;cmp:e:#0x8:8,R2;bne:#0x0001a0f3:8;mov:g.w:@0xf5b4:16,R3;mov:g.w:R3,R0;bra:#0x0001a0f5:8;mov:g.w:R3,R0;ldm.w:@SP+,(R3 R2 );unlk:FP;prts:;
0001a0fa,o2_mode9_10_correction_apply,link:FP,#0x0:8;stm:(R2 R3 ),@-SP;mov:f.w:@(0x6:8,FP),R3;mov:g.b:@0x201:16,R2;cmp:e:#0x9:8,R2;bne:#0x0001a11d:8;mov:g.w:R3,@-SP;mov:g.w:@0xf5b4:16,R0;add:g.w:0x80,R0;mov:g.w:R0,@-SP;pjsr:@0x143bf:24;adds.b:0x4,SP;bra:#0x0001a12b:8;cmp:e:#0xa:8,R2;bne:#0x0001a129:8;mov:g.w:@0xf5b4:16,R3;mov:g.w:R3,R0;bra:#0x0001a12b:8;mov:g.w:R3,R0;ldm.w:@SP+,(R3 R2 );unlk:FP;prts:;
0001a130,o2_mode11_lambda_select,link:FP,#0x0:8;cmp:g.b:#0xb:8,@0x201:16;bne:#0x0001a141:8;mov:g.w:@0xf5b4:16,R0;mov:f.w:R0,@(0x6:8,FP);bra:#0x0001a143:8;mov:f.w:@(0x6:8,FP),R0;unlk:FP;prts:;
0001a146,o2_mode16_lambda_select,link:FP,#0x0:8;cmp:g.b:#0x10:8,@0x201:16;bne:#0x0001a157:8;mov:g.w:@0xf5b4:16,R0;mov:f.w:R0,@(0x6:8,FP);bra:#0x0001a159:8;mov:f.w:@(0x6:8,FP),R0;unlk:FP;prts:;
0001a15c,o2_closed_loop_config_check,mov:g.w:R2,@-SP;mov:g.b:@0x202:16,R2;cmp:g.b:#0x1:8,@0x204:16;beq:#0x0001a17c:8;tst.b:@0x201:16;bne:#0x0001a177:8;cmp:e:#0x11:8,R2;beq:#0x0001a177:8;cmp:e:#0x12:8,R2;bne:#0x0001a17c:8;mov:i:#0x1:16,R0;bra:#0x0001a17e:8;clr.w:R0;mov:g.w:@SP+,R2;prts:;
0001a182,o2_sensor2_correction_apply,link:FP,#0x0:8;stm:(R2 R3 ),@-SP;mov:f.w:@(0x6:8,FP),R3;mov:g.b:@0x202:16,R2;cmp:e:#0x1:8,R2;bne:#0x0001a1a6:8;mov:g.w:#0x40:8,@-SP;mov:g.w:@0xf5b6:16,R0;shlr.w:R0;add:g.w:R3,R0;mov:g.w:R0,@-SP;pjsr:@0x14036:24;adds.b:0x4,SP;bra:#0x0001a1b4:8;cmp:e:#0x2:8,R2;bne:#0x0001a1b2:8;mov:g.w:@0xf5b6:16,R3;mov:g.w:R3,R0;bra:#0x0001a1b4:8;mov:g.w:R3,R0;ldm.w:@SP+,(R3 R2 );unlk:FP;prts:;
0001a1b9,o2_sensor2_mode3_midpoint,link:FP,#0x0:8;cmp:g.b:#0x3:8,@0x202:16;bne:#0x0001a1c7:8;mov:i:#0x80:16,R0;bra:#0x0001a1c9:8;mov:f.w:@(0x6:8,FP),R0;unlk:FP;prts:;
0001a1cc,o2_downstream_type34_check,mov:g.w:R2,@-SP;mov:g.b:@0x203:16,R2;cmp:e:#0x3:8,R2;beq:#0x0001a1da:8;cmp:e:#0x4:8,R2;bne:#0x0001a1df:8;mov:i:#0x1:16,R0;bra:#0x0001a1e1:8;clr.w:R0;mov:g.w:@SP+,R2;prts:;
0001a1e5,o2_downstream_clamp_by_type,link:FP,#-0x2:8;mov:g.b:@0x203:16,R0;mov:f.b:R0,@(-0x2:8,FP);cmp:e:#0x3:8,R0;bne:#0x0001a1f6:8;mov:i:#0xff:16,R0;bra:#0x0001a202:8;cmp:g.b:#0x4:8,@(-0x2:8,FP);bne:#0x0001a200:8;clr.w:R0;bra:#0x0001a202:8;mov:f.w:@(0x6:8,FP),R0;unlk:FP;prts:;
0001a205,o2_wideband_mode82_check,clr.w:R0;cmp:g.b:#0x82:8,@0x203:16;bne:#0x0001a210:8;add:q.w:#1,R0;prts:;
0001a212,o2_sensor2_mode20_select,link:FP,#0x0:8;cmp:g.b:#0x20:8,@0x202:16;bne:#0x0001a223:8;mov:g.w:@0xf5b6:16,R0;mov:f.w:R0,@(0x6:8,FP);bra:#0x0001a225:8;mov:f.w:@(0x6:8,FP),R0;unlk:FP;prts:;
0001a228,o2_downstream_mode20_select,link:FP,#0x0:8;cmp:g.b:#0x20:8,@0x203:16;bne:#0x0001a239:8;mov:g.w:@0xf5b8:16,R0;mov:f.w:R0,@(0x6:8,FP);bra:#0x0001a23b:8;mov:f.w:@(0x6:8,FP),R0;unlk:FP;prts:;
0001a23e,o2_downstream_mode21_select,link:FP,#0x0:8;cmp:g.b:#0x21:8,@0x203:16;bne:#0x0001a24f:8;mov:g.w:@0xf5b8:16,R0;mov:f.w:R0,@(0x6:8,FP);bra:#0x0001a251:8;mov:f.w:@(0x6:8,FP),R0;unlk:FP;prts:;
0001a254,o2_config4_mode16_check,clr.w:R0;cmp:g.b:#0x10:8,@0x204:16;bne:#0x0001a25f:8;add:q.w:#1,R0;prts:;
0001a261,o2_downstream_mode17_check,clr.w:R0;cmp:g.b:#0x11:8,@0x203:16;bne:#0x0001a26c:8;add:q.w:#1,R0;prts:;
0001a26e,o2_downstream_correction_apply,link:FP,#0x0:8;stm:(R2 R3 ),@-SP;mov:f.w:@(0x6:8,FP),R3;mov:g.b:@0x203:16,R2;cmp:e:#0x1:8,R2;bne:#0x0001a291:8;mov:g.w:R3,@-SP;mov:g.w:@0xf5b8:16,R0;add:g.w:0x80,R0;mov:g.w:R0,@-SP;pjsr:@0x143bf:24;adds.b:0x4,SP;bra:#0x0001a29f:8;cmp:e:#0x2:8,R2;bne:#0x0001a29d:8;mov:g.w:@0xf5b8:16,R3;mov:g.w:R3,R0;bra:#0x0001a29f:8;mov:g.w:R3,R0;ldm.w:@SP+,(R3 R2 );unlk:FP;prts:;
0001a2a4,o2_downstream_mode64_select,link:FP,#0x0:8;cmp:g.b:#0x40:8,@0x203:16;bne:#0x0001a2b5:8;mov:g.w:@0xf5b8:16,R0;mov:f.w:R0,@(0x6:8,FP);bra:#0x0001a2b7:8;mov:f.w:@(0x6:8,FP),R0;unlk:FP;prts:;
0001a2ba,o2_downstream_mode66_select,link:FP,#0x0:8;cmp:g.b:#0x42:8,@0x203:16;bne:#0x0001a2cb:8;mov:g.w:@0xf5b8:16,R0;mov:f.w:R0,@(0x6:8,FP);bra:#0x0001a2cd:8;mov:f.w:@(0x6:8,FP),R0;unlk:FP;prts:;
0001a2d0,o2_mode65_lambda_select,link:FP,#0x0:8;cmp:g.b:#0x41:8,@0x203:16;bne:#0x0001a2e1:8;mov:g.w:@0xf5b8:16,R0;mov:f.w:R0,@(0x6:8,FP);bra:#0x0001a2e3:8;mov:f.w:@(0x6:8,FP),R0;unlk:FP;prts:;
0001a2e6,o2_downstream_mode48_select,link:FP,#0x0:8;cmp:g.b:#0x30:8,@0x203:16;bne:#0x0001a2f7:8;mov:g.w:@0xf5b8:16,R0;mov:f.w:R0,@(0x6:8,FP);bra:#0x0001a2f9:8;mov:f.w:@(0x6:8,FP),R0;unlk:FP;prts:;
0001a300,o2_trim_cell_states_reset,pjsr:@0x2b880:24;prts:;
0001a306,fuel_trim_full_state_reset,pjsr:@0x2b8ca:24;prts:;
0001a30c,dtc_and_status_update,pjsr:@0x1a31a:24;pjsr:@0x1a36f:24;pjsr:@0x2b9a5:24;prts:;
0001a31a,status_flags_f202_build,mov:g.w:R2,@-SP;clr.w:R2;btst.w:0x3,@0xf20e:16;beq:#0x0001a327:8;mov:i:#0x80:16,R2;btst.w:0x5,@0xf25a:16;beq:#0x0001a32f:8;bset.w:R2,0x6;btst.w:0x6,@0xf25e:16;beq:#0x0001a337:8;bset.w:R2,0x5;tst.w:@0xf250:16;bne:#0x0001a33f:8;bset.w:R2,0x3;mov:g.w:@0xf730:16,R0;and.w:0xf,R0;cmp:i:#0xf:16,R0;beq:#0x0001a34e:8;bset.w:R2,0x1;mov:g.w:@0xf3dc:16,R0;and.w:0xf,R0;cmp:i:#0xf:16,R0;beq:#0x0001a35d:8;bset.w:R2,0x0;mov:g.w:@0xf202:16,R0;and.w:0xff10,R0;or.w:R2 ,R0;mov:g.w:R0,@0xf202:16;mov:g.w:@SP+,R2;prts:;
0001a36f,dtc_status_flags_f204_f206_build,stm:(R2 R3 R5 ),@-SP;clr.w:R2;mov:g.w:@0xf118:16,R0;cmp:g.w:@0xfd8:16,R0;bls:#0x0001a38d:8;mov:g.w:@0xf130:16,R0;cmp:g.w:@0xfda:16,R0;bls:#0x0001a38d:8;tst.w:@0xf00e:16;beq:#0x0001a390:8;mov:i:#0x1:16,R2;mov:g.w:@0xf10e:16,R0;cmp:g.w:@0xfd4:16,R0;bhi:#0x0001a39c:8;bset.w:R2,0x1;mov:g.w:@0xf10e:16,R0;cmp:g.w:@0xfd6:16,R0;bhi:#0x0001a3a8:8;bset.w:R2,0x2;mov:g.w:@0xf114:16,R0;cmp:g.w:@0xfd0:16,R0;bls:#0x0001a3be:8;mov:g.w:@0xf11c:16,R0;cmp:g.w:@0xfd2:16,R0;bls:#0x0001a3be:8;bset.w:R2,0x3;tst.w:@0xf500:16;bne:#0x0001a3c6:8;bset.w:R2,0x4;btst.w:0x3,@0xf1fe:16;beq:#0x0001a3ce:8;bset.w:R2,0x5;btst.w:0x0,@0xf1fe:16;beq:#0x0001a3d6:8;bset.w:R2,0x6;btst.w:0x1,@0xf1fe:16;beq:#0x0001a3de:8;bset.w:R2,0x7;btst.w:0x2,@0xf1fe:16;beq:#0x0001a3e6:8;bset.w:R2,0x8;clr.w:R5;clr.w:R3;mov:g.w:R2,R0;and.w:0x3e3,R0;beq:#0x0001a3f8:8;mov:i:#0x8000:16,R3;mov:i:#0x8000:16,R5;mov:g.w:R2,R0;and.w:0xbe3,R0;beq:#0x0001a402:8;bset.w:R3,0xe;mov:g.w:R2,R0;and.w:0x13e3,R0;beq:#0x0001a40c:8;bset.w:R5,0xe;mov:g.w:R2,R0;and.w:0x3f5,R0;beq:#0x0001a416:8;bset.w:R3,0x7;mov:g.w:R2,R0;and.w:0x7e3,R0;beq:#0x0001a420:8;bset.w:R3,0x6;mov:g.w:R2,R0;and.w:0x3eb,R0;beq:#0x0001a42c:8;bset.w:R3,0xd;bset.w:R5,0xd;mov:g.w:R2,R0;and.w:0x63e0,R0;beq:#0x0001a438:8;bset.w:R3,0xc;bset.w:R5,0xc;mov:g.w:R2,R0;and.w:0x3e3,R0;beq:#0x0001a442:8;bset.w:R3,0x5;mov:g.w:R2,R0;and.w:0x3e3,R0;beq:#0x0001a44c:8;bset.w:R3,0x4;mov:g.w:R2,R0;and.w:0x1e3,R0;beq:#0x0001a456:8;bset.w:R3,0x2;mov:g.w:R2,R0;and.w:0x1e0,R0;beq:#0x0001a460:8;bset.w:R3,0x1;mov:g.w:R2,R0;and.w:0x3e3,R0;beq:#0x0001a46a:8;bset.w:R3,0x3;mov:g.w:R2,R0;and.w:0xe0,R0;beq:#0x0001a474:8;bset.w:R3,0x8;mov:g.w:R2,R0;and.w:0x1e0,R0;beq:#0x0001a480:8;bset.w:R3,0xb;bset.w:R5,0xb;btst.w:0x9,R2;beq:#0x0001a486:8;bset.w:R3,0x9;and.w:0x1e3,R2;beq:#0x0001a48e:8;bset.w:R3,0x0;mov:g.w:R3,@0xf204:16;mov:g.w:R5,@0xf206:16;ldm.w:@SP+,(R5 R3 R2 );prts:;
00020000,flash_boot_init,ldc.b:0x0,TP;mov:i:#0xfe80:16,SP;ldc.b:0x0,EP;ldc.b:0x0,DP;btst.b:0x7,@0xfee0:16;beq:#0x0002000c:8;ldc.b:0x2,EP;mov:i:#0x30:16,R4;mov:i:#0xa76:16,R1;bsr:0x00020024;ldc.b:0x0,EP;pjmp:@0xf290:24;
00020024,boot_ram_block_copy,mov:i:#0xf290:16,R2;mov:g.w:@R4+,R3;mov:g.w:R3,@R2+;cmp:g.w:R1,R4;blt:#0x00020027:8;rts:;
00020030,boot_main_loop,mov:g.b:#0x0:8,@0xf20b:16;mov:e:#0x33:8,R0;bsr:0x00020048;bsr:0x0002006e;bsr:0x00020084;bsr:0x00020104;bsr:0x0002014c;bsr:0x0002016e;bra:#0x00020043:8;
00020048,boot_sci1_init,mov:e:#0x0:8,R1;mov:g.b:R1,@0xfeca:16;mov:g.b:R1,@0xfec8:16;mov:g.b:R1,@0xfeca:16;mov:g.b:R0,R1;mov:g.b:R1,@0xfec9:16;mov:e:#0x30:8,R1;mov:g.b:R1,@0xfeca:16;mov:i:#0xfd00:16,R1;mov:g.w:R1,@0xf216:16;mov:g.w:R1,@0xf218:16;rts:;
0002006e,boot_sci1_receive_command,bsr:0x0002038d;mov:g.b:R0,@0xf200:16;cmp:e:#0x0:8,R0;beq:#0x0002007e:8;mov:e:#0x61:8,R0;bra:#0x0002042c:16;mov:e:#0x10:8,R0;bsr:0x00020388;rts:;
00020084,boot_sci1_receive_config_bytes,bsr:0x0002038d;mov:g.b:R0,@0xf201:16;bsr:0x00020388;bsr:0x0002038d;mov:g.b:R0,@0xf202:16;bsr:0x00020388;bsr:0x0002038d;mov:g.b:R0,@0xf203:16;bsr:0x00020388;bsr:0x0002038d;mov:g.b:R0,@0xf204:16;bsr:0x00020388;bsr:0x0002038d;mov:g.b:R0,@0xf205:16;bsr:0x00020388;bsr:0x0002038d;mov:g.b:R0,@0xf206:16;bsr:0x00020388;clr.b:@0xf207:16;stc.b:EP,@-SP;ldc.b:0x2,EP;mov:i:#0xfefa:16,R4;mov:g.b:@R4+,R0;cmp:g.b:@0xf201:16,R0;bne:#0x000200fc:8;mov:g.b:@R4+,R0;cmp:g.b:@0xf202:16,R0;bne:#0x000200fc:8;mov:g.b:@R4+,R0;cmp:g.b:@0xf203:16,R0;bne:#0x000200fc:8;mov:g.b:@R4+,R0;cmp:g.b:@0xf204:16,R0;bne:#0x000200fc:8;mov:g.b:@R4+,R0;cmp:g.b:@0xf205:16,R0;bne:#0x000200fc:8;mov:g.b:@R4+,R0;cmp:g.b:@0xf206:16,R0;beq:#0x00020101:8;mov:g.b:#0x1:8,@0xf207:16;ldc.b:@SP+ ,EP;rts:;
00020104,boot_sci1_rom_id_verify,bsr:0x0002038d;mov:g.b:R0,@0xf208:16;mov:i:#0xf394:16,R1;mov:g.b:@(0x0:8,R1),R2;mov:g.b:@(0x1:8,R1),R3;cmp:e:#0x0:8,R2;beq:#0x00020120:8;cmp:g.b:R0,R2;beq:#0x00020125:8;add:q.w:#2,R1;bra:#0x0002010e:8;mov:e:#0x62:8,R0;bra:#0x0002042c:16;bsr:0x00020388;btst.b:0x2,@0xfecc:16;beq:#0x00020128:8;mov:g.b:R3,R0;bsr:0x00020048;rts:;
0002014c,sci1_boot_cmd_type_rx_validate,bsr:0x0002038d;mov:g.b:R0,@0xf209:16;cmp:e:#0x6:8,R0;bne:#0x00020159:8;bra:#0x0002016a:8;cmp:e:#0x9:8,R0;bne:#0x0002015f:8;bra:#0x0002016a:8;cmp:e:#0xc:8,R0;bne:#0x00020165:8;bra:#0x0002016a:8;mov:e:#0xbb:8,R0;bra:#0x0002042c:16;bsr:0x00020388;rts:;
0002016e,sci1_boot_cmd_dispatch,bsr:0x0002038d;cmp:e:#0x20:8,R0;bne:#0x0002017a:8;bsr:0x000201ae;bra:#0x000201ec:16;cmp:e:#0x40:8,R0;bne:#0x00020183:8;bsr:0x000201ae;bra:#0x00020224:16;cmp:e:#0x81:8,R0;bne:#0x0002018d:8;bsr:0x00020388;bra:#0x0002025e:16;cmp:e:#0x80:8,R0;bne:#0x00020196:8;bsr:0x000201c0;bra:#0x000202c9:16;cmp:e:#0x4d:8,R0;bne:#0x0002019f:8;bsr:0x000201ae;bra:#0x0002031e:16;cmp:e:#0x50:8,R0;bne:#0x000201a8:8;bsr:0x000201ae;bra:#0x0002033b:16;mov:e:#0x63:8,R0;bra:#0x0002042c:16;mov:g.w:#0x8141:16,@(0x15f2:16,SP);nop:;beq:#0x000201bb:8;mov:e:#0xbc:8,R0;bra:#0x0002042c:16;bsr:0x00020388;rts:;
000201c0,sci1_boot_security_seed_check,cmp:g.b:#0x9b:8,@0xf201:16;bne:#0x000201b6:8;cmp:g.b:#0xec:8,@0xf202:16;bne:#0x000201b6:8;cmp:g.b:#0x2b:8,@0xf203:16;bne:#0x000201b6:8;cmp:g.b:#0x8b:8,@0xf204:16;bne:#0x000201b6:8;cmp:g.b:#0xd4:8,@0xf205:16;bne:#0x000201b6:8;cmp:g.b:#0x86:8,@0xf206:16;bne:#0x000201b6:8;bra:#0x000201bb:8;
000201ec,sci1_boot_flash_erase_dispatch,mov:g.b:@0xf209:16,R1;cmp:e:#0x6:8,R1;bne:#0x000201f9:8;mov:i:#0xf0ff:16,R0;bra:#0x00020205:8;cmp:e:#0x9:8,R1;bne:#0x00020202:8;mov:i:#0xf00:16,R0;bra:#0x00020205:8;mov:i:#0xffff:16,R0;bsr:0x0002080c;
000202b2,sci1_boot_checksum_accumulate,mov:g.w:@0xf214:16,R0;clr.w:R1;mov:g.b:@R4,R1;add:g.w:R1,R0;cmp:g.w:R4,R5;beq:#0x000202c4:8;add:q.w:#1,R4;bra:#0x000202b8:8;mov:g.w:R0,@0xf214:16;rts:;
000202c9,sci1_boot_flash_write_param_rx,bsr:0x0002038d;mov:g.b:R0,@0xf20c:16;bsr:0x00020388;bsr:0x0002038d;mov:g.b:R0,@0xf20e:16;bsr:0x00020388;bsr:0x0002038d;mov:g.b:R0,@0xf20f:16;bsr:0x00020388;bsr:0x0002038d;mov:g.b:R0,@0xf20d:16;bsr:0x00020388;bsr:0x0002038d;mov:g.b:R0,@0xf210:16;bsr:0x00020388;bsr:0x0002038d;mov:g.b:R0,@0xf211:16;bsr:0x00020388;mov:g.b:@0xf20c:16,R0;mov:g.w:@0xf20e:16,R1;mov:g.b:@0xf20d:16,R2;mov:g.w:@0xf210:16,R3;bsr:0x00020462;cmp:e:#0x0:8,R2;bne:#0x0002043d:16;rts:;
0002036d,scratch_pjmp_demo,mov:g.b:@0xf274:16,R2;extu.b:R2;mov:g.w:@0xf270:16,R3;pjmp:@R2;
00020379,sci1_tx_byte_blocking,btst.b:0x7,@0xfecc:16;beq:#0x00020379:8;mov:g.b:R0,@0xfecb:16;bclr.b:0x7,@0xfecc:16;rts:;
00020388,sci1_boot_tx_then_rx_transaction,bsr:0x00020379;bsr:0x0002038d;rts:;
0002038d,sci1_rx_byte_wait_loop,bsr:0x00020398;bsr:0x000203bd;blo:#0x00020397:8;bsr:0x000203e4;bhs:#0x00020393:8;rts:;
00020398,sci1_boot_rx_byte_enqueue,bsr:0x000203e4;bhs:#0x0002039e:8;bsr:0x0002039f;rts:;
0002039f,sci1_boot_rxbuf_write,stm:(R1 R2 ),@-SP;mov:g.w:@0xf216:16,R1;mov:g.b:R0,@R1;add:q.b:#1,R1;mov:g.w:R1,@0xf216:16;mov:g.w:@0xf218:16,R2;cmp:g.w:R1,R2;bne:#0x000203ba:8;mov:e:#0x65:8,R0;bra:#0x0002042c:16;ldm.w:@SP+,(R2 R1 );rts:;
000203bd,sci1_boot_rxbuf_read,stm:(R1 R2 ),@-SP;clr.w:R0;mov:g.w:@0xf216:16,R1;mov:g.w:@0xf218:16,R2;cmp:g.w:R1,R2;beq:#0x000203dd:8;clr.w:R0;mov:g.b:@R2,R0;add:q.b:#1,R2;mov:g.w:R2,@0xf218:16;orc.w:0x1,SR;bra:#0x000203e1:8;andc.w:0xfffe,SR;ldm.w:@SP+,(R2 R1 );rts:;
000203e4,sci1_rx_byte_poll_or_error,btst.b:0x4,@0xfecc:16;beq:#0x000203ee:8;mov:e:#0xa1:8,R0;bra:#0x0002042c:8;btst.b:0x5,@0xfecc:16;beq:#0x000203f8:8;mov:e:#0xa3:8,R0;bra:#0x0002042c:8;btst.b:0x3,@0xfecc:16;beq:#0x00020402:8;mov:e:#0xa2:8,R0;bra:#0x0002042c:8;btst.b:0x6,@0xfecc:16;beq:#0x00020416:8;mov:g.b:@0xfecd:16,R0;bclr.b:0x6,@0xfecc:16;orc.w:0x1,SR;bra:#0x0002041a:8;andc.w:0xfffe,SR;rts:;
0002041b,sci1_boot_tx_buf_drain,stm:(R2 R3 R4 R5 ),@-SP;mov:g.b:R0,R2;mov:g.b:@R1+,R0;bsr:0x00020388;sub.b:0x1,R2;bne:#0x0002041f:8;ldm.w:@SP+,(R5 R4 R3 R2 );rts:;
0002042c,sci1_boot_handshake_and_bulk_rx,bsr:0x00020388;bsr:0x00020388;bsr:0x00020388;mov:g.b:@0xf20b:16,R0;cmp:e:#0x1:8,R0;beq:#0x0002043f:8;bra:#0x0002043d:8;mov:i:#0x481c:16,R1;mov:i:#0x2:16,R2;bsr:0x000203e4;bhs:#0x0002044f:8;mov:i:#0x481c:16,R1;mov:i:#0x2:16,R2;scb/f:R1,0x00020445;scb/f:R2,0x00020445;mov:e:#0x0:8,R0;mov:g.b:R0,@0xf20b:16;mov:i:#0xfe80:16,SP;bra:#0x0002003d:16;
00020461,sci1_boot_flash_addr_range_validate,stc.b:DP,@-SP;stc.b:EP,@-SP;ldc.b:0x0,DP;ldc.b:0x0,EP;cmp:e:#0x0:8,R0;blo:#0x000204a9:8;bhi:#0x00020477:8;cmp:i:#0x0:16,R1;blo:#0x000204a9:8;cmp:e:#0x1:8,R0;bhi:#0x000204ae:8;blo:#0x00020482:8;cmp:i:#0xffff:16,R1;bhi:#0x000204ae:8;cmp:e:#0x0:8,R2;blo:#0x000204b3:8;bhi:#0x0002048d:8;cmp:i:#0x0:16,R3;blo:#0x000204b3:8;cmp:e:#0x1:8,R2;bhi:#0x000204b8:8;blo:#0x00020498:8;cmp:i:#0xffff:16,R3;bhi:#0x000204b8:8;cmp:g.b:R0,R2;blo:#0x000204bd:8;bhi:#0x000204a2:8;cmp:g.w:R1,R3;blo:#0x000204bd:8;bsr:0x000204dd;mov:i:#0x0:16,R2;bra:#0x000204c9:8;mov:i:#0xf72e:16,R1;bra:#0x000204c0:8;mov:i:#0xf731:16,R1;bra:#0x000204c0:8;mov:i:#0xf734:16,R1;bra:#0x000204c0:8;mov:i:#0xf737:16,R1;bra:#0x000204c0:8;mov:i:#0xf73a:16,R1;mov:i:#0x3:16,R0;bsr:0x0002041b;mov:i:#0x1:16,R2;ldc.b:@SP+ ,EP;ldc.b:@SP+ ,DP;rts:;
000204dd,sci1_boot_flash_write_block_loop,mov:g.w:R5,@-SP;mov:g.w:R4,@-SP;mov:g.b:R0,@0xf26c:16;mov:g.w:R1,@0xf268:16;mov:g.b:R2,@0xf26d:16;mov:g.w:R3,@0xf26a:16;mov:i:#0xf21a:16,R2;mov:g.b:R0,R1;bsr:0x000205fe;mov:i:#0xf21a:16,R1;bsr:0x0002041b;mov:g.w:@0xf268:16,R5;mov:g.b:@0xf26c:16,R4;add:g.w:0x20,R5;blo:#0x0002051d:8;cmp:g.b:@0xf26d:16,R4;blo:#0x00020525:8;bhi:#0x00020577:8;cmp:g.w:@0xf26a:16,R5;bhs:#0x00020577:8;bra:#0x00020525:8;cmp:g.b:@0xf26d:16,R4;bhs:#0x00020577:8;bra:#0x00020542:8;mov:g.w:@0xf268:16,R1;mov:g.b:@0xf26c:16,R0;swap.b:R0;mov:e:#0x20:8,R0;mov:i:#0xf21a:16,R2;bsr:0x000205a7;mov:g.w:R1,@0xf268:16;mov:i:#0xf21a:16,R1;bsr:0x0002041b;bra:#0x000204ff:8;mov:g.w:@0xf268:16,R1;mov:g.b:@0xf26c:16,R0;swap.b:R0;clr.w:R3;sub.w:R1,R3;mov:g.b:R3,R0;mov:i:#0xf21a:16,R2;bsr:0x000205a7;mov:i:#0xf21a:16,R1;bsr:0x0002041b;clr.w:@0xf268:16;add:q.b:#1,@0xf26c:16;mov:i:#0xf21a:16,R2;mov:g.b:@0xf26c:16,R1;bsr:0x000205fe;mov:i:#0xf21a:16,R1;bsr:0x0002041b;bra:#0x000204ff:8;mov:g.w:@0xf268:16,R1;mov:g.b:@0xf26c:16,R0;swap.b:R0;mov:g.w:@0xf26a:16,R3;sub.w:R1,R3;add:q.b:#1,R3;mov:g.b:R3,R0;mov:i:#0xf21a:16,R2;bsr:0x000205a7;mov:i:#0xf21a:16,R1;bsr:0x0002041b;mov:i:#0xf21a:16,R2;bsr:0x00020646;mov:i:#0xf21a:16,R1;bsr:0x0002041b;mov:g.w:@SP+,R4;mov:g.w:@SP+,R5;rts:;
000205a7,sci1_boot_build_data_frame,stc.b:EP,@-SP;stm:(R3 R4 R5 FP ),@-SP;clr.w:FP;mov:g.b:#0x3a:8,@R2+;add:g.b:R0,FP;mov:g.b:R0,@R2+;mov:g.w:R1,R3;swap.b:R3;add:g.b:R3,FP;mov:g.b:R3,@R2+;swap.b:R3;add:g.b:R3,FP;mov:g.b:R3,@R2+;mov:g.b:#0x0:8,@R2+;swap.b:R0;mov:g.b:R0,R3;add:q.b:#1,R3;ldc.b:R3 ,EP;swap.b:R0;mov:g.b:R0,R5;mov:g.w:R1,R4;mov:g.b:@R4+,R3;add:g.b:R3,FP;mov:g.b:R3,@R2+;add:q.b:#-1,R5;bne:#0x000205d3:8;mov:g.w:R4,R1;neg.b:FP;mov:g.b:FP,@R2+;ldc.b:0x0,EP;mov:i:#0xf8c1:16,R4;mov:e:#0x2:8,R5;mov:g.b:@R4+,R3;mov:g.b:R3,@R2+;add:q.b:#-1,R5;bne:#0x000205eb:8;extu.b:R0;add:g.w:0x8,R0;ldm.w:@SP+,(FP R5 R4 R3 );ldc.b:@SP+ ,EP;rts:;
000205fe,sci1_boot_build_row_addr_frame,stm:(R3 R4 R5 ),@-SP;mov:i:#0xf8a0:16,R4;mov:e:#0x5:8,R5;mov:g.b:@R4+,R3;mov:g.b:R3,@R2+;add:q.b:#-1,R5;bne:#0x00020605:8;mov:g.b:@0xf8a5:16,R5;clr.w:R3;mov:g.b:R1,R3;shll.b:R3;shll.b:R3;shll.b:R3;shll.b:R3;add:g.b:R3,R5;mov:g.b:R3,@R2+;clr.w:R3;add:g.b:R3,R5;mov:g.b:R3,@R2+;neg.b:R5;mov:g.b:R5,R3;mov:g.b:R3,@R2+;mov:i:#0xf8c1:16,R4;mov:e:#0x2:8,R5;mov:g.b:@R4+,R3;mov:g.b:R3,@R2+;add:q.b:#-1,R5;bne:#0x00020632:8;mov:i:#0xa:16,R0;ldm.w:@SP+,(R5 R4 R3 );rts:;
00020640,sci1_boot_switch_case4_frag_20640,bpl:#0x00020843:16;nop:;ldm.w:@SP+,(R2 );
00020646,sci1_boot_build_eof_frame,stm:(R3 R4 R5 ),@-SP;mov:i:#0xf8bb:16,R3;mov:e:#0x8:8,R5;mov:g.b:@R3+,R4;mov:g.b:R4,@R2+;add:q.b:#-1,R5;bne:#0x0002064d:8;mov:i:#0x8:16,R0;ldm.w:@SP+,(R5 R4 R3 );rts:;
00020664,sci1_colon_frame_dispatch,stm:(R1 R2 R3 ),@-SP;mov:g.b:R0,@0xf27c:16;clr.w:R1;mov:g.b:R1,@0xf27d:16;mov:g.b:R1,@0xf281:16;mov:g.w:R1,@0xf276:16;mov:g.w:R1,@0xf278:16;mov:g.b:R1,@0xf27a:16;mov:g.w:R1,@0xf26e:16;mov:g.w:R1,@0xf270:16;mov:g.w:R1,@0xf272:16;mov:g.b:R1,@0xf274:16;mov:g.b:R1,@0xf275:16;bsr:0x0002038d;mov:g.b:@0xf27d:16,R1;bne:#0x000206af:8;cmp:e:#0x3a:8,R0;bne:#0x00020776:16;mov:g.b:#0x1:8,@0xf27d:16;mov:g.b:#0x0:8,@0xf280:16;bra:#0x00020776:16;mov:g.b:@0xf280:16,R1;add:g.b:R0,R1;mov:g.b:R1,@0xf280:16;mov:g.b:@0xf27d:16,R1;add:q.b:#-1,R1;extu.b:R1;shll.w:R1;mov:g.w:@(-0x6d2:16,R1),R1;sub.w:0xda0,R1;jmp:@R1;
00020715,sci1_boot_ihex_colon_record_decode_dispatch,mov:g.b:R0,@(-0xd88:16,R1);add:q.b:#1,R1;mov:g.b:R1,@0xf27e:16;cmp:e:#0x2:8,R1;blo:#0x00020776:8;clr.w:R0;mov:g.w:@0xf278:16,R1;shll.w:R1;rotxl.b:R0;shll.w:R1;rotxl.b:R0;shll.w:R1;rotxl.b:R0;shll.w:R1;rotxl.b:R0;mov:g.w:R1,@0xf278:16;mov:g.b:R0,@0xf27a:16;add:q.b:#1,@0xf27d:16;bra:#0x00020772:8;add:q.b:#1,@0xf27d:16;bra:#0x00020694:16;mov:e:#0x1:8,R0;bra:#0x0002077f:8;ldm.w:@SP+,(R3 R2 R1 );rts:;
00020782,f26e_cluster_accumulator_unrelated_to_ihex,mov:g.b:@0xf27a:16,R2;mov:g.b:@0xf27e:16,R3;extu.b:R3;add:g.w:@0xf276:16,R3;addx.w:0x0,R2;add:g.w:@0xf278:16,R3;addx.w:0x0,R2;mov:g.w:@0xf26e:16,R1;extu.b:R0;add:g.w:R0,R1;mov:g.w:R1,@0xf26e:16;cmp:g.b:#0x0:8,@0xf27c:16;beq:#0x000207b8:8;cmp:g.b:#0x1:8,@0xf27c:16;beq:#0x000207d3:8;bra:#0x00020805:8;add:g.w:0x0,R3;addx.b:0x1,R2;cmp:e:#0x1:8,R2;blo:#0x00020809:8;cmp:e:#0x2:8,R2;bhi:#0x00020809:8;mov:i:#0xffff:16,R1;bsr:0x00020992;cmp:e:#0x0:8,R0;beq:#0x00020805:8;bra:#0x00020809:8;stc.b:DP,@-SP;ldc.b:R2 ,DP;mov:g.b:R0,@R3;ldc.b:@SP+ ,DP;btst.b:0x0,@0xf281:16;bne:#0x000207ed:8;bset.b:@0xf281:16,0x0;mov:g.b:R2,@0xf274:16;mov:g.w:R3,@0xf270:16;cmp:g.b:@0xf275:16,R2;blo:#0x00020803:8;bhi:#0x000207fb:8;cmp:g.w:@0xf272:16,R3;blo:#0x00020803:8;mov:g.b:R2,@0xf275:16;mov:g.w:R3,@0xf272:16;bra:#0x00020805:8;mov:e:#0x0:8,R1;bra:#0x0002080b:8;mov:e:#0x1:8,R1;rts:;
0002080c,flash_erase_sectors,stm:(R2 R3 R4 R5 ),@-SP;clr.b:@0xff14:16;ldc.w:0x700,SR;mov:i:#0xa:16,R2;mov:g.b:#0x40:8,@0xfee0:16;scb/f:R2,0x0002081e;mov:g.w:R0,@0xfee2:16;bsr:0x0002093c;mov:g.w:@0xfee2:16,R0;tst.w:R0;beq:#0x00020836:8;mov:g.w:@0xfee2:16,R0;bsr:0x00020844;mov:i:#0x64:16,R2;clr.b:@0xfee0:16;scb/f:R2,0x0002083d;ldm.w:@SP+,(R5 R4 R3 R2 );rts:;
00020844,flash_write_or_verify,stm:(R2 R3 R4 R5 ),@-SP;stc.b:EP,@-SP;mov:g.w:R0,@0xfee2:16;bsr:0x00020888;tst.w:R0;bne:#0x0002087f:8;mov:i:#0x15b2:16,R3;mov:i:#0x1:16,R1;mov:g.w:R3,R0;cmp:i:#0x3:16,R1;bhi:#0x00020861:8;add:g.w:R3,R3;bsr:0x00020910;bsr:0x0002093c;tst.w:@0xfee2:16;beq:#0x0002087d:8;add:q.w:#1,R1;cmp:i:#0x25a:16,R1;bls:#0x00020858:8;mov:i:#0x2:16,R0;mov:g.w:@0xfee2:16,R1;bra:#0x0002087f:8;clr.w:R0;clr.w:@0xfee2:16;ldc.b:@SP+ ,EP;ldm.w:@SP+,(R5 R4 R3 R2 );rts:;
00020888,flash_write_marked_blocks_loop,stm:(R2 R3 R4 ),@-SP;clr.w:R0;mov:i:#0xfc74:16,R2;clr.w:R3;btst.w:R3,@0xfee2:16;beq:#0x000208b1:8;mov:g.w:@R2,R4;ldc.b:R4 ,EP;mov:g.w:@(0x2:8,R2),R4;stc.b:EP,R0;mov:g.w:R4,R1;bsr:0x000208c6;tst.w:R0;bne:#0x000208c0:8;cmp:g.w:@(0x4:8,R2),R4;bhs:#0x000208b1:8;add:q.w:#1,R4;bra:#0x0002089e:8;add:g.w:0x6,R2;add:q.w:#1,R3;cmp:i:#0xf:16,R3;bls:#0x00020891:8;clr.w:R1;bra:#0x000208c2:8;bset.w:R3,R1;ldm.w:@SP+,(R4 R3 R2 );rts:;
000208c6,flash_byte_program_verify,stm:(R2 R3 R4 R5 ),@-SP;stc.b:EP,@-SP;ldc.b:R0 ,EP;mov:g.w:R1,R4;mov:i:#0x1:16,R2;mov:i:#0x31:16,R5;clr.b:@R4;mov:g.w:R5,R3;mov:g.w:#0xa57a:16,@0xff10:16;mov:g.b:#0x41:8,@0xfee0:16;scb/f:R3,0x000208e3;mov:g.b:#0x40:8,@0xfee0:16;mov:g.w:#0xa500:16,@0xff10:16;mov:i:#0x8:16,R3;scb/f:R3,0x000208f4;tst.b:@R4;beq:#0x00020909:8;add:q.w:#1,R2;cmp:i:#0x10:16,R2;bhi:#0x00020904:8;bra:#0x000208d4:8;mov:i:#0x1:16,R0;bra:#0x0002090b:8;clr.w:R0;ldc.b:@SP+ ,EP;ldm.w:@SP+,(R5 R4 R3 R2 );rts:;
00020910,flash_timing_delay,stm:(R2 R3 R4 R5 ),@-SP;mov:g.w:R0,R2;mov:g.w:#0xa57f:16,@0xff10:16;nop:;mov:g.b:#0x42:8,@0xfee0:16;nop:;nop:;nop:;nop:;nop:;scb/f:R2,0x00020920;mov:g.b:#0x40:8,@0xfee0:16;mov:g.w:#0xa500:16,@0xff10:16;mov:i:#0x8:16,R2;scb/f:R2,0x00020936;ldm.w:@SP+,(R5 R4 R3 R2 );rts:;
0002093c,flash_erase_sector_loop,stm:(R2 R3 R4 R5 ),@-SP;stc.b:EP,@-SP;mov:i:#0x8:16,R5;mov:g.b:#0x48:8,@0xfee0:16;scb/f:R5,0x00020948;mov:i:#0xfc74:16,R2;clr.w:R3;btst.w:R3,@0xfee2:16;beq:#0x00020978:8;mov:g.w:@R2,R4;ldc.b:R4 ,EP;mov:g.w:@(0x2:8,R2),R4;mov:i:#0x4:16,R5;mov:g.b:#0xff:8,@R4;scb/f:R5,0x00020963;cmp:g.b:#0xff:8,@R4;bne:#0x00020978:8;cmp:g.w:@(0x4:8,R2),R4;bhs:#0x00020974:8;add:q.w:#1,R4;bra:#0x0002095d:8;bclr.w:R3,@0xfee2:16;add:g.w:0x6,R2;add:q.w:#1,R3;cmp:e:#0xf:8,R3;bls:#0x00020950:8;mov:i:#0x8:16,R5;mov:g.b:#0x40:8,@0xfee0:16;scb/f:R5,0x0002098a;ldc.b:@SP+ ,EP;ldm.w:@SP+,(R5 R4 R3 R2 );rts:;
00020992,flash_vpp_pulse_handshake_echo_verify,stm:(R2 R3 R4 R5 ),@-SP;stc.b:EP,@-SP;ldc.b:R2 ,EP;mov:g.w:R3,R4;mov:g.w:R1,@0xfee2:16;mov:i:#0x1:16,R2;mov:i:#0x2f:16,R5;mov:g.b:R0,@R4;mov:g.w:R5,R3;mov:g.w:#0xa57a:16,@0xff10:16;mov:g.b:#0x41:8,@0xfee0:16;btst.b:0x6,@0xfecc:16;beq:#0x000209c6:8;bsr:0x00020398;mov:i:#0x1a:16,R3;nop:;scb/f:R3,0x000209c0;bra:#0x000209c9:8;scb/f:R3,0x000209c6;mov:g.b:#0x40:8,@0xfee0:16;mov:g.w:#0xa500:16,@0xff10:16;mov:i:#0x8:16,R3;mov:g.b:#0x44:8,@0xfee0:16;scb/f:R3,0x000209dc;cmp:g.b:@R4,R0;beq:#0x000209f7:8;add:q.w:#1,R2;cmp:i:#0x10:16,R2;bhi:#0x000209f7:8;mov:i:#0x8:16,R3;mov:g.b:#0x40:8,@0xfee0:16;scb/f:R3,0x000209f2;bra:#0x000209a6:8;mov:i:#0x8:16,R3;mov:g.b:#0x40:8,@0xfee0:16;scb/f:R3,0x000209ff;clr.w:@0xfee2:16;clr.w:R0;cmp:i:#0x10:16,R2;bls:#0x00020a0f:8;mov:e:#0x1:8,R0;ldc.b:@SP+ ,EP;ldm.w:@SP+,(R5 R4 R3 R2 );rts:;
00020a80,main_loop,link:FP,#0x0:8;pjsr:@0x20b00:24;mov:g.w:R0,@-SP;orc.w:0x700,SR;stc.w:SR,R0;and.w:0xf8ff,R0;or.w:0x0,R0;ldc.w:R0 ,SR;mov:g.w:@SP+,R0;ldc.b:0x0,DP;ldc.b:0x0,DP;pjsr:@0x28700:24;pjsr:@0x20d8b:24;pjsr:@0x19d80:24;pjsr:@0x20efa:24;pjsr:@0x21f2e:24;pjsr:@0x2308e:24;pjsr:@0x24f48:24;pjsr:@0x26182:24;pjsr:@0x17361:24;pjsr:@0x27c99:24;pjsr:@0x1a30c:24;pjsr:@0x156ce:24;pjsr:@0x15a06:24;mov:g.w:@0xff46:16,R0;mov:g.w:R0,R1;sub.w:@0xf0e0:16,R1;mov:g.w:R1,@0xf0de:16;mov:g.w:R0,@0xf0e0:16;bra:#0x00020a9d:8;
00020b00,cold_init_dispatch,pjsr:@0x20d80:24;pjsr:@0x20f28:24;pjsr:@0x20b1c:24;pjsr:@0x20ccd:24;tst.w:@0xef98:16;beq:#0x00020b1a:8;pjsr:@0x15897:24;prts:;
00020b1c,subsystem_cold_init,pjsr:@0x20b5e:24;tst.w:R0;beq:#0x00020b5c:8;mov:g.w:#0xa5a5:16,@0xef62:16;pjsr:@0x1519e:24;pjsr:@0x20e00:24;pjsr:@0x2a980:24;pjsr:@0x21f00:24;pjsr:@0x23000:24;pjsr:@0x24e80:24;pjsr:@0x26100:24;pjsr:@0x17300:24;pjsr:@0x27c80:24;pjsr:@0x1a300:24;pjsr:@0x28f80:24;mov:g.w:#0x5a5a:16,@0xef62:16;prts:;
00020b5e,check_cold_init_complete_sentinel_ef62,link:FP,#-0x4:8;stm:(R2 R3 R5 ),@-SP;mov:i:#0xff:16,R2;mov:g.w:@0xc72:16,R0;mov:f.w:R0,@(-0x4:8,FP);mov:g.w:@0xc70:16,R0;mov:f.w:R0,@(-0x2:8,FP);mov:g.w:@0x912:16,R5;mov:g.w:@0x910:16,R3;cmp:g.w:@0xee98:16,R5;bhi:#0x00020cc1:16;cmp:g.w:@0xee98:16,R3;blo:#0x00020cc1:16;cmp:g.w:@0xee9a:16,R5;bhi:#0x00020cc1:16;cmp:g.w:@0xee9a:16,R3;blo:#0x00020cc1:16;cmp:g.w:@0xee9c:16,R5;bhi:#0x00020cc1:16;cmp:g.w:@0xee9c:16,R3;blo:#0x00020cc1:16;mov:f.w:@(-0x4:8,FP),R0;cmp:g.w:@0xeeca:16,R0;bhi:#0x00020cc1:16;mov:f.w:@(-0x2:8,FP),R0;cmp:g.w:@0xeeca:16,R0;blo:#0x00020cc1:16;mov:f.w:@(-0x4:8,FP),R0;cmp:g.w:@0xeecc:16,R0;bhi:#0x00020cc1:16;mov:f.w:@(-0x2:8,FP),R0;cmp:g.w:@0xeecc:16,R0;blo:#0x00020cc1:16;mov:f.w:@(-0x4:8,FP),R0;cmp:g.w:@0xeece:16,R0;bhi:#0x00020cc1:16;mov:f.w:@(-0x2:8,FP),R0;cmp:g.w:@0xeece:16,R0;blo:#0x00020cc1:16;mov:g.w:@0xeed4:16,R0;and.w:R2 ,R0;mov:g.w:R0,@-SP;pjsr:@0x1450b:24;add:q.w:#2,SP;cmp:g.w:@0xeed4:16,R0;bne:#0x00020cc1:16;mov:g.w:@0xeed6:16,R0;and.w:R2 ,R0;mov:g.w:R0,@-SP;pjsr:@0x1450b:24;add:q.w:#2,SP;cmp:g.w:@0xeed6:16,R0;bne:#0x00020cc1:16;mov:g.w:@0xeed8:16,R0;and.w:R2 ,R0;mov:g.w:R0,@-SP;pjsr:@0x1450b:24;add:q.w:#2,SP;cmp:g.w:@0xeed8:16,R0;bne:#0x00020cc1:16;mov:g.w:@0xeeda:16,R0;and.w:R2 ,R0;mov:g.w:R0,@-SP;pjsr:@0x1450b:24;add:q.w:#2,SP;cmp:g.w:@0xeeda:16,R0;bne:#0x00020cc1:16;mov:g.w:@0xeedc:16,R0;and.w:R2 ,R0;mov:g.w:R0,@-SP;pjsr:@0x1450b:24;add:q.w:#2,SP;cmp:g.w:@0xeedc:16,R0;bne:#0x00020cc1:16;mov:g.w:@0xeede:16,R0;and.w:R2 ,R0;mov:g.w:R0,@-SP;pjsr:@0x1450b:24;add:q.w:#2,SP;cmp:g.w:@0xeede:16,R0;bne:#0x00020cc1:16;mov:g.w:@0xeee0:16,R0;and.w:R2 ,R0;mov:g.w:R0,@-SP;pjsr:@0x1450b:24;add:q.w:#2,SP;cmp:g.w:@0xeee0:16,R0;bne:#0x00020cc1:8;mov:g.w:@0xeee2:16,R0;and.w:R2 ,R0;mov:g.w:R0,@-SP;pjsr:@0x1450b:24;add:q.w:#2,SP;cmp:g.w:@0xeee2:16,R0;bne:#0x00020cc1:8;mov:g.w:@0xeee4:16,R0;and.w:R2 ,R0;mov:g.w:R0,@-SP;pjsr:@0x1450b:24;add:q.w:#2,SP;cmp:g.w:@0xeee4:16,R0;bne:#0x00020cc1:8;mov:g.w:@0xeee6:16,R0;and.w:R2 ,R0;mov:g.w:R0,@-SP;pjsr:@0x1450b:24;add:q.w:#2,SP;cmp:g.w:@0xeee6:16,R0;bne:#0x00020cc1:8;and.w:@0xeee8:16,R2;mov:g.w:R2,@-SP;pjsr:@0x1450b:24;add:q.w:#2,SP;cmp:g.w:@0xeee8:16,R0;bne:#0x00020cc1:8;cmp:g.w:#0x5a5a:16,@0xef62:16;beq:#0x00020cc6:8;mov:i:#0x1:16,R0;bra:#0x00020cc8:8;clr.w:R0;ldm.w:@SP+,(R5 R3 R2 );unlk:FP;prts:;
00020ccd,subsystem_unconditional_init_chain,mov:g.w:#0xf974:16,@-SP;mov:g.w:#0xef64:16,@-SP;pjsr:@0x1451a:24;adds.b:0x4,SP;pjsr:@0x20f28:24;pjsr:@0x1556d:24;pjsr:@0x1566c:24;pjsr:@0x15689:24;pjsr:@0x156ad:24;pjsr:@0x156c8:24;pjsr:@0x1615c:24;pjsr:@0x15477:24;mov:g.w:@0xf102:16,R0;mov:g.w:R0,@0xf104:16;mov:g.w:@0xf102:16,R0;mov:g.w:R0,@0xf106:16;pjsr:@0x15341:24;pjsr:@0x151a0:24;pjsr:@0x20e10:24;pjsr:@0x2a997:24;pjsr:@0x21f21:24;pjsr:@0x23027:24;pjsr:@0x24eba:24;pjsr:@0x26124:24;pjsr:@0x17302:24;pjsr:@0x27c86:24;pjsr:@0x1a306:24;pjsr:@0x28f82:24;pjsr:@0x149c8:24;prts:;
00020d80,peripheral_cold_init_wrapper_set_ef7a,pjsr:@0x151a2:24;mov:g.w:#0x14:8,@0xef7a:16;prts:;
00020d8b,status_word_consumer_periodic,pjsr:@0x1589d:24;mov:g.w:#0x14:8,@0xef7a:16;pjsr:@0x1528c:24;tst.w:@0xefa2:16;beq:#0x00020da4:8;tst.w:@0xef90:16;bne:#0x00020dc6:8;stc.w:SR,@-SP;orc.w:0x700,SR;andc.w:0xfeff,SR;ldc.b:0x0,DP;pjsr:@0x16222:24;pjsr:@0x15b3f:24;pjsr:@0x16890:24;pjsr:@0x28fbc:24;ldc.w:@SP+ ,SR;ldc.b:0x0,DP;tst.w:@0xefa4:16;bne:#0x00020de1:8;tst.w:@0xefa2:16;beq:#0x00020dd8:8;btst.w:0x6,@0xf0f8:16;bne:#0x00020de1:8;mov:g.w:#0x7:8,@-SP;pjsr:@0x15f71:24;add:q.w:#2,SP;prts:;
00020e00,init_ee82_ee8a_from_rom_const,mov:g.w:#0x80:16,@0xee82:16;mov:g.w:@0xf68:16,R0;mov:g.w:R0,@0xee8a:16;prts:;
00020e10,post_init_status_compose_and_ef98_signal,mov:g.w:#0xffff:16,@0xef6c:16;mov:g.w:#0xffff:16,@0xef6a:16;mov:g.w:@0xf10a:16,R0;mov:g.w:R0,@0xf10c:16;pjsr:@0x21314:24;pjsr:@0x213da:24;pjsr:@0x21003:24;mov:g.w:@0xf0f8:16,R0;mov:g.w:R0,@0xf0fa:16;mov:g.w:@0xf0fe:16,R0;mov:g.w:R0,@0xf100:16;mov:g.w:@0xbfe:16,R0;mov:g.w:R0,@0xef90:16;pjsr:@0x1553d:24;tst.w:R0;beq:#0x00020e55:8;mov:g.w:#0x8:8,@0xef98:16;mov:g.w:#0x80:16,@0xf29c:16;pjsr:@0x20e89:24;mov:g.w:@0x9c8:16,R0;mov:g.w:R0,@0xef92:16;mov:g.w:@0x89a:16,R0;mov:g.w:R0,@0xf22a:16;mov:g.w:@0x89a:16,R0;mov:g.w:R0,@0xf22c:16;mov:g.w:@0xaea:16,R0;mov:g.w:R0,@0xf184:16;mov:g.w:@0xf13c:16,R0;mov:g.w:R0,@0xf154:16;prts:;
00020e89,table_select_scale_fanout_f1be_f1c2,mov:g.w:R2,@-SP;btst.w:0x5,@0xf0f8:16;beq:#0x00020e9a:8;mov:g.w:#0xda6c:16,@-SP;mov:g.w:#0x2:8,@-SP;bra:#0x00020ea1:8;mov:g.w:#0xda8c:16,@-SP;mov:g.w:#0x2:8,@-SP;pjsr:@0x14880:24;adds.b:0x4,SP;mov:g.b:@(0x4:8,R1),R2;extu.b:R2;mov:g.w:R2,@-SP;pjsr:@0x1442d:24;add:q.w:#2,SP;shll.w:R0;shll.w:R0;shll.w:R0;mov:g.w:R0,@0xf1be:16;mov:g.w:@0xf29c:16,R0;mov:g.w:R0,@-SP;mov:g.w:@0xf1be:16,R0;mov:g.w:R0,@-SP;pjsr:@0x142f3:24;adds.b:0x4,SP;mov:g.w:R0,@0xf1c2:16;mov:g.w:@0xf1be:16,R0;mov:g.w:R0,@0xf1b6:16;mov:g.w:@0xf1be:16,R0;mov:g.w:R0,@0xf1bc:16;mov:g.w:@0xf1c2:16,R0;mov:g.w:R0,@0xf1c4:16;mov:g.w:@0xf1c2:16,R0;mov:g.w:R0,@0xf1c6:16;mov:g.w:@SP+,R2;prts:;
00020efa,main_loop_engine_control_update,pjsr:@0x20f28:24;pjsr:@0x20fb1:24;pjsr:@0x20fe5:24;pjsr:@0x211fb:24;pjsr:@0x21636:24;pjsr:@0x217e3:24;pjsr:@0x21942:24;pjsr:@0x219e2:24;pjsr:@0x21d5e:24;pjsr:@0x21dc8:24;pjsr:@0x21df5:24;prts:;
00020f28,gear_state_config_loader_f1fc,mov:g.w:R3,@-SP;pjsr:@0x156c2:24;mov:g.w:@0xf15a:16,R0;mov:i:#0x4:16,R1;shlr.w:R0;scb/eq:R1,0x00020f35;and.w:0x7,R0;mov:g.w:R0,@0xf1fa:16;tst.w:@0x20a:16;beq:#0x00020f5a:8;mov:g.w:@0xf1fa:16,R0;shll.w:R0;ldc.b:0x1,DP;mov:g.w:@(0x222:16,R0),R3;ldc.b:0x0,DP;bra:#0x00020f5e:8;mov:g.w:@0x208:16,R3;cmp:i:#0x7:16,R3;bls:#0x00020f65:8;clr.w:R3;mov:g.w:R3,@0xf1fc:16;mov:g.w:@0xf1fc:16,R0;shll.w:R0;ldc.b:0x1,DP;mov:g.w:@(0x262:16,R0),R1;ldc.b:0x0,DP;mov:g.w:R1,@0xf1f0:16;mov:g.w:@0xf1fc:16,R0;shll.w:R0;ldc.b:0x1,DP;mov:g.w:@(0x272:16,R0),R1;ldc.b:0x0,DP;mov:g.w:R1,@0xf1f2:16;mov:g.w:@0xf1fc:16,R0;shll.w:R0;ldc.b:0x1,DP;mov:g.w:@(0x282:16,R0),R1;ldc.b:0x0,DP;mov:g.w:R1,@0xf1f4:16;clr.w:@0xf1f8:16;clr.w:@0xf1f6:16;mov:g.w:@SP+,R3;prts:;
00020fb1,cond_reset_and_latch_f10e_f118_prev,btst.w:0x6,@0xf0f8:16;beq:#0x00020fbb:8;clr.w:@0xef6c:16;btst.w:0x0,@0xf20e:16;beq:#0x00020fc5:8;clr.w:@0xef6a:16;mov:g.w:@0xf20e:16,R0;and.w:0x11,R0;beq:#0x00020fe3:8;clr.w:@0xef70:16;mov:g.w:@0xf10e:16,R0;mov:g.w:R0,@0xf114:16;mov:g.w:@0xf118:16,R0;mov:g.w:R0,@0xf11c:16;prts:;
00020fe5,periodic_status_compose_and_stall_check,pjsr:@0x15341:24;mov:g.w:@0xf0f8:16,R0;mov:g.w:R0,@0xf0fa:16;mov:g.w:@0xf0fe:16,R0;mov:g.w:R0,@0xf100:16;pjsr:@0x21003:24;pjsr:@0x211c8:24;prts:;
00021003,compose_status_word_f0f8,stm:(R2 R3 ),@-SP;mov:g.w:@0xf0f6:16,R2;mov:g.w:@0xf0fc:16,R3;tst.b:@0x2c6:16;bne:#0x00021017:8;and.w:0xbbff,R2;btst.b:0x1,@0x2ed:16;bne:#0x0002101f:8;bset.w:R2,0xd;tst.b:@0x2c3:16;bne:#0x00021027:8;bclr.w:0x9,R2;tst.b:@0x2e5:16;bne:#0x0002102f:8;bclr.w:0x4,R3;mov:g.w:@0xf20e:16,R0;and.w:0x11,R0;bne:#0x00021043:8;mov:g.w:@0xef6c:16,R0;cmp:g.w:@0xbf8:16,R0;bhs:#0x00021045:8;bset.w:R2,0x5;mov:g.w:@0xf10e:16,R0;cmp:g.w:@0xbfc:16,R0;bhi:#0x00021051:8;bclr.w:0x3,R2;btst.w:0x8,@0xf490:16;beq:#0x00021067:8;mov:g.w:@0xf110:16,R0;cmp:g.w:@0xdc8:16,R0;bhi:#0x00021075:8;bclr.w:0x8,@0xf490:16;bra:#0x00021075:8;mov:g.w:@0xf110:16,R0;cmp:g.w:@0xdca:16,R0;bls:#0x00021075:8;bset.w:@0xf490:16,0x8;mov:g.w:@0xf20e:16,R0;and.w:0x11,R0;bne:#0x0002108f:8;mov:g.w:@0xef6a:16,R0;cmp:g.w:@0xbfa:16,R0;blo:#0x0002108f:8;btst.w:0x8,@0xf490:16;beq:#0x00021091:8;bclr.w:0x4,R2;cmp:g.b:#0x2:8,@0x2c7:16;bne:#0x000210af:8;mov:g.w:R3,@-SP;mov:g.w:R2,@-SP;pjsr:@0x211a1:24;adds.b:0x4,SP;mov:g.w:R0,R3;mov:g.w:R2,@-SP;pjsr:@0x21107:24;add:q.w:#2,SP;mov:g.w:R0,R2;tst.b:@0x2c7:16;beq:#0x000210b9:8;btst.w:0x4,R2;bne:#0x000210bd:8;bclr.w:0x0,R2;bclr.w:0x8,R3;tst.b:@0x2c4:16;beq:#0x000210c5:8;bclr.w:0xc,R2;btst.w:0x0,@0xf510:16;beq:#0x000210cf:8;bset.w:R2,0xc;bclr.w:0xb,R2;btst.w:0x6,@0xf512:16;beq:#0x000210d9:8;or.w:0x1800,R2;bclr.w:0x2,R2;tst.w:@0xf1ec:16;beq:#0x000210e3:8;bset.w:R2,0x2;btst.w:0x3,@0xf1f4:16;beq:#0x000210fb:8;btst.w:0x0,@0xee88:16;beq:#0x000210f9:8;btst.w:0x6,@0xf1fe:16;bne:#0x000210f9:8;bset.w:R2,0x7;bra:#0x000210fb:8;bclr.w:0x7,R2;mov:g.w:R2,@0xf0f8:16;mov:g.w:R3,@0xf0fe:16;ldm.w:@SP+,(R3 R2 );prts:;
00021107,fuel_cut_enable_check,link:FP,#-0x2:8;tst.b:@0x2c1:16;beq:#0x00021119:8;mov:g.w:@0xf436:16,R0;cmp:g.w:@0xd30:16,R0;bhi:#0x00021129:8;tst.b:@0x2c1:16;bne:#0x00021131:8;mov:g.w:@0xf130:16,R0;cmp:g.w:@0xd2e:16,R0;bls:#0x00021131:8;mov:g.w:@0xd3a:16,R0;mov:g.w:R0,@0xf066:16;mov:g.w:@0xf4e8:16,R0;mov:g.w:R0,@-SP;pjsr:@0x144b4:24;add:q.w:#2,SP;mov:f.w:R0,@(-0x2:8,FP);btst.w:0xd,@0xf216:16;beq:#0x00021151:8;cmp:g.w:@0xd40:16,R0;bhi:#0x0002115d:8;bclr.w:0xd,@0xf216:16;bra:#0x0002115d:8;mov:f.w:@(-0x2:8,FP),R0;cmp:g.w:@0xd3e:16,R0;bls:#0x0002115d:8;bset.w:@0xf216:16,0xd;btst.w:0x0,@(0x6:8,FP);beq:#0x0002119c:8;mov:g.w:@0xf118:16,R0;cmp:g.w:@0xd36:16,R0;bhi:#0x00021196:8;tst.b:@0x30d:16;beq:#0x00021178:8;btst.w:0xd,@0xf216:16;bne:#0x00021196:8;tst.w:@0xf066:16;beq:#0x00021196:8;mov:g.w:@0xf10e:16,R0;cmp:g.w:@0xd38:16,R0;blo:#0x00021196:8;mov:g.w:@0xd32:16,R0;mulxu.w:0x14,R0;cmp:g.w:@0xef6a:16,R1;bls:#0x0002119c:8;mov:f.w:@(0x6:8,FP),R0;bclr.w:0x0,R0;bra:#0x0002119e:8;mov:f.w:@(0x6:8,FP),R0;unlk:FP;prts:;
000211a1,fuel_cut_rpm_offset_select,link:FP,#0x0:8;btst.w:0x4,@(0x6:8,FP);beq:#0x000211b6:8;mov:g.w:@0xd34:16,R0;mulxu.w:0x14,R0;cmp:g.w:@0xef6a:16,R1;bhi:#0x000211bb:8;btst.w:0x0,@(0x6:8,FP);beq:#0x000211c1:8;mov:f.w:@(0x8:8,FP),R0;bset.w:R0,0x8;bra:#0x000211c5:8;mov:f.w:@(0x8:8,FP),R0;bclr.w:0x8,R0;unlk:FP;prts:;
000211c8,crank_stall_detect_update,btst.w:0x1,@0xf0f8:16;beq:#0x000211d6:8;mov:g.w:@0xbfe:16,R0;mov:g.w:R0,@0xef90:16;tst.w:@0xef90:16;bne:#0x000211e0:8;clr.w:@0xef6e:16;pjsr:@0x1553d:24;tst.w:R0;beq:#0x000211ee:8;mov:g.w:#0x118:16,@0xef98:16;cmp:g.b:#0x4:8,@0xef6e:16;bls:#0x000211f9:8;bset.w:@0xf224:16,0x8;prts:;
000211fb,sensor_adc_update,pjsr:@0x1556d:24;pjsr:@0x21219:24;pjsr:@0x21396:24;pjsr:@0x21414:24;pjsr:@0x21480:24;pjsr:@0x214ea:24;pjsr:@0x2153b:24;prts:;
00021219,map_tps_axis_update,mov:g.w:@0xf108:16,R0;cmp:g.w:@0xf5c:16,R0;blo:#0x0002122d:8;mov:g.w:@0xf108:16,R0;cmp:g.w:@0xf5a:16,R0;bls:#0x00021233:8;bset.w:@0xf1fe:16,0x0;bra:#0x00021237:8;bclr.w:0x0,@0xf1fe:16;pjsr:@0x2127f:24;pjsr:@0x21314:24;mov:g.w:#0xd412:16,@-SP;mov:g.w:#0x2:8,@-SP;pjsr:@0x14735:24;adds.b:0x4,SP;mov:g.w:#0xd428:16,@-SP;mov:g.w:#0x2:8,@-SP;pjsr:@0x14735:24;adds.b:0x4,SP;mov:g.w:#0xd45c:16,@-SP;mov:g.w:#0x2:8,@-SP;pjsr:@0x14735:24;adds.b:0x4,SP;tst.w:@0xef90:16;bne:#0x0002127d:8;btst.w:0xa,@0xf224:16;beq:#0x0002127d:8;mov:g.w:@0xf10e:16,R0;mov:g.w:R0,@0xee8a:16;prts:;
0002127f,tps_range_clamp_update,link:FP,#-0x2:8;mov:g.w:R3,@-SP;mov:g.w:@0xf10a:16,R3;mov:i:#0xa0:16,R0;sub.w:@0xf66:16,R0;shll.w:R0;ldc.b:0x1,DP;mov:g.w:@(0x33a4:16,R0),R1;mov:f.w:R1,@(-0x2:8,FP);ldc.b:0x0,DP;mov:g.w:@0xf1fe:16,R0;and.w:0x11,R0;beq:#0x000212b9:8;mov:i:#0xa0:16,R0;sub.w:@0xf68:16,R0;shll.w:R0;ldc.b:0x1,DP;mov:g.w:@(0x33a4:16,R0),R3;ldc.b:0x0,DP;btst.w:0x4,@0xf20e:16;bne:#0x000212f8:8;btst.w:0x3,@0xf208:16;beq:#0x000212fc:8;mov:g.w:@0xf10c:16,R0;adds.b:0x4,R0;mov:g.w:R0,@-SP;mov:g.w:#0xc:8,@-SP;mov:g.w:@0xf10c:16,R0;mov:g.w:R0,@-SP;pjsr:@0x14036:24;adds.b:0x4,SP;mov:g.w:R0,@-SP;mov:g.w:R3,@-SP;pjsr:@0x1444c:24;adds.b:0x6,SP;mov:g.w:R0,R3;btst.w:0xc,@0xf224:16;beq:#0x000212f8:8;cmp:g.w:@(-0x2:8,FP),R3;bls:#0x000212f8:8;mov:f.w:@(-0x2:8,FP),R3;mov:g.w:R3,@0xf10c:16;mov:g.w:@0xf10c:16,R0;cmp:g.w:@(-0x2:8,FP),R0;bhi:#0x0002130b:8;bset.w:@0xf224:16,0xc;bra:#0x0002130f:8;bclr.w:0xc,@0xf224:16;mov:g.w:@SP+,R3;unlk:FP;prts:;
00021314,calc_f110_f10e_via_table,mov:g.w:@0xf10a:16,R0;mov:g.w:R0,@0xf0ba:16;mov:g.w:#0x339e:16,@-SP;mov:g.w:#0x1:8,@-SP;pjsr:@0x14735:24;adds.b:0x4,SP;mov:g.w:#0x32f8:16,@-SP;mov:g.w:#0x1:8,@-SP;pjsr:@0x14656:24;adds.b:0x4,SP;mov:g.w:R0,@0xf112:16;mov:g.w:@0xf1fe:16,R0;and.w:0x11,R0;beq:#0x00021350:8;mov:g.w:@0xf68:16,R0;mov:g.w:R0,@0xf110:16;bra:#0x00021358:8;mov:g.w:@0xf112:16,R0;mov:g.w:R0,@0xf110:16;mov:g.w:@0xf10c:16,R0;cmp:g.w:@0xf10a:16,R0;beq:#0x0002138c:8;mov:g.w:@0xf10c:16,R0;mov:g.w:R0,@0xf0ba:16;mov:g.w:#0x339e:16,@-SP;mov:g.w:#0x1:8,@-SP;pjsr:@0x14735:24;adds.b:0x4,SP;mov:g.w:#0x32f8:16,@-SP;mov:g.w:#0x1:8,@-SP;pjsr:@0x14656:24;adds.b:0x4,SP;mov:g.w:R0,@0xf10e:16;bra:#0x00021394:8;mov:g.w:@0xf112:16,R0;mov:g.w:R0,@0xf10e:16;prts:;
00021396,iat_axis_update,mov:g.w:@0xf116:16,R0;cmp:g.w:@0xf6c:16,R0;blo:#0x000213aa:8;mov:g.w:@0xf116:16,R0;cmp:g.w:@0xf6a:16,R0;bls:#0x000213b0:8;bset.w:@0xf1fe:16,0x1;bra:#0x000213b4:8;bclr.w:0x1,@0xf1fe:16;pjsr:@0x213da:24;mov:g.w:#0xd4a6:16,@-SP;mov:g.w:#0x2:8,@-SP;pjsr:@0x14735:24;adds.b:0x4,SP;mov:g.w:#0x1d7a:16,@-SP;mov:g.w:#0x1:8,@-SP;pjsr:@0x14656:24;adds.b:0x4,SP;mov:g.w:R0,@0xf298:16;prts:;
000213da,calc_f118_via_table,mov:g.w:#0x3576:16,@-SP;mov:g.w:#0x1:8,@-SP;pjsr:@0x14735:24;adds.b:0x4,SP;mov:g.w:#0x34e6:16,@-SP;mov:g.w:#0x1:8,@-SP;pjsr:@0x14656:24;adds.b:0x4,SP;mov:g.w:R0,@0xf11a:16;btst.w:0x1,@0xf1fe:16;beq:#0x0002140a:8;mov:g.w:@0xf6e:16,R0;mov:g.w:R0,@0xf118:16;bra:#0x00021412:8;mov:g.w:@0xf11a:16,R0;mov:g.w:R0,@0xf118:16;prts:;
00021414,coolant_temp_validity_and_scale,pjsr:@0x2144b:24;tst.w:R0;beq:#0x00021428:8;bset.w:@0xf1fe:16,0x2;mov:g.w:#0xcd:16,@0xf130:16;bra:#0x00021434:8;bclr.w:0x2,@0xf1fe:16;mov:g.w:@0xf12e:16,R0;mov:g.w:R0,@0xf130:16;mov:g.w:#0xa0:16,@-SP;mov:g.w:@0xf130:16,R0;mov:g.w:R0,@-SP;pjsr:@0x143bf:24;adds.b:0x4,SP;mov:g.w:R0,@0xf29a:16;prts:;
0002144b,coolant_temp_range_check,mov:g.w:@0xf13a:16,R0;cmp:g.w:@0x9c6:16,R0;bhs:#0x0002145d:8;mov:g.w:@0x9c8:16,R0;mov:g.w:R0,@0xef92:16;tst.w:@0xef92:16;bne:#0x00021477:8;mov:g.w:@0xf12e:16,R0;cmp:g.w:@0x9c4:16,R0;blo:#0x00021477:8;mov:g.w:@0xf12e:16,R0;cmp:g.w:@0x9c2:16,R0;bls:#0x0002147c:8;mov:i:#0x1:16,R0;bra:#0x0002147e:8;clr.w:R0;prts:;
00021480,manifold_heat_enable_flag_update,mov:g.w:R2,@-SP;mov:g.w:@0xf13c:16,R2;btst.w:0x3,@0xf1f4:16;beq:#0x000214ca:8;mov:g.w:@0xf186:16,R0;cmp:g.w:@0xabc:16,R0;bhi:#0x000214ae:8;mov:g.w:@0xf13c:16,R0;cmp:g.w:@0xabe:16,R0;bls:#0x000214ae:8;btst.w:0x3,@0xf1fe:16;bne:#0x000214ae:8;tst.w:@0xf068:16;bne:#0x000214e6:8;bra:#0x000214dc:8;mov:g.w:@0xf13c:16,R0;cmp:g.w:@0xac0:16,R0;bhs:#0x000214c0:8;tst.w:@0xf068:16;bne:#0x000214e6:8;bra:#0x000214dc:8;mov:g.w:@0xac2:16,R0;mov:g.w:R0,@0xf068:16;bra:#0x000214e2:8;btst.w:0x7,@0xf0f8:16;beq:#0x000214d6:8;cmp:g.w:@0xf70:16,R2;bhi:#0x000214dc:8;cmp:g.w:@0xf72:16,R2;bhs:#0x000214e2:8;bset.w:@0xf1fe:16,0x6;bra:#0x000214e6:8;bclr.w:0x6,@0xf1fe:16;mov:g.w:@SP+,R2;prts:;
000214ea,tps_delta_calc,mov:g.w:R2,@-SP;stc.w:SR,@-SP;orc.w:0x700,SR;andc.w:0xfeff,SR;ldc.b:0x0,DP;mov:g.w:@0xf14e:16,R0;mov:g.w:R0,@0xf14c:16;mov:g.w:@0xf152:16,R0;mov:g.w:R0,@0xf150:16;clr.w:@0xf152:16;clr.w:@0xf14e:16;ldc.w:@SP+ ,SR;ldc.b:0x0,DP;btst.w:0x0,@0xf208:16;beq:#0x00021537:8;mov:g.w:@0xf13c:16,R2;mov:g.w:R2,@-SP;mov:g.w:@0xf154:16,R0;mov:g.w:R0,@-SP;pjsr:@0x14036:24;adds.b:0x4,SP;mov:g.w:R0,@0xf158:16;mov:g.w:R2,@0xf154:16;mov:g.w:@SP+,R2;prts:;
0002153b,iac_position_integrator,stm:(R2 R3 ),@-SP;mov:g.w:@0xee82:16,R2;btst.w:0x2,@0xeed0:16;bne:#0x00021553:8;cmp:g.w:@0xcce:16,R2;blo:#0x00021553:8;cmp:g.w:@0xccc:16,R2;bls:#0x00021556:8;mov:i:#0x80:16,R2;pjsr:@0x215c8:24;tst.w:R0;beq:#0x00021564:8;bset.w:@0xf20e:16,0xc;bra:#0x00021570:8;mov:g.w:@0xcc8:16,R0;mov:g.w:R0,@0xef94:16;bclr.w:0xc,@0xf20e:16;tst.w:@0xef94:16;bne:#0x00021592:8;mov:g.w:@0xf13e:16,R3;mov:g.w:@0xcc8:16,R0;mov:g.w:R0,@0xef94:16;cmp:i:#0x21:16,R3;bls:#0x0002158b:8;add:q.w:#-1,R2;bra:#0x00021592:8;cmp:i:#0x21:16,R3;bhs:#0x00021592:8;add:q.w:#1,R2;btst.w:0x3,@0xf1f4:16;beq:#0x000215ab:8;mov:g.w:@0xee86:16,R0;mov:g.w:R0,@-SP;mov:g.w:#0xa1:16,@-SP;pjsr:@0x14036:24;adds.b:0x4,SP;mov:g.w:R0,R2;mov:g.w:@0xccc:16,R0;mov:g.w:R0,@-SP;mov:g.w:@0xcce:16,R0;mov:g.w:R0,@-SP;mov:g.w:R2,@-SP;pjsr:@0x1444c:24;adds.b:0x6,SP;mov:g.w:R0,@0xee82:16;ldm.w:@SP+,(R3 R2 );prts:;
000215c8,idle_closed_loop_ready_check,mov:g.w:R2,@-SP;mov:g.w:@0xf20e:16,R0;and.w:0x11,R0;bne:#0x00021630:16;btst.w:0x4,@0xf3f0:16;beq:#0x00021630:8;btst.w:0x4,@0xf0f8:16;bne:#0x00021630:8;mov:g.w:@0xf10e:16,R0;cmp:g.w:@0xcc0:16,R0;bls:#0x00021630:8;mov:g.w:@0xf14c:16,R0;cmp:g.w:@0xcc6:16,R0;bhi:#0x00021630:8;mov:g.w:@0xf13c:16,R2;mov:g.w:@0xf13c:16,R0;cmp:g.w:@0xcc4:16,R0;blo:#0x00021630:8;cmp:g.w:@0xcc2:16,R2;bhi:#0x00021630:8;mov:g.w:@0xf178:16,R0;cmp:g.w:@0xf400:16,R0;blo:#0x0002161d:8;mov:g.w:@0xf178:16,R2;sub.w:@0xf400:16,R2;bra:#0x00021625:8;mov:g.w:@0xf400:16,R2;sub.w:@0xf178:16,R2;cmp:g.w:@0xcca:16,R2;bhi:#0x00021630:8;mov:i:#0x1:16,R0;bra:#0x00021632:8;clr.w:R0;mov:g.w:@SP+,R2;prts:;
00021636,throttle_target_ramp_update,stm:(R2 R3 R5 ),@-SP;mov:i:#0x80:16,R3;mov:g.w:#0x1d98:16,@-SP;mov:g.w:#0x1:8,@-SP;pjsr:@0x14656:24;adds.b:0x4,SP;mov:g.w:R0,R2;tst.b:@0x309:16;beq:#0x00021752:16;mov:g.w:@0xf20e:16,R0;and.w:0x11,R0;beq:#0x00021667:8;clr.w:@0xf2bc:16;mov:g.w:R3,@0xf2be:16;bra:#0x00021731:16;tst.w:@0xf2bc:16;bne:#0x000216bf:8;mov:g.w:@0xf0fa:16,R0;xor.w:@0xf0f8:16,R0;and.w:@0xf0fa:16,R0;and.w:R3 ,R0;bne:#0x000216a3:8;mov:g.w:@0xf0fa:16,R0;xor.w:@0xf0f8:16,R0;and.w:@0xf0fa:16,R0;btst.w:0x5,R0;bne:#0x000216a3:8;tst.b:@0x30b:16;beq:#0x000216bf:8;mov:g.w:@0xf0fa:16,R0;xor.w:@0xf0f8:16,R0;and.w:@0xf0f8:16,R0;btst.w:0x3,R0;beq:#0x000216bf:8;cmp:g.w:@0xf29c:16,R2;bhi:#0x000216b5:8;tst.w:@0xf2a0:16;bne:#0x000216b5:8;tst.w:@0xf2c6:16;beq:#0x000216bf:8;mov:g.w:@0x13e2:16,R0;mov:g.w:R0,@0xf056:16;bra:#0x000216c5:8;tst.w:@0xf056:16;beq:#0x000216cf:8;mov:g.w:@0x13e0:16,R0;mov:g.w:R0,@0xf2be:16;bra:#0x000216f2:8;cmp:g.w:@0xf2be:16,R3;bhs:#0x000216f2:8;btst.w:0x1,@0xf208:16;beq:#0x000216f2:8;mov:g.w:@0x13de:16,R0;mov:g.w:R0,@-SP;mov:g.w:@0xf2be:16,R0;mov:g.w:R0,@-SP;pjsr:@0x14036:24;adds.b:0x4,SP;mov:g.w:R0,@0xf2be:16;cmp:g.w:@0xf2be:16,R3;bhi:#0x000216fa:8;bra:#0x000216fe:8;mov:g.w:R3,@0xf2be:16;pjsr:@0x217b6:24;tst.w:R0;beq:#0x0002172b:8;cmp:g.w:@0xf2be:16,R3;bne:#0x0002172b:8;btst.w:0x1,@0xf208:16;beq:#0x00021731:8;mov:g.w:@0x13e4:16,R0;mov:g.w:R0,@-SP;mov:g.w:@0xf2bc:16,R0;mov:g.w:R0,@-SP;pjsr:@0x14036:24;adds.b:0x4,SP;mov:g.w:R0,@0xf2bc:16;bra:#0x00021731:8;mov:g.w:#0xff:16,@0xf2bc:16;mov:g.w:@0xf2bc:16,R0;mov:g.w:R0,@-SP;mov:g.w:#0x1d98:16,@-SP;mov:g.w:#0x1:8,@-SP;pjsr:@0x14656:24;adds.b:0x4,SP;mov:g.w:R0,@-SP;mov:g.w:R2,@-SP;pjsr:@0x14599:24;adds.b:0x6,SP;mov:g.w:R0,R2;btst.w:0x1,@0xf20e:16;bne:#0x000217ae:8;mov:g.w:R3,R5;mov:g.w:R3,@-SP;mov:g.w:R2,@-SP;pjsr:@0x14036:24;adds.b:0x4,SP;mov:g.w:R0,R2;mov:g.w:@0xf17a:16,R0;cmp:g.w:@0xa96:16,R0;bls:#0x0002178f:8;mov:g.w:#0xd192:16,@-SP;mov:g.w:#0x2:8,@-SP;pjsr:@0x14735:24;adds.b:0x4,SP;mov:g.w:#0x1d86:16,@-SP;mov:g.w:#0x1:8,@-SP;pjsr:@0x14656:24;adds.b:0x4,SP;mov:g.w:R0,R5;mov:g.w:#0x4000:16,@-SP;mov:g.w:R3,@-SP;mov:g.w:R2,R0;mulxu.w:R5 ,R0;mov:g.w:R1,@-SP;pjsr:@0x14219:24;adds.b:0x6,SP;add:g.w:R3,R0;mov:g.w:R0,@-SP;pjsr:@0x1442d:24;add:q.w:#2,SP;mov:g.w:R0,R2;mov:g.w:R2,@0xf29c:16;ldm.w:@SP+,(R5 R3 R2 );prts:;
000217b6,throttle_ramp_enable_check,btst.w:0x7,@0xf0f8:16;beq:#0x000217df:8;btst.w:0x5,@0xf0f8:16;beq:#0x000217df:8;btst.w:0x0,@0xeee2:16;bne:#0x000217df:8;btst.w:0x2,@0xf0f8:16;bne:#0x000217df:8;tst.b:@0x30b:16;beq:#0x000217da:8;btst.w:0x3,@0xf0f8:16;bne:#0x000217df:8;mov:i:#0x1:16,R0;bra:#0x000217e1:8;clr.w:R0;prts:;
000217e3,throttle_body_update,btst.w:0x4,@0xf20e:16;beq:#0x000217ef:8;pjsr:@0x2180b:24;bra:#0x000217f7:8;pjsr:@0x2184b:24;pjsr:@0x218c0:24;pjsr:@0x21928:24;mov:g.w:#0xd080:16,@-SP;mov:g.w:#0x2:8,@-SP;pjsr:@0x14735:24;adds.b:0x4,SP;prts:;
0002180b,engine_torque_scale_state_reset,stc.w:SR,@-SP;orc.w:0x700,SR;andc.w:0xfeff,SR;ldc.b:0x0,DP;mov:g.w:#0xffff:16,@0xf5ca:16;clr.w:@0xf182:16;clr.w:@0xf180:16;ldc.w:@SP+ ,SR;ldc.b:0x0,DP;clr.w:@0xf17a:16;clr.w:@0xf178:16;clr.w:@0xf170:16;clr.w:@0xf17c:16;clr.w:@0xf172:16;clr.w:@0xf174:16;mov:g.w:#0x80:16,@0xf17e:16;prts:;
0002184b,engine_torque_pct_scale_calc,stm:(R2 R3 ),@-SP;stc.w:SR,@-SP;orc.w:0x700,SR;andc.w:0xfeff,SR;ldc.b:0x0,DP;mov:g.w:@0xf5ca:16,R3;mov:g.w:@0xf5cc:16,R2;ldc.w:@SP+ ,SR;mov:g.w:R2,@-SP;mov:g.w:#0x4c00:16,@-SP;mov:g.w:#0x1d:8,@-SP;ldc.b:0x0,DP;pjsr:@0x14151:24;adds.b:0x6,SP;mov:g.w:R0,@0xf172:16;mov:g.w:R3,@-SP;mov:g.w:#0x4c00:16,@-SP;mov:g.w:#0x1d:8,@-SP;pjsr:@0x14151:24;adds.b:0x6,SP;mov:g.w:R0,@0xf170:16;mov:g.w:@0xf170:16,R0;add:q.w:#1,R0;shlr.w:R0;mov:g.w:R0,@-SP;pjsr:@0x1442d:24;add:q.w:#2,SP;mov:g.w:R0,@0xf178:16;mov:g.w:@0xf170:16,R0;adds.b:0x4,R0;shlr.w:R0;shlr.w:R0;shlr.w:R0;mov:g.w:R0,@-SP;pjsr:@0x1442d:24;add:q.w:#2,SP;mov:g.w:R0,@0xf17a:16;ldm.w:@SP+,(R3 R2 );prts:;
000218c0,throttle_body_pos_error_calc,mov:g.w:@0xef6a:16,R0;cmp:g.w:@0x9dc:16,R0;bhs:#0x000218d6:8;clr.w:@0xf174:16;mov:g.w:#0x80:16,@0xf17e:16;bra:#0x0002191e:8;mov:g.w:@0xf170:16,R0;mov:g.w:R0,@-SP;mov:g.w:@0xf172:16,R0;mov:g.w:R0,@-SP;pjsr:@0x14036:24;adds.b:0x4,SP;mov:g.w:R0,@-SP;pjsr:@0x1442d:24;add:q.w:#2,SP;mov:g.w:R0,@0xf174:16;btst.w:0x2,@0xf208:16;beq:#0x00021926:8;mov:g.w:@0xf17c:16,R0;mov:g.w:R0,@-SP;mov:g.w:@0xf17a:16,R0;add:g.w:0x80,R0;mov:g.w:R0,@-SP;pjsr:@0x14036:24;adds.b:0x4,SP;mov:g.w:R0,@-SP;pjsr:@0x1442d:24;add:q.w:#2,SP;mov:g.w:R0,@0xf17e:16;mov:g.w:@0xf17a:16,R0;mov:g.w:R0,@0xf17c:16;prts:;
00021928,throttle_param_table_select,btst.w:0x2,@0xf0f8:16;beq:#0x00021938:8;mov:g.w:@0xaec:16,R0;mov:g.w:R0,@0xf184:16;bra:#0x00021940:8;mov:g.w:@0xaea:16,R0;mov:g.w:R0,@0xf184:16;prts:;
00021942,lambda_enable_flag_update,pjsr:@0x21962:24;tst.w:R0;bne:#0x00021952:8;pjsr:@0x1a0a7:24;tst.w:R0;beq:#0x00021958:8;bset.w:@0xf1fe:16,0x3;bra:#0x0002195c:8;bclr.w:0x3,@0xf1fe:16;pjsr:@0x21983:24;prts:;
00021962,lambda_enable_inhibit_check,mov:g.w:@0xf20e:16,R0;and.w:0x11,R0;beq:#0x00021974:8;mov:g.w:@0xf56:16,R0;mov:g.w:R0,@0xef96:16;tst.w:@0xef96:16;bne:#0x0002197f:8;mov:i:#0x1:16,R0;bra:#0x00021981:8;clr.w:R0;prts:;
00021983,lambda_correction_output_calc,stm:(R2 R3 ),@-SP;btst.w:0x4,@0xf20e:16;beq:#0x00021995:8;clr.w:@0xf1de:16;clr.w:@0xf1e0:16;bra:#0x000219de:8;stc.w:SR,@-SP;orc.w:0x700,SR;andc.w:0xfeff,SR;ldc.b:0x0,DP;mov:g.w:@0xf1b6:16,R3;mov:g.w:@0xf5e0:16,R2;ldc.w:@SP+ ,SR;mov:g.w:R2,@-SP;mov:g.w:#0x401a:16,@-SP;mov:g.w:R3,@-SP;ldc.b:0x0,DP;pjsr:@0x14219:24;adds.b:0x6,SP;mov:g.w:R0,@0xf1e0:16;mov:g.w:#0x40:8,@-SP;mov:g.w:@0xf1e0:16,R0;mov:g.w:R0,@-SP;pjsr:@0x1412b:24;adds.b:0x4,SP;mov:g.w:R0,@-SP;pjsr:@0x1442d:24;add:q.w:#2,SP;mov:g.w:R0,@0xf1de:16;ldm.w:@SP+,(R3 R2 );prts:;
000219e2,fueling_lambda_update,pjsr:@0x21a0e:24;pjsr:@0x21aa5:24;pjsr:@0x21af3:24;pjsr:@0x21b2d:24;pjsr:@0x21b8f:24;pjsr:@0x21bf3:24;pjsr:@0x21c2f:24;mov:g.w:#0xd15e:16,@-SP;mov:g.w:#0x2:8,@-SP;pjsr:@0x14735:24;adds.b:0x4,SP;prts:;
00021a0e,fueling_base_injection_calc,link:FP,#-0x2:8;mov:g.w:R2,@-SP;mov:g.w:#0xd0f0:16,@-SP;mov:g.w:#0x2:8,@-SP;pjsr:@0x14735:24;adds.b:0x4,SP;btst.w:0x5,@0xf0f8:16;beq:#0x00021a2f:8;mov:g.w:#0xda6c:16,@-SP;mov:g.w:#0x2:8,@-SP;bra:#0x00021a36:8;mov:g.w:#0xda8c:16,@-SP;mov:g.w:#0x2:8,@-SP;pjsr:@0x14854:24;adds.b:0x4,SP;mov:g.w:R0,R2;mov:g.w:#0x4000:16,@-SP;mov:g.w:#0x18a0:16,@-SP;mov:g.w:#0x1:8,@-SP;pjsr:@0x14656:24;adds.b:0x4,SP;mov:g.w:#0x1894:16,@-SP;mov:g.w:#0x1:8,@-SP;mov:f.w:R0,@(-0x2:8,FP);pjsr:@0x14656:24;adds.b:0x4,SP;mulxu.w:@(-0x2:8,FP) ,R0;mov:g.w:R1,@-SP;mov:g.w:R2,@-SP;pjsr:@0x1a0fa:24;add:q.w:#2,SP;mov:g.w:R0,@-SP;pjsr:@0x14219:24;adds.b:0x6,SP;mov:g.w:R0,@-SP;pjsr:@0x1442d:24;add:q.w:#2,SP;shll.w:R0;shll.w:R0;shll.w:R0;mov:g.w:R0,@0xf1be:16;mov:g.w:@0xf29c:16,R0;mov:g.w:R0,@-SP;mov:g.w:@0xf1be:16,R0;mov:g.w:R0,@-SP;pjsr:@0x142f3:24;adds.b:0x4,SP;mov:g.w:R0,@0xf1c2:16;mov:g.w:@SP+,R2;unlk:FP;prts:;
00021aa5,fueling_accel_enrichment_calc,mov:g.w:@0xf20e:16,R0;and.w:0x11,R0;bne:#0x00021aed:8;mov:g.w:@0xf29a:16,R0;mulxu.w:@0xf298:16,R0;mov:g.w:R1,@-SP;mov:g.w:@0xf170:16,R0;shll.w:R0;mov:g.w:R0,@-SP;mov:g.w:@0x81a:16,R0;mulxu.w:0x75,R0;mov:g.w:R1,@-SP;pjsr:@0x144d1:24;add:q.w:#2,SP;mov:g.w:R1,@-SP;mov:g.w:R0,@-SP;pjsr:@0x1417d:24;adds.b:0x6,SP;mov:g.w:R1,@-SP;mov:g.w:R0,@-SP;pjsr:@0x14151:24;adds.b:0x6,SP;mov:g.w:R0,@0xf1c0:16;bra:#0x00021af1:8;clr.w:@0xf1c0:16;prts:;
00021af3,fueling_openloop_output_copy,btst.w:0x4,@0xf20e:16;beq:#0x00021b2b:8;stc.w:SR,@-SP;orc.w:0x700,SR;andc.w:0xfeff,SR;ldc.b:0x0,DP;mov:g.w:@0xf1be:16,R0;mov:g.w:R0,@0xf1b6:16;mov:g.w:@0xf1be:16,R0;mov:g.w:R0,@0xf1bc:16;mov:g.w:@0xf1c2:16,R0;mov:g.w:R0,@0xf1c4:16;mov:g.w:@0xf1c2:16,R0;mov:g.w:R0,@0xf1c6:16;ldc.w:@SP+ ,SR;ldc.b:0x0,DP;prts:;
00021b2d,fueling_throttle_zone_flags_update,btst.w:0xe,@0xf224:16;beq:#0x00021b43:8;mov:g.w:@0xf13e:16,R0;cmp:g.w:@0xa5e:16,R0;bhi:#0x00021b51:8;bclr.w:0xe,@0xf224:16;bra:#0x00021b51:8;mov:g.w:@0xf13e:16,R0;cmp:g.w:@0xa5c:16,R0;bls:#0x00021b51:8;bset.w:@0xf224:16,0xe;btst.w:0xe,@0xf224:16;beq:#0x00021b67:8;mov:g.w:@0xf17a:16,R0;cmp:g.w:@0xa60:16,R0;bls:#0x00021b67:8;bset.w:@0xf224:16,0xf;bra:#0x00021b8d:8;stc.w:SR,@-SP;orc.w:0x700,SR;andc.w:0xfeff,SR;ldc.b:0x0,DP;bclr.w:0xf,@0xf224:16;mov:g.w:@0xa62:16,R0;mov:g.w:R0,@0xf012:16;mov:g.w:@0xa68:16,R0;mov:g.w:R0,@0xf014:16;ldc.w:@SP+ ,SR;ldc.b:0x0,DP;prts:;
00021b8f,fueling_inj_target_select,mov:g.w:R2,@-SP;clr.w:R2;btst.w:0x7,@0xf594:16;bne:#0x00021ba9:8;mov:g.w:@0xef6a:16,R0;cmp:g.w:@0xaa4:16,R0;blo:#0x00021bc6:8;btst.w:0x8,@0xf216:16;beq:#0x00021bb3:8;mov:g.w:@0xda2:16,R0;mov:g.w:R0,@0xf1b4:16;bra:#0x00021bc1:8;btst.w:0x4,@0xf3f0:16;beq:#0x00021bc6:8;mov:g.w:@0x80c:16,R0;mov:g.w:R0,@0xf1b4:16;mov:i:#0x200:16,R2;bra:#0x00021bce:8;mov:g.w:@0x80e:16,R0;mov:g.w:R0,@0xf1b4:16;tst.b:@0x306:16;bne:#0x00021be3:8;clr.w:R2;mov:g.w:@0xf1b4:16,R0;cmp:g.w:@0x958:16,R0;bhi:#0x00021be3:8;mov:i:#0x200:16,R2;mov:g.w:@0xf226:16,R0;bclr.w:0x9,R0;or.w:R2 ,R0;mov:g.w:R0,@0xf226:16;mov:g.w:@SP+,R2;prts:;
00021bf3,fueling_inj_accum_clamp_drain,stc.w:SR,@-SP;orc.w:0x700,SR;andc.w:0xfeff,SR;ldc.b:0x0,DP;mov:g.w:@0xf1ca:16,R0;mov:g.w:R0,@-SP;pjsr:@0x1442d:24;add:q.w:#2,SP;mov:g.w:R0,@0xf1c8:16;mov:g.w:@0xf1ce:16,R0;mov:g.w:R0,@-SP;pjsr:@0x1442d:24;add:q.w:#2,SP;mov:g.w:R0,@0xf1cc:16;clr.w:@0xf1ce:16;clr.w:@0xf1ca:16;ldc.w:@SP+ ,SR;ldc.b:0x0,DP;prts:;
00021c2f,fueling_inj_pw_calc,link:FP,#-0xc:8;btst.w:0x4,@0xf20e:16;beq:#0x00021c3b:8;clr.w:@-SP;bra:#0x00021c41:8;mov:g.w:@0xf1b6:16,R0;mov:g.w:R0,@-SP;mov:g.w:@0x810:16,R0;mov:g.w:R0,@-SP;pjsr:@0x1406f:24;adds.b:0x4,SP;mov:f.w:R0,@(-0x8:8,FP);mov:f.w:R1,@(-0x6:8,FP);mov:f.w:@(-0x8:8,FP),R0;mov:f.w:R0,@(-0x4:8,FP);mov:f.w:R1,@(-0x2:8,FP);mov:g.w:R1,@-SP;mov:f.w:@(-0x8:8,FP),R0;mov:g.w:R0,@-SP;pjsr:@0x144ef:24;adds.b:0x4,SP;mov:g.w:R0,@0xf190:16;mov:f.w:@(-0x6:8,FP),R0;mov:f.w:@(-0x8:8,FP),R1;shlr.w:R1;rotxr.w:R0;mov:g.w:R0,@-SP;mov:g.w:R1,@-SP;pjsr:@0x144ef:24;adds.b:0x4,SP;mov:g.w:R0,@-SP;pjsr:@0x1442d:24;add:q.w:#2,SP;mov:g.w:R0,@0xf186:16;mov:g.w:@0xf29a:16,R0;mov:g.w:R0,@-SP;mov:f.w:@(-0x6:8,FP),R0;mov:g.w:R0,@-SP;mov:f.w:@(-0x8:8,FP),R1;mov:g.w:R1,@-SP;pjsr:@0x142b4:24;adds.b:0x6,SP;mov:g.w:R1,@-SP;mov:g.w:R0,@-SP;mov:f.w:R0,@(-0xc:8,FP);mov:f.w:R1,@(-0xa:8,FP);pjsr:@0x144ef:24;adds.b:0x4,SP;mov:g.w:R0,@0xf194:16;mov:f.w:@(-0xa:8,FP),R0;mov:f.w:@(-0xc:8,FP),R1;shlr.w:R1;rotxr.w:R0;mov:g.w:R0,@-SP;mov:g.w:R1,@-SP;pjsr:@0x144ef:24;adds.b:0x4,SP;mov:g.w:R0,@-SP;pjsr:@0x1442d:24;add:q.w:#2,SP;mov:g.w:R0,@0xf18a:16;mov:g.w:@0xf298:16,R0;mov:g.w:R0,@-SP;mov:f.w:@(-0xa:8,FP),R0;mov:g.w:R0,@-SP;mov:f.w:@(-0xc:8,FP),R1;mov:g.w:R1,@-SP;pjsr:@0x142b4:24;adds.b:0x6,SP;mov:g.w:R1,@-SP;mov:g.w:R0,@-SP;mov:f.w:R0,@(-0xc:8,FP);mov:f.w:R1,@(-0xa:8,FP);pjsr:@0x144ef:24;adds.b:0x4,SP;mov:g.w:R0,@0xf196:16;mov:f.w:@(-0xa:8,FP),R0;mov:f.w:@(-0xc:8,FP),R1;shlr.w:R1;rotxr.w:R0;mov:g.w:R0,@-SP;mov:g.w:R1,@-SP;pjsr:@0x144ef:24;adds.b:0x4,SP;mov:g.w:R0,@-SP;pjsr:@0x1442d:24;add:q.w:#2,SP;mov:g.w:R0,@0xf18c:16;mov:g.w:@0xf298:16,R0;mov:g.w:R0,@-SP;mov:f.w:@(-0x2:8,FP),R0;mov:g.w:R0,@-SP;mov:f.w:@(-0x4:8,FP),R1;mov:g.w:R1,@-SP;pjsr:@0x142b4:24;adds.b:0x6,SP;mov:g.w:R1,@-SP;mov:g.w:R0,@-SP;mov:f.w:R0,@(-0xc:8,FP);mov:f.w:R1,@(-0xa:8,FP);pjsr:@0x144ef:24;adds.b:0x4,SP;mov:g.w:R0,@0xf192:16;mov:f.w:@(-0xa:8,FP),R0;mov:f.w:@(-0xc:8,FP),R1;shlr.w:R1;rotxr.w:R0;mov:g.w:R0,@-SP;mov:g.w:R1,@-SP;pjsr:@0x144ef:24;adds.b:0x4,SP;mov:g.w:R0,@-SP;pjsr:@0x1442d:24;mov:g.w:R0,@0xf188:16;unlk:FP;prts:;
00021d5e,fueling_wideband_output_scale,stm:(R2 R3 ),@-SP;mov:g.w:@0xf1e4:16,R3;mov:g.w:R3,@-SP;mov:g.w:#0x8d4:16,@-SP;pjsr:@0x1412b:24;adds.b:0x4,SP;mov:g.w:R0,R2;cmp:i:#0xfe:16,R2;bhs:#0x00021d7e:8;mov:g.w:R2,@0xf1e6:16;bra:#0x00021d84:8;mov:g.w:#0xfe:16,@0xf1e6:16;mov:g.w:R3,@-SP;mov:g.w:@0xf170:16,R0;mov:g.w:R0,@-SP;pjsr:@0x1406f:24;adds.b:0x4,SP;shlr.w:R0;rotxr.w:R1;shlr.w:R0;rotxr.w:R1;mov:g.w:R1,@-SP;mov:g.w:R0,@-SP;pjsr:@0x1443c:24;adds.b:0x4,SP;mov:g.w:R0,@0xf242:16;tst.w:@0xef90:16;bne:#0x00021db6:8;bclr.w:0x3,@0xf224:16;bra:#0x00021dc4:8;mov:g.w:@0xf1e6:16,R0;cmp:g.w:@0x10de:16,R0;blo:#0x00021dc4:8;bset.w:@0xf224:16,0x3;ldm.w:@SP+,(R3 R2 );prts:;
00021dc8,fueling_coolant_inj_offset_calc,mov:g.w:R2,@-SP;mov:g.w:@0x89a:16,R2;mov:g.w:@0xf130:16,R0;cmp:g.w:@0x89c:16,R0;bhi:#0x00021de9:8;mov:g.w:@0x89e:16,R0;mov:g.w:R0,@-SP;mov:g.w:R2,@-SP;pjsr:@0x14036:24;adds.b:0x4,SP;mov:g.w:R0,R2;mov:g.w:R2,@0xf22c:16;mov:g.w:R2,@0xf22a:16;mov:g.w:@SP+,R2;prts:;
00021df5,rpm_load_zone_counter_update,stc.w:SR,@-SP;orc.w:0x700,SR;andc.w:0xfeff,SR;ldc.b:0x0,DP;mov:g.w:@0xf208:16,R0;and.w:0xffc0,R0;mov:g.w:R0,@0xf208:16;mov:g.w:@0xf20a:16,R0;and.w:0x3f,R0;or.w:@0xf208:16,R0;mov:g.w:R0,@0xf208:16;mov:g.w:@0xf20a:16,R0;and.w:0xffc0,R0;mov:g.w:R0,@0xf20a:16;ldc.w:@SP+ ,SR;ldc.b:0x0,DP;btst.w:0x0,@0xf208:16;beq:#0x00021e53:8;mov:g.w:#0xef74:16,@-SP;mov:g.w:#0xef6a:16,@-SP;pjsr:@0x1454c:24;adds.b:0x4,SP;mov:g.w:#0xf012:16,@-SP;mov:g.w:#0xef90:16,@-SP;pjsr:@0x1452d:24;adds.b:0x4,SP;btst.w:0x1,@0xf208:16;beq:#0x00021e95:8;mov:g.w:#0xef74:16,@-SP;mov:g.w:#0xef74:16,@-SP;pjsr:@0x1454c:24;adds.b:0x4,SP;mov:g.w:#0xef74:16,@-SP;mov:g.w:#0xef74:16,@-SP;pjsr:@0x1454c:24;adds.b:0x4,SP;mov:g.w:#0xf04e:16,@-SP;mov:g.w:#0xf012:16,@-SP;pjsr:@0x1452d:24;adds.b:0x4,SP;mov:g.w:#0xf04e:16,@-SP;mov:g.w:#0xf012:16,@-SP;pjsr:@0x1452d:24;adds.b:0x4,SP;btst.w:0x2,@0xf208:16;beq:#0x00021eb9:8;mov:g.w:#0xef74:16,@-SP;mov:g.w:#0xef74:16,@-SP;pjsr:@0x1454c:24;adds.b:0x4,SP;mov:g.w:#0xf066:16,@-SP;mov:g.w:#0xf04e:16,@-SP;pjsr:@0x1452d:24;adds.b:0x4,SP;btst.w:0x3,@0xf208:16;beq:#0x00021edd:8;mov:g.w:#0xef7a:16,@-SP;mov:g.w:#0xef74:16,@-SP;pjsr:@0x1454c:24;adds.b:0x4,SP;mov:g.w:#0xf0b8:16,@-SP;mov:g.w:#0xf066:16,@-SP;pjsr:@0x1452d:24;adds.b:0x4,SP;prts:;
00021f00,inj_channel_state_init,mov:g.w:R2,@-SP;mov:i:#0x8080:16,R2;mov:g.w:R2,@0xee96:16;mov:g.w:R2,@0xee94:16;mov:g.w:R2,@0xee92:16;mov:g.w:R2,@0xee90:16;mov:g.w:R2,@0xee8e:16;mov:g.w:R2,@0xee8c:16;mov:g.w:@SP+,R2;prts:;
00021f21,ecu_openloop_state_reset,mov:g.w:#0x10:8,@0xf20e:16;mov:g.w:#0xffff:16,@0xf228:16;prts:;
00021f2e,main_control_loop_update,pjsr:@0x21f70:24;pjsr:@0x21f92:24;pjsr:@0x21fa0:24;pjsr:@0x21fff:24;pjsr:@0x2204a:24;pjsr:@0x2207f:24;pjsr:@0x220e9:24;pjsr:@0x22111:24;pjsr:@0x22225:24;pjsr:@0x22256:24;pjsr:@0x22284:24;pjsr:@0x22386:24;pjsr:@0x223d3:24;pjsr:@0x22442:24;pjsr:@0x22488:24;pjsr:@0x22f82:24;prts:;
00021f70,control_state_latch_prev,mov:g.w:@0xf20e:16,R0;mov:g.w:R0,@0xf212:16;mov:g.w:@0xf210:16,R0;mov:g.w:R0,@0xf214:16;mov:g.w:@0xf21c:16,R0;mov:g.w:R0,@0xf220:16;mov:g.w:@0xf21e:16,R0;mov:g.w:R0,@0xf222:16;prts:;
00021f92,diag_flag_clear_and_param_reload,bclr.w:0xa,@0xef54:16;mov:g.w:@0x13d2:16,R0;mov:g.w:R0,@0xf0b6:16;prts:;
00021fa0,f216_bit6_update_from_hysteresis_gate,tst.b:@0x2c5:16;beq:#0x00021fb4:8;pjsr:@0x21fba:24;tst.w:R0;beq:#0x00021fb4:8;bset.w:@0xf216:16,0x6;bra:#0x00021fb8:8;bclr.w:0x6,@0xf216:16;prts:;
00021fba,f1e6_hysteresis_gate_check,btst.w:0xb,@0xf216:16;beq:#0x00021fd0:8;mov:g.w:@0xf1e6:16,R0;cmp:g.w:@0xcf0:16,R0;bhi:#0x00021fde:8;bclr.w:0xb,@0xf216:16;bra:#0x00021fde:8;mov:g.w:@0xf1e6:16,R0;cmp:g.w:@0xcee:16,R0;bls:#0x00021fde:8;bset.w:@0xf216:16,0xb;btst.w:0xb,@0xf216:16;beq:#0x00021ffb:8;btst.w:0xf,@0xf0f8:16;beq:#0x00021ffb:8;btst.w:0xc,@0xf102:16;beq:#0x00021ffb:8;btst.w:0x5,@0xf0f8:16;beq:#0x00021ffb:8;mov:i:#0x1:16,R0;bra:#0x00021ffd:8;clr.w:R0;prts:;
00021fff,f33e_bit0_update_from_rpm_load_window,pjsr:@0x22013:24;tst.w:R0;beq:#0x0002200d:8;bset.w:@0xf33e:16,0x0;bra:#0x00022011:8;bclr.w:0x0,@0xf33e:16;prts:;
00022013,rpm_load_window_condition_check,btst.w:0x1,@0xf0f8:16;beq:#0x00022046:8;mov:g.w:@0xf20e:16,R0;and.w:0x11,R0;bne:#0x00022046:8;mov:g.w:@0xf17a:16,R0;cmp:g.w:@0xb70:16,R0;bhs:#0x00022046:8;mov:g.w:@0xf13a:16,R0;cmp:g.w:@0xb76:16,R0;bls:#0x00022046:8;mov:g.w:@0xf13a:16,R0;cmp:g.w:@0xb74:16,R0;bhs:#0x00022046:8;mov:i:#0x1:16,R0;bra:#0x00022048:8;clr.w:R0;prts:;
0002204a,f216_bit4_update_table_1cc7,mov:g.w:R3,@-SP;clr.w:R3;btst.w:0x4,@0xf216:16;beq:#0x00022057:8;mov:i:#0x1:16,R3;btst.w:0x5,@0xf0f8:16;bne:#0x0002205f:8;add:q.w:#2,R3;ldc.b:0x1,DP;mov:g.b:@(0x1cc7:16,R3),R0;extu.b:R0;ldc.b:0x0,DP;cmp:g.w:@0xf17a:16,R0;bhi:#0x00022077:8;bset.w:@0xf216:16,0x4;bra:#0x0002207b:8;bclr.w:0x4,@0xf216:16;mov:g.w:@SP+,R3;prts:;
0002207f,f216_low_nibble_update_table_1cc3,link:FP,#-0x2:8;mov:g.w:R3,@-SP;clr.w:R3;clr.w:@(-0x2:8,FP);mov:g.w:@0xf216:16,R0;and.w:0x3,R0;beq:#0x00022095:8;mov:i:#0x1:16,R3;ldc.b:0x1,DP;mov:g.b:@(0x1cc3:16,R3),R0;extu.b:R0;ldc.b:0x0,DP;cmp:g.w:@0xf1de:16,R0;bhi:#0x000220d5:8;tst.b:@0x2c1:16;bne:#0x000220d1:8;mov:i:#0x2:16,R3;btst.w:0x1,@0xf216:16;beq:#0x000220b9:8;mov:i:#0x3:16,R3;ldc.b:0x1,DP;mov:g.b:@(0x1cc3:16,R3),R0;extu.b:R0;ldc.b:0x0,DP;cmp:g.w:@0xf1de:16,R0;bhi:#0x000220d1:8;mov:g.w:#0x2:8,@(-0x2:8,FP);bra:#0x000220d5:8;mov:g.w:#0x1:8,@(-0x2:8,FP);mov:g.w:@0xf216:16,R0;and.w:0xfff0,R0;or.w:@(-0x2:8,FP) ,R0;mov:g.w:R0,@0xf216:16;mov:g.w:@SP+,R3;unlk:FP;prts:;
000220e9,f218_shift_in_f216_low_nibble,mov:g.w:R2,@-SP;mov:g.w:@0xf216:16,R2;and.w:0xf,R2;cmp:i:#0x2:16,R2;blo:#0x000220fb:8;mov:i:#0x2:16,R2;mov:g.w:@0xf218:16,R0;shll.w:R0;shll.w:R0;shll.w:R0;shll.w:R0;or.w:R2 ,R0;mov:g.w:R0,@0xf218:16;mov:g.w:@SP+,R2;prts:;
00022111,f216_bit8_update_from_recovery_chain,mov:g.w:R2,@-SP;clr.w:R2;pjsr:@0x2214a:24;pjsr:@0x22193:24;tst.w:R0;beq:#0x00022124:8;mov:i:#0x400:16,R2;pjsr:@0x22197:24;tst.w:R0;beq:#0x0002212e:8;bset.w:R2,0x9;pjsr:@0x221f0:24;tst.w:R0;beq:#0x00022138:8;bset.w:R2,0x8;mov:g.w:@0xf216:16,R0;and.w:0xf8ff,R0;or.w:R2 ,R0;mov:g.w:R0,@0xf216:16;mov:g.w:@SP+,R2;prts:;
0002214a,f224_threshold_tier_and_change_flag,mov:g.w:R2,@-SP;clr.w:R2;mov:g.w:@0xf242:16,R0;cmp:g.w:@0xd92:16,R0;bhs:#0x0002215b:8;mov:i:#0x40:16,R2;mov:g.w:@0xf242:16,R0;cmp:g.w:@0xd90:16,R0;bhs:#0x00022167:8;bset.w:R2,0x5;mov:g.w:@0xf242:16,R0;cmp:g.w:@0xd8e:16,R0;bhs:#0x00022173:8;bset.w:R2,0x4;mov:g.w:R2,R0;xor.w:@0xf224:16,R0;and.w:0x70,R0;beq:#0x00022181:8;bset.w:R2,0x7;mov:g.w:@0xf224:16,R0;and.w:0xff0f,R0;or.w:R2 ,R0;mov:g.w:R0,@0xf224:16;mov:g.w:@SP+,R2;prts:;
00022193,stub_zero_0x22193,clr.w:R0;prts:;
00022197,ef9e_latch_from_multi_threshold_check,btst.w:0x5,@0xf0f8:16;beq:#0x000221d9:8;mov:g.w:@0xf14c:16,R0;cmp:g.w:@0xd9a:16,R0;bhs:#0x000221d9:8;mov:g.w:@0xd9e:16,R0;shll.w:R0;shll.w:R0;cmp:g.w:@0xf170:16,R0;bls:#0x000221d9:8;mov:g.w:@0xf1e6:16,R0;cmp:g.w:@0xd94:16,R0;bhs:#0x000221d9:8;mov:g.w:@0xf1e6:16,R0;cmp:g.w:@0xd96:16,R0;bls:#0x000221d9:8;btst.w:0x6,@0xf224:16;bne:#0x000221d9:8;mov:g.w:@0xf186:16,R0;cmp:g.w:@0xd9c:16,R0;blo:#0x000221e1:8;mov:g.w:@0xd98:16,R0;mov:g.w:R0,@0xef9e:16;tst.w:@0xef9e:16;bne:#0x000221ec:8;mov:i:#0x1:16,R0;bra:#0x000221ee:8;clr.w:R0;prts:;
000221f0,efa0_max_hold_and_recovered_check,mov:g.w:R2,@-SP;btst.w:0x4,@0xf224:16;beq:#0x000221fe:8;mov:g.w:@0xd98:16,R2;bra:#0x00022202:8;mov:g.w:@0xef9e:16,R2;cmp:g.w:@0xefa0:16,R2;bhi:#0x0002220a:8;bra:#0x0002220e:8;mov:g.w:R2,@0xefa0:16;tst.w:@0xefa0:16;bne:#0x0002221f:8;btst.w:0x4,@0xf224:16;bne:#0x0002221f:8;mov:i:#0x1:16,R0;bra:#0x00022221:8;clr.w:R0;mov:g.w:@SP+,R2;prts:;
00022225,tcu_link_confirmed_flag_f226_bit7_update,tst.b:@0x2fd:16;beq:#0x00022250:8;btst.w:0x7,@0xf4a4:16;bne:#0x00022250:8;btst.w:0x3,@0xf20e:16;beq:#0x00022250:8;btst.w:0x7,@0xf226:16;bne:#0x00022254:8;mov:g.w:@0xf4c2:16,R0;and.w:0x60,R0;cmp:i:#0x40:16,R0;bne:#0x00022254:8;bset.w:@0xf226:16,0x7;bra:#0x00022254:8;bclr.w:0x7,@0xf226:16;prts:;
00022256,f226_bit8_update_from_f4c0_check,mov:g.w:R2,@-SP;mov:g.w:@0xf4c0:16,R2;and.w:0x7,R2;tst.b:@0x305:16;beq:#0x0002227c:8;btst.w:0x7,@0xf4a4:16;bne:#0x0002227c:8;tst.w:R2;beq:#0x0002227c:8;cmp:g.w:@0x13ce:16,R2;bhi:#0x0002227c:8;bset.w:@0xf226:16,0x8;bra:#0x00022280:8;bclr.w:0x8,@0xf226:16;mov:g.w:@SP+,R2;prts:;
00022284,f25e_bit6_update_from_decel_fuel_cut,tst.b:@0x2cb:16;beq:#0x000222a0:8;pjsr:@0x222a6:24;tst.w:R0;beq:#0x000222a0:8;bset.w:@0xf25e:16,0x6;mov:g.w:@0xa5a:16,R0;mov:g.w:R0,@0xefa6:16;bra:#0x000222a4:8;bclr.w:0x6,@0xf25e:16;prts:;
000222a6,decel_fuel_cut_eval,link:FP,#-0x2:8;stm:(R2 R3 ),@-SP;btst.w:0x4,@0xf25e:16;beq:#0x000222c0:8;mov:g.w:@0xf186:16,R0;cmp:g.w:@0xa56:16,R0;bhi:#0x000222ce:8;bclr.w:0x4,@0xf25e:16;bra:#0x000222ce:8;mov:g.w:@0xf186:16,R0;cmp:g.w:@0xa54:16,R0;bls:#0x000222ce:8;bset.w:@0xf25e:16,0x4;mov:g.w:#0x1ccc:16,@-SP;mov:g.w:#0x1:8,@-SP;pjsr:@0x14656:24;adds.b:0x4,SP;ldc.b:0x1,DP;mov:g.b:@0x1ce0:16,R1;extu.b:R1;mov:g.w:R0,R2;add:g.w:R1,R2;mov:f.w:R2,@(-0x2:8,FP);ldc.b:0x1,DP;mov:g.b:@0x1cde:16,R1;extu.b:R1;mov:g.w:R0,R3;add:g.w:R1,R3;ldc.b:0x0,DP;pjsr:@0x22377:24;tst.w:R0;beq:#0x0002230f:8;add:g.w:@0x874:16,R3;mov:f.w:@(-0x2:8,FP),R0;add:g.w:@0x874:16,R0;mov:f.w:R0,@(-0x2:8,FP);mov:g.w:R3,@-SP;pjsr:@0x1442d:24;add:q.w:#2,SP;mov:g.w:R0,R3;mov:f.w:@(-0x2:8,FP),R0;mov:g.w:R0,@-SP;pjsr:@0x1442d:24;add:q.w:#2,SP;mov:f.w:R0,@(-0x2:8,FP);clr.w:R2;mov:g.w:@0xf0f8:16,R0;and.w:0xb0,R0;cmp:i:#0x80:16,R0;bne:#0x0002236c:8;mov:g.w:@0xf17a:16,R0;cmp:g.w:@(-0x2:8,FP),R0;bls:#0x0002236c:8;btst.w:0x7,@0xf0fa:16;bne:#0x00022347:8;bset.w:@0xf25e:16,0x5;btst.w:0x4,@0xf25e:16;bne:#0x00022370:8;mov:g.w:@0xa58:16,R0;mulxu.w:0x14,R0;cmp:g.w:@0xef6a:16,R1;bhi:#0x00022370:8;cmp:g.w:@0xf17a:16,R3;blo:#0x00022370:8;btst.w:0x5,@0xf25e:16;beq:#0x00022370:8;mov:i:#0x1:16,R0;bra:#0x00022372:8;bclr.w:0x5,@0xf25e:16;mov:g.w:R2,R0;ldm.w:@SP+,(R3 R2 );unlk:FP;prts:;
00022377,check_flag_f0f8_bit2_clear,btst.w:0x2,@0xf0f8:16;beq:#0x00022381:8;clr.w:R0;bra:#0x00022384:8;mov:i:#0x1:16,R0;prts:;
00022386,aux_load_enable_flag_update,btst.b:0x0,@0x2dd:16;beq:#0x0002239a:8;pjsr:@0x223a0:24;tst.w:R0;beq:#0x0002239a:8;bset.w:@0xf25e:16,0x9;bra:#0x0002239e:8;bclr.w:0x9,@0xf25e:16;prts:;
000223a0,aux_load_condition_check,btst.w:0x2,@0xf20e:16;bne:#0x000223ae:8;mov:g.w:@0xee4:16,R0;mov:g.w:R0,@0xeffa:16;btst.b:0x1,@0x2dd:16;beq:#0x000223ba:8;btst.w:0x7,@0xf0f8:16;beq:#0x000223cf:8;btst.w:0x2,@0xf20e:16;beq:#0x000223cf:8;mov:g.w:@0xf17a:16,R0;cmp:g.w:@0xee0:16,R0;blo:#0x000223cf:8;mov:i:#0x1:16,R0;bra:#0x000223d1:8;clr.w:R0;prts:;
000223d3,post_start_enrich_timer_update,mov:g.w:R2,@-SP;btst.w:0x4,@0xf20e:16;bne:#0x000223e1:8;btst.w:0x6,@0xf102:16;bne:#0x000223eb:8;mov:g.w:@0xa9c:16,R0;mov:g.w:R0,@0xefaa:16;bra:#0x000223fb:8;btst.w:0xd,@0xf102:16;beq:#0x000223fb:8;mov:g.w:@0xa9c:16,R0;mov:g.w:R0,@0xefaa:16;bra:#0x00022403:8;mov:g.w:@0xa9c:16,R0;mov:g.w:R0,@0xefac:16;mov:i:#0x2:16,R2;btst.w:0x4,@0xf20e:16;beq:#0x00022410:8;clr.w:R2;bra:#0x0002242b:8;btst.w:0x2,@0xf4a4:16;bne:#0x00022428:8;btst.w:0x6,@0xf102:16;beq:#0x0002242b:8;btst.w:0xd,@0xf102:16;bne:#0x0002242b:8;tst.w:@0xefaa:16;bne:#0x0002242b:8;mov:i:#0x1:16,R2;cmp:i:#0x1:16,R2;bne:#0x00022436:8;bset.w:@0xf224:16,0x2;bra:#0x0002243e:8;tst.w:R2;bne:#0x0002243e:8;bclr.w:0x2,@0xf224:16;mov:g.w:@SP+,R2;prts:;
00022442,o2_heater_ready_flag_update,btst.w:0x0,@0xf226:16;beq:#0x00022458:8;mov:g.w:@0xf1e8:16,R0;cmp:g.w:@0xa74:16,R0;bhi:#0x00022466:8;bclr.w:0x0,@0xf226:16;bra:#0x00022466:8;mov:g.w:@0xf1e8:16,R0;cmp:g.w:@0xa72:16,R0;bls:#0x00022466:8;bset.w:@0xf226:16,0x0;btst.w:0x1,@0xf1f4:16;beq:#0x00022482:8;btst.w:0x0,@0xf226:16;beq:#0x00022482:8;mov:g.w:@0xf17a:16,R0;cmp:g.w:@0xa76:16,R0;bls:#0x00022482:8;bset.w:@0xf226:16,0x1;bra:#0x00022486:8;bclr.w:0x1,@0xf226:16;prts:;
00022488,mode_state_update,pjsr:@0x224a6:24;pjsr:@0x224d5:24;pjsr:@0x2254b:24;pjsr:@0x229c0:24;pjsr:@0x229d2:24;pjsr:@0x22ead:24;pjsr:@0x22f16:24;prts:;
000224a6,openloop_mode_bit_update,pjsr:@0x224ba:24;tst.w:R0;beq:#0x000224b4:8;bset.w:@0xf20e:16,0x4;bra:#0x000224b8:8;bclr.w:0x4,@0xf20e:16;prts:;
000224ba,closedloop_inhibit_check,btst.w:0x5,@0xf212:16;beq:#0x000224cc:8;tst.w:@0xefa2:16;beq:#0x000224cc:8;tst.w:@0xef90:16;bne:#0x000224d1:8;mov:i:#0x1:16,R0;bra:#0x000224d3:8;clr.w:R0;prts:;
000224d5,cranking_mode_bit_update,pjsr:@0x224e9:24;tst.w:R0;beq:#0x000224e3:8;bset.w:@0xf20e:16,0x0;bra:#0x000224e7:8;bclr.w:0x0,@0xf20e:16;prts:;
000224e9,cranking_detect_check,mov:g.w:R2,@-SP;clr.w:R2;btst.w:0x4,@0xf212:16;beq:#0x00022507:8;mov:g.w:@0xf10e:16,R0;cmp:g.w:@0x834:16,R0;bhi:#0x00022503:8;bset.w:@0xf25e:16,0xd;bra:#0x00022507:8;bclr.w:0xd,@0xf25e:16;mov:g.w:@0xf10e:16,R0;cmp:g.w:@0x864:16,R0;bhs:#0x00022517:8;bset.w:@0xf25e:16,0xc;bra:#0x0002251b:8;bclr.w:0xc,@0xf25e:16;btst.w:0x6,@0xf0f8:16;beq:#0x00022545:8;mov:g.w:@0x828:16,R2;btst.w:0x0,@0xf212:16;bne:#0x0002252f:8;mov:g.w:@0x824:16,R2;btst.w:0xd,@0xf25e:16;beq:#0x00022539:8;add:g.w:@0x82c:16,R2;clr.w:R0;cmp:g.w:@0xf17a:16,R2;bls:#0x00022543:8;add:q.w:#1,R0;bra:#0x00022547:8;mov:g.w:R2,R0;mov:g.w:@SP+,R2;prts:;
0002254b,warmup_mode_state_machine,stm:(R2 R3 R5 ),@-SP;mov:i:#0x208:16,R5;clr.w:R2;pjsr:@0x225be:24;tst.w:R0;beq:#0x0002255c:8;mov:g.w:R5,R2;pjsr:@0x226de:24;tst.w:R0;beq:#0x00022568:8;or.w:0x108,R2;pjsr:@0x1553d:24;tst.w:R0;bne:#0x00022572:8;or.w:R5 ,R2;pjsr:@0x226fd:24;tst.w:R0;beq:#0x0002257c:8;or.w:R5 ,R2;pjsr:@0x22746:24;tst.w:R0;beq:#0x00022586:8;or.w:R5 ,R2;pjsr:@0x2280f:24;mov:g.w:R0,R3;mov:g.w:R3,@-SP;pjsr:@0x228ed:24;add:q.w:#2,SP;tst.w:R0;beq:#0x0002259c:8;or.w:0xc,R2;mov:g.w:R3,@-SP;pjsr:@0x2297f:24;add:q.w:#2,SP;tst.w:R0;beq:#0x000225ac:8;or.w:0xc,R2;mov:g.w:@0xf20e:16,R0;and.w:0xfcf3,R0;or.w:R2 ,R0;mov:g.w:R0,@0xf20e:16;ldm.w:@SP+,(R5 R3 R2 );prts:;
000225be,closedloop_eligibility_check,stm:(R2 R3 ),@-SP;clr.w:R3;tst.b:@0x2cc:16;beq:#0x000226d8:16;btst.w:0x5,@0xf1f0:16;bne:#0x000226d8:16;btst.w:0x0,@0xf1f0:16;beq:#0x000226d8:16;btst.w:0x4,@0xf20e:16;bne:#0x000225ed:8;mov:g.w:@0xf1e6:16,R0;cmp:g.w:@0xa52:16,R0;bhi:#0x000225ed:8;btst.w:0x7,@0xf0f8:16;beq:#0x000225f7:8;clr.w:@0xef74:16;clr.w:@0xf076:16;bra:#0x000225fe:8;tst.w:@0xf076:16;bne:#0x00022663:16;btst.w:0x5,@0xf0f8:16;beq:#0x0002265f:8;mov:g.w:@0xf10e:16,R0;cmp:g.w:@0xa46:16,R0;bls:#0x0002265f:8;btst.w:0x0,@0xeee2:16;bne:#0x0002265f:8;btst.w:0x3,@0xf1fe:16;bne:#0x0002265f:8;mov:g.w:@0xf17a:16,R0;cmp:g.w:@0xa42:16,R0;blo:#0x0002265f:8;mov:g.w:@0x886:16,R0;mov:g.w:R0,@-SP;mov:g.w:#0x4c00:16,@-SP;mov:g.w:#0x1d:8,@-SP;pjsr:@0x140dc:24;adds.b:0x6,SP;mov:g.w:@0xa44:16,R1;shll.w:R1;shll.w:R1;shll.w:R1;sub.w:R1,R0;cmp:g.w:@0xf170:16,R0;blo:#0x00022663:8;mov:g.w:@0xf18c:16,R2;cmp:g.b:#0x1:8,@0x2cc:16;bne:#0x00022659:8;mov:g.w:@0xf186:16,R2;cmp:g.w:@0xa48:16,R2;blo:#0x00022663:8;clr.w:@0xef74:16;cmp:g.b:#0x1:8,@0x2cc:16;bne:#0x00022670:8;mov:g.w:@0xa4e:16,R2;bra:#0x00022692:8;mov:g.w:#0xd0c0:16,@-SP;mov:g.w:#0x2:8,@-SP;pjsr:@0x14735:24;adds.b:0x4,SP;mov:g.w:#0x1f70:16,@-SP;mov:g.w:#0x1:8,@-SP;pjsr:@0x14656:24;adds.b:0x4,SP;mov:g.w:R0,R2;shll.w:R2;shll.w:R2;cmp:g.w:@0xef74:16,R2;bhs:#0x0002269e:8;mov:g.w:#0xffff:16,@0xf076:16;btst.w:0x9,@0xf224:16;beq:#0x000226b4:8;mov:g.w:@0xf17a:16,R0;cmp:g.w:@0xa4c:16,R0;bhi:#0x000226c2:8;bclr.w:0x9,@0xf224:16;bra:#0x000226c2:8;mov:g.w:@0xf17a:16,R0;cmp:g.w:@0xa4a:16,R0;bls:#0x000226c2:8;bset.w:@0xf224:16,0x9;tst.w:@0xf076:16;beq:#0x000226d8:8;clr.w:@0xef74:16;mov:g.w:@0xf224:16,R3;and.w:0x200,R3;mov:g.w:R3,R0;bra:#0x000226da:8;mov:g.w:R3,R0;ldm.w:@SP+,(R3 R2 );prts:;
000226de,rpm_sync_ready_check,mov:g.w:@0xef6c:16,R0;cmp:g.w:@0x896:16,R0;blo:#0x000226f9:8;btst.w:0x7,@0xeed6:16;beq:#0x000226f9:8;btst.w:0x0,@0xf5ee:16;bne:#0x000226f9:8;mov:i:#0x1:16,R0;bra:#0x000226fb:8;clr.w:R0;prts:;
000226fd,closedloop_fuel_ready_check,mov:g.w:R2,@-SP;mov:g.w:@0xf196:16,R2;cmp:g.w:@0xf190:16,R2;bls:#0x0002270d:8;mov:g.w:@0xf190:16,R2;mov:g.w:@0xf20e:16,R0;and.w:0x11,R0;bne:#0x0002272d:8;mov:g.w:#0xda4c:16,@-SP;mov:g.w:#0x2:8,@-SP;pjsr:@0x14854:24;adds.b:0x4,SP;shll.w:R0;shll.w:R0;cmp:g.w:R0,R2;bhs:#0x00022735:8;mov:g.w:@0x894:16,R0;mov:g.w:R0,@0xf016:16;tst.w:@0xf016:16;bne:#0x00022740:8;mov:i:#0x1:16,R0;bra:#0x00022742:8;clr.w:R0;mov:g.w:@SP+,R2;prts:;
00022746,o2_temp_ready_check,btst.w:0xd,@0xf224:16;beq:#0x0002275c:8;mov:g.w:@0xf1e8:16,R0;cmp:g.w:@0x88a:16,R0;bhi:#0x0002276a:8;bclr.w:0xd,@0xf224:16;bra:#0x0002276a:8;mov:g.w:@0xf1e8:16,R0;cmp:g.w:@0x888:16,R0;bls:#0x0002276a:8;bset.w:@0xf224:16,0xd;btst.w:0x6,@0xf1f2:16;beq:#0x00022796:8;btst.w:0xd,@0xf224:16;beq:#0x00022785:8;mov:g.w:@0xf17a:16,R0;cmp:g.w:@0x892:16,R0;bls:#0x00022785:8;mov:g.w:#0x1:8,@-SP;bra:#0x00022787:8;clr.w:@-SP;pjsr:@0x2279a:24;add:q.w:#2,SP;tst.w:R0;beq:#0x00022796:8;mov:i:#0x1:16,R0;bra:#0x00022798:8;clr.w:R0;prts:;
0002279a,o2_ready_timer_update,link:FP,#0x0:8;mov:g.w:R2,@-SP;mov:f.w:@(0x6:8,FP),R2;tst.b:@0x2ca:16;beq:#0x00022808:16;mov:g.w:@0xf212:16,R0;and.w:0x11,R0;bne:#0x00022802:8;mov:g.w:@0xf10e:16,R0;cmp:g.w:@0x88c:16,R0;blo:#0x00022802:8;tst.w:R2;beq:#0x000227e0:8;tst.w:@0xf018:16;beq:#0x000227d6:8;clr.w:@0xf01a:16;tst.w:R2;bne:#0x000227d2:8;mov:i:#0x1:16,R2;bra:#0x000227f8:8;clr.w:R2;bra:#0x000227f8:8;mov:g.w:@0x890:16,R0;mov:g.w:R0,@0xf01a:16;bra:#0x000227f8:8;mov:g.w:@0x88e:16,R0;mov:g.w:R0,@0xf018:16;mov:g.w:@0xf17a:16,R0;cmp:g.w:@0x892:16,R0;blo:#0x00022802:8;tst.w:@0xf01a:16;beq:#0x00022802:8;mov:g.w:@0x32b6:16,R0;mov:g.w:R0,@0xf228:16;bra:#0x00022808:8;mov:g.w:#0xffff:16,@0xf228:16;mov:g.w:R2,R0;mov:g.w:@SP+,R2;unlk:FP;prts:;
0002280f,warmup_ign_advance_correction_calc,link:FP,#-0x2:8;mov:g.w:R3,@-SP;mov:g.w:#0x1ccc:16,@-SP;mov:g.w:#0x1:8,@-SP;pjsr:@0x14656:24;adds.b:0x4,SP;mov:f.w:R0,@(-0x2:8,FP);clr.w:R3;btst.w:0x7,@0xf0f8:16;bne:#0x00022833:8;mov:g.w:@0x872:16,R0;mov:g.w:R0,@0xf06a:16;btst.w:0x5,@0xf0f8:16;bne:#0x0002283e:8;mov:i:#0x6:16,R3;bra:#0x00022847:8;btst.w:0x2,@0xf224:16;beq:#0x00022847:8;mov:i:#0x3:16,R3;btst.w:0x4,@0xf0f8:16;bne:#0x00022853:8;tst.w:@0xf428:16;beq:#0x00022856:8;adds.b:0x9,R3;btst.w:0x5,@0xf3f0:16;bne:#0x0002287c:8;btst.w:0xe,@0xf25a:16;beq:#0x0002287c:8;stc.w:SR,@-SP;orc.w:0x700,SR;andc.w:0xfeff,SR;ldc.b:0x0,DP;bclr.w:0xe,@0xf25a:16;ldc.w:@SP+ ,SR;add:q.w:#1,R3;ldc.b:0x0,DP;bra:#0x00022884:8;btst.w:0x2,@0xf212:16;beq:#0x00022884:8;add:q.w:#2,R3;ldc.b:0x1,DP;mov:g.b:@(0x1cd8:16,R3),R0;extu.b:R0;mov:f.w:@(-0x2:8,FP),R1;add:g.w:R0,R1;mov:f.w:R1,@(-0x2:8,FP);ldc.b:0x0,DP;bra:#0x000228ce:8;
00022898,warmup_correction_f25a_f0f8_f212_calc,stc.w:SR,@-SP;orc.w:0x700,SR;andc.w:0xfeff,SR;ldc.b:0x0,DP;bclr.w:0xe,@0xf25a:16;ldc.w:@SP+ ,SR;ldc.b:0x0,DP;btst.w:0x5,@0xf0f8:16;beq:#0x000228ba:8;btst.w:0x2,@0xf212:16;beq:#0x000228bc:8;add:q.w:#1,R3;ldc.b:0x1,DP;mov:g.b:@(0x1cd8:16,R3),R0;extu.b:R0;mov:f.w:@(-0x2:8,FP),R1;add:g.w:R0,R1;mov:f.w:R1,@(-0x2:8,FP);ldc.b:0x0,DP;pjsr:@0x22377:24;tst.w:R0;beq:#0x000228de:8;mov:f.w:@(-0x2:8,FP),R0;add:g.w:@0x874:16,R0;mov:f.w:R0,@(-0x2:8,FP);mov:f.w:@(-0x2:8,FP),R0;mov:g.w:R0,@-SP;pjsr:@0x1442d:24;add:q.w:#2,SP;mov:g.w:@SP+,R3;unlk:FP;prts:;
000228ed,f216_bits_f188_f17a_update_and_warmup_gate,link:FP,#0x0:8;mov:g.w:R2,@-SP;mov:g.w:@0xf188:16,R2;btst.w:0x7,@0xf216:16;beq:#0x00022907:8;cmp:g.w:@0x87a:16,R2;bhi:#0x00022911:8;bclr.w:0x7,@0xf216:16;bra:#0x00022911:8;cmp:g.w:@0x87c:16,R2;bls:#0x00022911:8;bset.w:@0xf216:16,0x7;btst.w:0xf,@0xf216:16;beq:#0x00022927:8;mov:g.w:@0xf17a:16,R0;cmp:g.w:@0x8d0:16,R0;bhi:#0x00022935:8;bclr.w:0xf,@0xf216:16;bra:#0x00022935:8;mov:g.w:@0xf17a:16,R0;cmp:g.w:@0x8ce:16,R0;bls:#0x00022935:8;bset.w:@0xf216:16,0xf;btst.w:0x7,@0xf216:16;beq:#0x00022947:8;mov:g.w:@0x876:16,R0;mulxu.w:0x14,R0;mov:g.w:R1,@0xf026:16;tst.w:@0xf026:16;nop:;tst.b:@0x2c9:16;beq:#0x00022958:8;btst.w:0x2,@0xf0f8:16;beq:#0x00022978:8;btst.w:0x6,@0xf216:16;bne:#0x00022978:8;btst.w:0x3,@0xf1fe:16;bne:#0x00022978:8;mov:g.w:@0xf17a:16,R0;cmp:g.w:@(0x6:8,FP),R0;bls:#0x00022978:8;tst.w:@0xf026:16;bne:#0x00022978:8;mov:i:#0x1:16,R0;bra:#0x0002297a:8;clr.w:R0;mov:g.w:@SP+,R2;unlk:FP;prts:;
0002297f,warmup_complete_gate_check,link:FP,#0x0:8;mov:g.w:@0xf17a:16,R0;cmp:g.w:@(0x6:8,FP),R0;bls:#0x000229bb:8;btst.w:0x6,@0xf216:16;bne:#0x000229bb:8;mov:g.w:@0x86a:16,R0;mulxu.w:0x14,R0;cmp:g.w:@0xef6a:16,R1;bhi:#0x000229bb:8;btst.w:0x5,@0xf3f0:16;bne:#0x000229bb:8;mov:g.w:@0xf0fa:16,R0;and.w:@0xf0f8:16,R0;btst.w:0x7,R0;beq:#0x000229bb:8;tst.w:@0xf23c:16;bne:#0x000229bb:8;mov:i:#0x1:16,R0;bra:#0x000229bd:8;clr.w:R0;unlk:FP;prts:;
000229c0,f20e_bit1_mirror_from_f1fe_bit3,btst.w:0x3,@0xf1fe:16;beq:#0x000229cc:8;bset.w:@0xf20e:16,0x1;bra:#0x000229d0:8;bclr.w:0x1,@0xf20e:16;prts:;
000229d2,engine_mode_dispatch_and_f240_edge_counter,pjsr:@0x22a57:24;pjsr:@0x22a97:24;pjsr:@0x22c60:24;pjsr:@0x22c89:24;mov:g.w:#0x37a8:16,@-SP;pjsr:@0x22d12:24;add:q.w:#2,SP;mov:g.w:#0x37a8:16,@-SP;pjsr:@0x22e38:24;add:q.w:#2,SP;clr.w:@0xf222:16;clr.w:@0xf21e:16;btst.w:0xb,@0xf20e:16;beq:#0x00022a0a:8;bset.w:@0xf20e:16,0x7;bra:#0x00022a0e:8;bclr.w:0x7,@0xf20e:16;cmp:g.b:#0x2:8,@0x2cd:16;bne:#0x00022a55:8;btst.w:0x7,@0xf20e:16;beq:#0x00022a55:8;mov:g.w:@0xf220:16,R0;xor.w:@0xf21c:16,R0;and.w:@0xf220:16,R0;btst.w:0x9,R0;beq:#0x00022a55:8;mov:g.w:@0xf240:16,R0;add:q.w:#1,R0;mov:g.w:R0,@0xf240:16;bne:#0x00022a3b:8;add:q.w:#-1,@0xf240:16;mov:g.w:@0xf240:16,R0;cmp:g.w:@0x8b4:16,R0;bhi:#0x00022a55:8;mov:g.w:@0x8b0:16,R0;mov:g.w:R0,@0xf07e:16;mov:g.w:@0x8b2:16,R0;mov:g.w:R0,@0xf23e:16;prts:;
00022a57,f240_counter_reset_and_f074_table_load,mov:g.w:@0xf212:16,R0;and.w:0x11,R0;beq:#0x00022a75:8;mov:g.w:@0x8b0:16,R0;mov:g.w:R0,@0xf07e:16;mov:g.w:@0x8b2:16,R0;mov:g.w:R0,@0xf23e:16;clr.w:@0xf240:16;btst.w:0x0,@0xf212:16;beq:#0x00022a95:8;clr.w:@0xf0b0:16;clr.w:@0xf0ae:16;mov:g.w:#0x1d4c:16,@-SP;mov:g.w:#0x1:8,@-SP;pjsr:@0x14656:24;adds.b:0x4,SP;mov:g.w:R0,@0xf074:16;prts:;
00022a97,f21c_bit12_update_dispatcher,pjsr:@0x22ab3:24;pjsr:@0x22bb3:24;pjsr:@0x22c11:24;tst.w:R0;beq:#0x00022aad:8;bset.w:@0xf21c:16,0xc;bra:#0x00022ab1:8;bclr.w:0xc,@0xf21c:16;prts:;
00022ab3,f21c_bit9_hysteresis_and_f23e_table_ramp,link:FP,#-0x2:8;stm:(R2 R3 R5 ),@-SP;mov:g.w:@0xf186:16,R5;btst.w:0x0,@0xf1f0:16;bne:#0x00022acf:8;mov:g.w:@0xf130:16,R0;cmp:g.w:@0x8aa:16,R0;blo:#0x00022acf:8;mov:g.w:@0xf18c:16,R5;mov:g.w:#0xd09a:16,@-SP;mov:g.w:#0x2:8,@-SP;pjsr:@0x14735:24;adds.b:0x4,SP;mov:g.w:#0x1cf8:16,@-SP;mov:g.w:#0x1:8,@-SP;pjsr:@0x14656:24;adds.b:0x4,SP;mov:g.w:R0,R3;mov:g.w:R3,R2;mov:g.w:@0x8ac:16,R0;mov:g.w:R0,@-SP;mov:g.w:R3,@-SP;pjsr:@0x14036:24;adds.b:0x4,SP;mov:f.w:R0,@(-0x2:8,FP);btst.w:0x9,@0xf21c:16;beq:#0x00022b10:8;cmp:g.w:R0,R5;bhi:#0x00022b18:8;bclr.w:0x9,@0xf21c:16;bra:#0x00022b18:8;cmp:g.w:R3,R5;bls:#0x00022b18:8;bset.w:@0xf21c:16,0x9;tst.b:@0x2cd:16;beq:#0x00022b95:16;btst.w:0x0,@0xf21c:16;beq:#0x00022b27:8;mov:f.w:@(-0x2:8,FP),R2;cmp:g.w:R2,R5;bhi:#0x00022b56:8;tst.w:@0xf07e:16;bne:#0x00022b95:16;mov:g.w:@0x8b2:16,R2;cmp:g.w:@0xf23e:16,R2;bls:#0x00022b48:8;tst.w:@0x8b0:16;beq:#0x00022b48:8;add:q.w:#1,@0xf23e:16;bra:#0x00022b4c:8;mov:g.w:R2,@0xf23e:16;mov:g.w:@0x8b0:16,R0;mov:g.w:R0,@0xf07e:16;bra:#0x00022b95:8;mov:g.w:@0x8b0:16,R0;mov:g.w:R0,@0xf07e:16;btst.w:0x3,@0xf208:16;beq:#0x00022b6e:8;tst.w:@0xf23e:16;beq:#0x00022b6e:8;add:q.w:#-1,@0xf23e:16;tst.w:@0xf23e:16;beq:#0x00022b95:8;mov:g.w:#0x1d0c:16,@-SP;mov:g.w:#0x1:8,@-SP;pjsr:@0x14656:24;adds.b:0x4,SP;mov:g.w:R0,R3;mov:g.w:@0x8ac:16,R0;mov:g.w:R0,@-SP;mov:g.w:R3,@-SP;pjsr:@0x14036:24;adds.b:0x4,SP;mov:f.w:R0,@(-0x2:8,FP);btst.w:0x0,@0xf21c:16;beq:#0x00022ba6:8;cmp:g.w:@(-0x2:8,FP),R5;bhi:#0x00022bae:8;bclr.w:0x0,@0xf21c:16;bra:#0x00022bae:8;cmp:g.w:R3,R5;bls:#0x00022bae:8;bset.w:@0xf21c:16,0x0;ldm.w:@SP+,(R5 R3 R2 );unlk:FP;prts:;
00022bb3,f21c_bit8_hysteresis_from_table_variant,mov:g.w:R2,@-SP;mov:g.w:#0xd09a:16,@-SP;mov:g.w:#0x2:8,@-SP;pjsr:@0x14735:24;adds.b:0x4,SP;btst.w:0x5,@0xf0f8:16;beq:#0x00022bd2:8;mov:g.w:#0x1d24:16,@-SP;mov:g.w:#0x1:8,@-SP;bra:#0x00022bd9:8;mov:g.w:#0x1d38:16,@-SP;mov:g.w:#0x1:8,@-SP;pjsr:@0x14656:24;adds.b:0x4,SP;mov:g.w:R0,R2;btst.w:0x8,@0xf21c:16;beq:#0x00022c03:8;mov:g.w:@0x8b6:16,R0;mov:g.w:R0,@-SP;mov:g.w:R2,@-SP;pjsr:@0x14036:24;adds.b:0x4,SP;cmp:g.w:@0xf13e:16,R0;blo:#0x00022c0d:8;bclr.w:0x8,@0xf21c:16;bra:#0x00022c0d:8;cmp:g.w:@0xf13e:16,R2;bhs:#0x00022c0d:8;bset.w:@0xf21c:16,0x8;mov:g.w:@SP+,R2;prts:;
00022c11,f21c_bit12_source_condition_check,btst.w:0x4,@0xf1f2:16;beq:#0x00022c57:8;btst.w:0x0,@0xf21c:16;bne:#0x00022c57:8;btst.w:0x8,@0xf21c:16;bne:#0x00022c57:8;mov:g.w:@0xf20e:16,R0;and.w:0x1b,R0;bne:#0x00022c57:8;btst.w:0x5,@0xf25a:16;bne:#0x00022c57:8;btst.w:0x0,@0xf340:16;bne:#0x00022c57:8;btst.w:0xa,@0xf216:16;bne:#0x00022c57:8;tst.w:@0xf074:16;bne:#0x00022c57:8;btst.w:0x8,@0xf25e:16;bne:#0x00022c57:8;tst.b:@0x2cb:16;beq:#0x00022c5c:8;tst.w:@0xefa6:16;beq:#0x00022c5c:8;mov:i:#0x1:16,R0;bra:#0x00022c5e:8;clr.w:R0;prts:;
00022c60,f21c_bit1_update_dispatcher,pjsr:@0x22c74:24;tst.w:R0;beq:#0x00022c6e:8;bset.w:@0xf21c:16,0x1;bra:#0x00022c72:8;bclr.w:0x1,@0xf21c:16;prts:;
00022c74,f21c_bit1_source_condition_check,btst.w:0xc,@0xf21c:16;bne:#0x00022c85:8;btst.w:0x7,@0xf216:16;beq:#0x00022c85:8;mov:i:#0x1:16,R0;bra:#0x00022c87:8;clr.w:R0;prts:;
00022c89,f224_bits01_update_and_efa8_edge_latch,link:FP,#-0x2:8;stm:(R2 R3 R5 ),@-SP;mov:g.w:@0xf224:16,R0;mov:f.w:R0,@(-0x2:8,FP);btst.w:0x0,@0xf224:16;beq:#0x00022ca9:8;mov:g.w:@0xf10e:16,R0;cmp:g.w:@0x8e4:16,R0;bhi:#0x00022cb7:8;bclr.w:0x0,@0xf224:16;bra:#0x00022cb7:8;mov:g.w:@0xf10e:16,R0;cmp:g.w:@0x8e6:16,R0;bls:#0x00022cb7:8;bset.w:@0xf224:16,0x0;stc.w:SR,@-SP;orc.w:0x700,SR;andc.w:0xfeff,SR;ldc.b:0x0,DP;mov:g.w:@0xf1b6:16,R5;mov:g.w:@0xf1bc:16,R3;ldc.w:@SP+ ,SR;cmp:g.w:R3,R5;ldc.b:0x0,DP;blo:#0x00022cdb:8;mov:g.w:R5,R2;sub.w:R3,R2;bra:#0x00022cdf:8;mov:g.w:R3,R2;sub.w:R5,R2;cmp:i:#0xff:16,R2;blo:#0x00022ce7:8;mov:i:#0xff:16,R2;cmp:g.w:@0x8e8:16,R2;blo:#0x00022cf3:8;bset.w:@0xf224:16,0x1;bra:#0x00022cf7:8;bclr.w:0x1,@0xf224:16;mov:f.w:@(-0x2:8,FP),R0;xor.w:@0xf224:16,R0;and.w:@0xf224:16,R0;btst.w:0x1,R0;beq:#0x00022d0d:8;mov:g.w:@0x8ea:16,R0;mov:g.w:R0,@0xefa8:16;ldm.w:@SP+,(R5 R3 R2 );unlk:FP;prts:;
00022d12,status_word_composite_multibit_update_via_table,link:FP,#-0x4:8;stm:(R2 R3 R4 ),@-SP;mov:f.w:@(0x6:8,FP),R0;mov:g.w:@(0x6:8,R0),R1;mov:g.w:@R1,R3;mov:g.w:@(0xe:8,R0),R1;mov:g.w:@R1,R2;mov:f.w:R2,@(-0x4:8,FP);btst.w:0x4,@0xf212:16;bne:#0x00022d39:8;mov:g.w:@0x8a2:16,R0;mulxu.w:0x14,R0;cmp:g.w:@0xef6a:16,R1;bhs:#0x00022dd3:16;and.w:0xff67,R3;mov:f.w:@(0x6:8,FP),R0;mov:g.w:@(0x12:8,R0),R1;mov:f.w:@(-0x4:8,FP),R2;cmp:g.w:@R1,R2;blo:#0x00022d4a:8;bset.w:R3,0x7;mov:f.w:@(-0x4:8,FP),R0;cmp:g.w:@0x898:16,R0;blo:#0x00022d54:8;bset.w:R3,0x4;btst.w:0x4,@0xf212:16;beq:#0x00022d63:8;or.w:0x8020,R3;bset.w:R3,0xe;bra:#0x00022dd3:16;mov:f.w:@(0x6:8,FP),R0;mov:g.w:@(0x8:8,R0),R1;mov:g.w:R3,R2;xor.w:@R1 ,R2;mov:f.w:R2,@(-0x2:8,FP);btst.w:0x4,R2;beq:#0x00022d76:8;bclr.w:0xe,R3;bra:#0x00022d8a:8;mov:f.w:@(0x6:8,FP),R0;mov:g.w:@(0x4:8,R0),R1;btst.w:0xb,@R1;beq:#0x00022d8a:8;mov:g.w:@(0x22:8,R0),R1;tst.w:@R1;bne:#0x00022d95:8;bset.w:R3,0xe;bra:#0x00022d95:8;mov:f.w:@(0x6:8,FP),R0;mov:g.w:@(0x22:8,R0),R1;mov:g.w:@0x8a0:16,R2;mov:g.w:R2,@R1;btst.w:0x7,@(-0x2:8,FP);beq:#0x00022daf:8;mov:g.w:R3,R2;bclr.w:0xf,R2;mov:f.w:@(0x6:8,FP),R0;mov:g.w:@(0x24:8,R0),R1;mov:g.w:@0x8a0:16,R4;mov:g.w:R4,@R1;mov:g.w:R2,R3;bclr.w:0x5,R3;bra:#0x00022dd7:8;mov:f.w:@(0x6:8,FP),R0;mov:g.w:@(0x4:8,R0),R1;btst.w:0xb,@R1;beq:#0x00022dd7:8;mov:g.w:@(0x8:8,R0),R1;btst.w:0xd,@R1;beq:#0x00022dc8:8;mov:g.w:@(0x24:8,R0),R1;mov:g.w:@0x8a0:16,R2;mov:g.w:R2,@R1;mov:f.w:@(0x6:8,FP),R0;mov:g.w:@(0x24:8,R0),R1;tst.w:@R1;bne:#0x00022dd3:8;bset.w:R3,0x5;bclr.w:0xd,R3;bra:#0x00022dd9:8;bset.w:R3,0xd;mov:f.w:@(0x6:8,FP),R0;mov:g.w:@(0x12:8,R0),R1;mov:f.w:@(-0x4:8,FP),R2;cmp:g.w:@R1,R2;blo:#0x00022de8:8;bset.w:R3,0x2;bra:#0x00022dea:8;bclr.w:0x2,R3;mov:f.w:@(0x6:8,FP),R0;mov:g.w:@(0x8:8,R0),R1;mov:g.w:R3,R2;xor.w:@R1 ,R2;btst.w:0x2,R2;beq:#0x00022e19:8;btst.w:0x0,@0xf224:16;beq:#0x00022e0e:8;tst.w:@0xefa8:16;bne:#0x00022e0e:8;mov:g.w:@(0x26:8,R0),R1;mov:g.w:@0x8e0:16,R2;mov:g.w:R2,@R1;bra:#0x00022e19:8;mov:f.w:@(0x6:8,FP),R0;mov:g.w:@(0x26:8,R0),R1;mov:g.w:@0x8e2:16,R2;mov:g.w:R2,@R1;mov:f.w:@(0x6:8,FP),R0;mov:g.w:@(0x26:8,R0),R1;tst.w:@R1;bne:#0x00022e2c:8;btst.w:0x2,R3;beq:#0x00022e2a:8;bset.w:R3,0x6;bra:#0x00022e2c:8;bclr.w:0x6,R3;mov:f.w:@(0x6:8,FP),R0;mov:g.w:@(0x6:8,R0),R1;mov:g.w:R3,@R1;ldm.w:@SP+,(R4 R3 R2 );unlk:FP;prts:;
00022e38,struct_bit11_toggle_from_gate_check,link:FP,#-0x2:8;stm:(R2 R3 ),@-SP;mov:f.w:@(0x6:8,FP),R0;mov:g.w:R0,@-SP;pjsr:@0x22e64:24;add:q.w:#2,SP;mov:f.w:@(0x6:8,FP),R1;mov:g.w:@(0x2:8,R1),R2;mov:f.w:R2,@(-0x2:8,FP);mov:g.w:@R2,R3;tst.w:R0;beq:#0x00022e59:8;bset.w:R3,0xb;mov:g.w:R3,@R2;bra:#0x00022e5f:8;bclr.w:0xb,R3;mov:f.w:@(-0x2:8,FP),R0;mov:g.w:R3,@R0;ldm.w:@SP+,(R3 R2 );unlk:FP;prts:;
00022e64,f21c_bit1_and_struct_bit5_gate_check,link:FP,#-0x2:8;mov:g.w:R2,@-SP;btst.w:0x1,@0xf21c:16;beq:#0x00022ea6:8;mov:f.w:@(0x6:8,FP),R0;mov:g.w:@(0x6:8,R0),R1;btst.w:0x5,@R1;bne:#0x00022ea6:8;btst.w:0x5,@0xf0f8:16;beq:#0x00022e85:8;mov:g.w:@0x8a4:16,R0;mov:f.w:R0,@(-0x2:8,FP);bra:#0x00022e8b:8;mov:g.w:@0x150e:16,R0;mov:f.w:R0,@(-0x2:8,FP);mov:g.w:@0xf10e:16,R0;cmp:g.w:@(-0x2:8,FP),R0;blo:#0x00022ea6:8;mov:f.w:@(0x6:8,FP),R0;mov:g.w:@(0x56:8,R0),R1;mov:g.w:@R1,R2;and.w:0xf0,R2;bne:#0x00022ea6:8;mov:i:#0x1:16,R0;bra:#0x00022ea8:8;clr.w:R0;mov:g.w:@SP+,R2;unlk:FP;prts:;
00022ead,f20e_f210_clear_chain_and_o2_closedloop_gate,stm:(R2 R3 R5 ),@-SP;mov:i:#0xf7ff:16,R5;mov:g.w:@0xf20e:16,R2;mov:g.w:@0xf210:16,R3;btst.w:0x4,R2;beq:#0x00022ec4:8;and.w:0xf472,R2;and.w:R5 ,R3;btst.w:0x8,R2;beq:#0x00022ece:8;and.w:0xf56a,R2;and.w:R5 ,R3;btst.w:0x0,R2;beq:#0x00022ed8:8;and.w:0xf463,R2;and.w:R5 ,R3;btst.w:0x9,R2;beq:#0x00022ee2:8;and.w:0xf66a,R2;and.w:R5 ,R3;btst.w:0x2,R2;beq:#0x00022eec:8;and.w:0xf46e,R2;and.w:R5 ,R3;btst.w:0x1,R2;beq:#0x00022ef6:8;and.w:0xf77f,R2;and.w:R5 ,R3;bset.w:R2,0x5;pjsr:@0x1a15c:24;tst.w:R0;beq:#0x00022f0a:8;and.w:0xf77f,R2;and.w:R5 ,R3;bset.w:@0xf21c:16,0xc;mov:g.w:R2,@0xf20e:16;mov:g.w:R3,@0xf210:16;ldm.w:@SP+,(R5 R3 R2 );prts:;
00022f16,o2_sensor2_threshold_flag_update_f226_bit13,btst.w:0x3,@0xf20e:16;beq:#0x00022f3c:8;tst.w:@0xf022:16;bne:#0x00022f5a:8;tst.b:@0x31d:16;beq:#0x00022f32:8;mov:g.w:@0x147c:16,R0;mov:g.w:R0,@0xf024:16;bra:#0x00022f5a:8;mov:g.w:@0x8a8:16,R0;mov:g.w:R0,@0xf024:16;bra:#0x00022f5a:8;tst.b:@0x31d:16;beq:#0x00022f52:8;btst.w:0x2,@0xf224:16;beq:#0x00022f52:8;mov:g.w:@0x1478:16,R0;mov:g.w:R0,@0xf022:16;bra:#0x00022f5a:8;mov:g.w:@0x8a6:16,R0;mov:g.w:R0,@0xf022:16;tst.b:@0x31d:16;beq:#0x00022f7c:8;tst.w:@0xf024:16;beq:#0x00022f7c:8;tst.w:@0xf01e:16;bne:#0x00022f7c:8;mov:g.w:@0xf122:16,R0;cmp:g.w:@0x147a:16,R0;bhs:#0x00022f7c:8;bset.w:@0xf226:16,0xd;bra:#0x00022f80:8;bclr.w:0xd,@0xf226:16;prts:;
00022f82,f224_bit10_update_from_f20e_check,mov:g.w:@0xf20e:16,R0;and.w:0x11,R0;bne:#0x00022f90:8;bset.w:@0xf224:16,0xa;prts:;
00023000,init_state_block_ee98_80_call_wrapper,pjsr:@0x23006:24;prts:;
00023006,init_state_block_ee98_80,mov:g.w:R2,@-SP;mov:i:#0x80:16,R2;mov:g.w:R2,@0xeeb2:16;mov:g.w:R2,@0xeeb0:16;mov:g.w:R2,@0xeeae:16;mov:g.w:R2,@0xee9c:16;mov:g.w:R2,@0xee9a:16;mov:g.w:R2,@0xee98:16;mov:g.w:@SP+,R2;prts:;
00023027,f2f0_f2f8_ring_and_f27x_f2cc_periodic_init,mov:g.w:@0x956:16,R0;mov:g.w:R0,@0xf2f8:16;mov:g.w:R0,@0xf2f2:16;mov:g.w:R0,@0xf2f0:16;mov:g.w:R0,@0xf2f6:16;mov:g.w:R0,@0xf2f4:16;mov:g.w:#0x10:8,@0xf25a:16;ldc.b:0x1,DP;mov:g.b:@0x31e4:16,R0;extu.b:R0;swap.b:R0;clr.b:R0;ldc.b:0x0,DP;mov:g.w:R0,@0xf278:16;mov:g.w:R0,@0xf276:16;ldc.b:0x1,DP;mov:g.b:@0x31d8:16,R0;extu.b:R0;swap.b:R0;clr.b:R0;ldc.b:0x0,DP;mov:g.w:R0,@0xf27c:16;mov:g.w:R0,@0xf27a:16;ldc.b:0x1,DP;mov:g.b:@0x1df0:16,R0;extu.b:R0;ldc.b:0x0,DP;mulxu.w:@0x800:16,R0;shlr.w:R1;shlr.w:R1;mov:g.w:R1,@0xf2cc:16;prts:;
0002308e,engine_periodic_correction_master_dispatch,pjsr:@0x230c4:24;pjsr:@0x23a9a:24;pjsr:@0x242f5:24;pjsr:@0x243bc:24;pjsr:@0x2463c:24;pjsr:@0x24680:24;pjsr:@0x246ae:24;pjsr:@0x246e0:24;pjsr:@0x2495c:24;pjsr:@0x249f2:24;pjsr:@0x24a8e:24;pjsr:@0x24d3a:24;pjsr:@0x24dee:24;prts:;
000230c4,knock_octane_trim_master_dispatch,pjsr:@0x2311b:24;pjsr:@0x23448:24;pjsr:@0x23523:24;pjsr:@0x2369a:24;pjsr:@0x23755:24;mov:g.w:#0x37a8:16,@-SP;pjsr:@0x237a0:24;add:q.w:#2,SP;mov:g.w:#0x37a8:16,@-SP;pjsr:@0x2392c:24;add:q.w:#2,SP;mov:g.w:#0x4000:16,@-SP;mov:g.w:@0xf2c8:16,R0;shll.w:R0;add:g.w:0x80,R0;mov:g.w:R0,@-SP;mov:g.w:@0xf2a4:16,R0;mulxu.w:@0xf29c:16,R0;mov:g.w:R1,@-SP;pjsr:@0x14219:24;adds.b:0x6,SP;mov:g.w:R0,@-SP;pjsr:@0x1442d:24;add:q.w:#2,SP;mov:g.w:R0,@0xf5be:16;prts:;
0002311b,f25e_gate_chain_dispatch_b,pjsr:@0x23125:24;pjsr:@0x23397:24;prts:;
00023125,f25e_gate_chain_dispatch_a,pjsr:@0x23145:24;pjsr:@0x23179:24;pjsr:@0x231da:24;mov:g.w:#0x37a8:16,@-SP;pjsr:@0x232c3:24;add:q.w:#2,SP;pjsr:@0x23332:24;pjsr:@0x23371:24;prts:;
00023145,f07c_multi_channel_threshold_gate_check,mov:g.w:@0xf17a:16,R0;cmp:g.w:@0xd84:16,R0;bls:#0x0002316d:8;mov:g.w:@0xf186:16,R0;cmp:g.w:@0xd82:16,R0;bls:#0x0002316d:8;mov:g.w:@0xf10e:16,R0;cmp:g.w:@0xd86:16,R0;bls:#0x0002316d:8;mov:g.w:@0xf118:16,R0;cmp:g.w:@0xd88:16,R0;bhi:#0x00023177:8;mov:g.w:@0xd8a:16,R0;shll.w:R0;mov:g.w:R0,@0xf07c:16;prts:;
00023179,f25e_bit10_update_from_f216_gate,btst.w:0x4,@0xf1f2:16;bne:#0x0002318d:8;pjsr:@0x23193:24;tst.w:R0;beq:#0x0002318d:8;bset.w:@0xf25e:16,0xa;bra:#0x00023191:8;bclr.w:0xa,@0xf25e:16;prts:;
00023193,f216_bit5_hysteresis_gate_check,btst.w:0x5,@0xf216:16;beq:#0x000231a9:8;mov:g.w:@0xf18c:16,R0;cmp:g.w:@0x9ce:16,R0;bhi:#0x000231b7:8;bclr.w:0x5,@0xf216:16;bra:#0x000231b7:8;mov:g.w:@0xf18c:16,R0;cmp:g.w:@0x9cc:16,R0;bls:#0x000231b7:8;bset.w:@0xf216:16,0x5;btst.w:0x5,@0xf216:16;bne:#0x000231d6:8;mov:g.w:@0xf216:16,R0;and.w:0x1f,R0;bne:#0x000231d6:8;mov:g.w:@0xf10e:16,R0;cmp:g.w:@0x9ca:16,R0;bls:#0x000231d6:8;mov:i:#0x1:16,R0;bra:#0x000231d8:8;clr.w:R0;prts:;
000231da,f25e_bit11_update_from_f224_gate,btst.w:0x0,@0xf1f4:16;beq:#0x000231ee:8;pjsr:@0x231f4:24;tst.w:R0;beq:#0x000231ee:8;bset.w:@0xf25e:16,0xb;bra:#0x000231f2:8;bclr.w:0xb,@0xf25e:16;prts:;
000231f4,f224_bit11_hysteresis_timer_and_gate_check,link:FP,#-0x2:8;stm:(R2 R3 R5 ),@-SP;mov:g.w:@0xf2b2:16,R2;mov:g.w:#0xd2aa:16,@-SP;mov:g.w:#0x2:8,@-SP;pjsr:@0x14735:24;adds.b:0x4,SP;mov:g.w:#0x1f64:16,@-SP;mov:g.w:#0x1:8,@-SP;pjsr:@0x14656:24;adds.b:0x4,SP;mov:g.w:R0,R3;mov:g.w:#0x1f64:16,@-SP;mov:g.w:#0x1:8,@-SP;pjsr:@0x14656:24;adds.b:0x4,SP;mov:f.w:R0,@(-0x2:8,FP);mov:g.w:@0x9e0:16,R0;mov:g.w:R0,@-SP;mov:g.w:R3,@-SP;pjsr:@0x14036:24;adds.b:0x4,SP;mov:g.w:R0,R5;btst.w:0xb,@0xf224:16;beq:#0x0002324d:8;cmp:g.w:@0xf18c:16,R5;blo:#0x00023257:8;bclr.w:0xb,@0xf224:16;bra:#0x00023257:8;cmp:g.w:@0xf18c:16,R3;bhs:#0x00023257:8;bset.w:@0xf224:16,0xb;btst.w:0xb,@0xf224:16;beq:#0x00023279:8;mov:g.w:@0xf17a:16,R0;cmp:g.w:@0x9e8:16,R0;bhs:#0x00023274:8;tst.w:@0xefb4:16;bne:#0x0002329d:8;add:q.w:#1,R2;cmp:i:#0xff:16,R2;bls:#0x00023297:8;mov:i:#0xff:16,R2;bra:#0x00023297:8;tst.w:@0xefb6:16;bne:#0x00023297:8;tst.w:R2;beq:#0x00023285:8;add:q.w:#-1,R2;mov:g.w:#0x1f64:16,@-SP;mov:g.w:#0x1:8,@-SP;pjsr:@0x14656:24;adds.b:0x4,SP;mov:g.w:R0,@0xefb6:16;mov:f.w:@(-0x2:8,FP),R0;mov:g.w:R0,@0xefb4:16;mov:g.w:R2,@0xf2b2:16;mov:g.w:@0xf10e:16,R0;cmp:g.w:@0x9e2:16,R0;blo:#0x000232bc:8;btst.w:0x1,@0xf20e:16;bne:#0x000232bc:8;btst.w:0xb,@0xf224:16;beq:#0x000232bc:8;mov:i:#0x1:16,R0;bra:#0x000232be:8;clr.w:R0;ldm.w:@SP+,(R5 R3 R2 );unlk:FP;prts:;
000232c3,status_word_bit3_conditional_update_via_table,link:FP,#-0x2:8;mov:g.w:R3,@-SP;mov:f.w:@(0x6:8,FP),R0;mov:g.w:@(0xa:8,R0),R1;mov:g.w:@R1,R3;tst.b:@0x2f5:16;beq:#0x00023324:16;clr.w:@(-0x2:8,FP);btst.w:0x4,@0xf1f2:16;bne:#0x000232f2:8;mov:g.w:@0xd60:16,R0;mulxu.w:0x14,R0;clr.w:R0;cmp:g.w:@0xef6a:16,R1;bhi:#0x000232f0:8;add:q.w:#1,R0;mov:f.w:R0,@(-0x2:8,FP);btst.w:0x4,@0xf20e:16;bne:#0x00023324:8;mov:f.w:@(0x6:8,FP),R0;mov:g.w:@(0x2:8,R0),R1;btst.w:0xb,@R1;bne:#0x00023324:8;tst.w:@(-0x2:8,FP);bne:#0x00023324:8;btst.w:0x0,@0xf20e:16;beq:#0x00023326:8;mov:g.w:@0xf10e:16,R0;cmp:g.w:@0xd58:16,R0;bls:#0x00023324:8;mov:g.w:@0xf118:16,R0;cmp:g.w:@0xd5a:16,R0;bls:#0x00023324:8;bset.w:R3,0x3;bra:#0x00023326:8;bclr.w:0x3,R3;mov:f.w:@(0x6:8,FP),R0;mov:g.w:@(0xa:8,R0),R1;mov:g.w:R3,@R1;mov:g.w:@SP+,R3;unlk:FP;prts:;
00023332,f25e_bit8_update_from_f110_gate,pjsr:@0x23346:24;tst.w:R0;beq:#0x00023340:8;bset.w:@0xf25e:16,0x8;bra:#0x00023344:8;bclr.w:0x8,@0xf25e:16;prts:;
00023346,f110_f17a_threshold_gate_check,mov:g.w:R2,@-SP;mov:g.w:@0x9ee:16,R2;btst.w:0x8,@0xf25e:16;beq:#0x00023356:8;mov:g.w:@0x9f0:16,R2;cmp:g.w:@0xf110:16,R2;bhi:#0x0002336b:8;mov:g.w:@0xf17a:16,R0;cmp:g.w:@0x9ec:16,R0;blo:#0x0002336b:8;mov:i:#0x1:16,R0;bra:#0x0002336d:8;clr.w:R0;mov:g.w:@SP+,R2;prts:;
00023371,f25e_bit14_update_from_f186_f17a_gate,btst.w:0x7,@0xf1f2:16;beq:#0x00023391:8;mov:g.w:@0xf186:16,R0;cmp:g.w:@0xb4c:16,R0;blo:#0x00023391:8;mov:g.w:@0xf17a:16,R0;cmp:g.w:@0xb4a:16,R0;blo:#0x00023391:8;bset.w:@0xf25e:16,0xe;bra:#0x00023395:8;bclr.w:0xe,@0xf25e:16;prts:;
00023397,knock_octane_dual_axis_blend_far_trampoline,pjsr:@0x2339d:24;prts:;
0002339d,knock_octane_dual_axis_table_blend_f2a8,stm:(R2 R3 ),@-SP;pjsr:@0x23424:24;mov:g.w:R0,@0xf0ba:16;mov:g.w:#0xd2e0:16,@-SP;mov:g.w:#0x2:8,@-SP;pjsr:@0x14735:24;adds.b:0x4,SP;mov:g.w:#0xd302:16,@-SP;mov:g.w:#0x2:8,@-SP;pjsr:@0x14735:24;adds.b:0x4,SP;btst.w:0x5,@0xf0f8:16;beq:#0x000233d2:8;mov:g.w:#0xd9ac:16,@-SP;mov:g.w:#0x2:8,@-SP;bra:#0x000233d9:8;mov:g.w:#0xd9cc:16,@-SP;mov:g.w:#0x2:8,@-SP;pjsr:@0x14854:24;adds.b:0x4,SP;mov:g.w:R0,R3;mov:g.w:R3,R2;btst.w:0x7,@0xf1f2:16;beq:#0x0002341c:8;btst.w:0x5,@0xf0f8:16;beq:#0x000233f9:8;mov:g.w:#0xd96c:16,@-SP;mov:g.w:#0x2:8,@-SP;bra:#0x00023400:8;mov:g.w:#0xd98c:16,@-SP;mov:g.w:#0x2:8,@-SP;pjsr:@0x14854:24;adds.b:0x4,SP;mov:g.w:R0,R2;mov:g.w:@0xeec8:16,R0;mov:g.w:R0,@-SP;mov:g.w:R3,@-SP;mov:g.w:R2,@-SP;pjsr:@0x14599:24;adds.b:0x6,SP;mov:g.w:R0,R2;mov:g.w:R2,@0xf2a8:16;ldm.w:@SP+,(R3 R2 );prts:;
00023424,f190_f196_select_by_f1f0_f21c_gate,mov:g.w:R2,@-SP;mov:g.w:@0xf190:16,R2;mov:g.w:@0xf1f0:16,R0;and.w:0x11,R0;bne:#0x00023442:8;btst.w:0x1,@0xf21c:16;beq:#0x00023442:8;mov:g.w:@0xf196:16,R2;mov:g.w:R2,R0;bra:#0x00023444:8;mov:g.w:R2,R0;mov:g.w:@SP+,R2;prts:;
00023448,f28e_f292_knock_lambda_composite_calc,mov:g.w:#0xd218:16,@-SP;mov:g.w:#0x2:8,@-SP;pjsr:@0x14735:24;adds.b:0x4,SP;mov:g.w:#0x1800:16,@-SP;mov:g.w:#0x1:8,@-SP;pjsr:@0x14656:24;adds.b:0x4,SP;add:g.w:@0x818:16,R0;mov:g.w:R0,@0xf292:16;mov:g.w:#0x181a:16,@-SP;mov:g.w:#0x1:8,@-SP;pjsr:@0x14656:24;adds.b:0x4,SP;mov:g.w:R0,@-SP;pjsr:@0x1a00c:24;add:q.w:#2,SP;mov:g.w:R0,@0xf296:16;mov:g.w:@0xf130:16,R0;mov:g.w:R0,@-SP;mov:g.w:#0x1834:16,@-SP;mov:g.w:#0x1:8,@-SP;pjsr:@0x14656:24;adds.b:0x4,SP;mulxu.w:0xcd,R0;mov:g.w:R1,@-SP;pjsr:@0x1412b:24;adds.b:0x4,SP;mov:g.w:R0,@0xf0ba:16;mov:g.w:#0xd248:16,@-SP;mov:g.w:#0x2:8,@-SP;pjsr:@0x14735:24;adds.b:0x4,SP;mov:g.w:#0xd20a:16,@-SP;mov:g.w:#0x2:8,@-SP;pjsr:@0x14735:24;adds.b:0x4,SP;mov:g.w:#0x1840:16,@-SP;mov:g.w:#0x1:8,@-SP;pjsr:@0x14656:24;adds.b:0x4,SP;mov:g.w:R0,@0xf294:16;mov:g.w:#0x4000:16,@-SP;mov:g.w:@0xf294:16,R0;mulxu.w:@0xf296:16,R0;mov:g.w:R1,@-SP;mov:g.w:@0xf292:16,R0;mov:g.w:R0,@-SP;pjsr:@0x14219:24;adds.b:0x6,SP;mov:g.w:R0,@0xf290:16;mov:g.w:#0x18ab:16,@-SP;mov:g.w:#0x1:8,@-SP;pjsr:@0x1481c:24;adds.b:0x4,SP;mov:g.w:#0x400:16,@-SP;mulxu.w:@0x808:16,R0;mov:g.w:R1,@-SP;mov:g.w:@0xf290:16,R0;mov:g.w:R0,@-SP;pjsr:@0x14219:24;adds.b:0x6,SP;mov:g.w:R0,@0xf28e:16;prts:;
00023523,f2a0_f2c6_dual_timer_decay_and_f2c8_blend_dispatch,mov:g.w:@0xf20e:16,R0;and.w:0x11,R0;beq:#0x00023575:8;mov:g.w:#0x1db4:16,@-SP;mov:g.w:#0x1:8,@-SP;pjsr:@0x14656:24;adds.b:0x4,SP;mov:g.w:R0,@0xf2a2:16;mov:g.w:#0x1db4:16,@-SP;mov:g.w:#0x1:8,@-SP;pjsr:@0x14656:24;adds.b:0x4,SP;mov:g.w:R0,@0xf2c0:16;mov:g.w:#0x1db4:16,@-SP;mov:g.w:#0x1:8,@-SP;pjsr:@0x14656:24;adds.b:0x4,SP;mov:g.w:R0,@0xf2c2:16;mov:g.w:#0x1db4:16,@-SP;mov:g.w:#0x1:8,@-SP;pjsr:@0x14656:24;adds.b:0x4,SP;mov:g.w:R0,@0xf2c4:16;btst.w:0x4,@0xf20e:16;beq:#0x00023585:8;clr.w:@0xf2a0:16;clr.w:@0xf2c6:16;bra:#0x000235af:8;btst.w:0x0,@0xf20e:16;beq:#0x000235af:8;mov:g.w:#0x1da6:16,@-SP;mov:g.w:#0x1:8,@-SP;pjsr:@0x14656:24;adds.b:0x4,SP;mov:g.w:R0,@0xf2a0:16;mov:g.w:#0x1da6:16,@-SP;mov:g.w:#0x1:8,@-SP;pjsr:@0x14656:24;adds.b:0x4,SP;mov:g.w:R0,@0xf2c6:16;tst.w:@0xf2a0:16;beq:#0x000235c3:8;tst.w:@0xefba:16;bne:#0x000235c3:8;add:q.w:#-1,@0xf2a0:16;pjsr:@0x23606:24;tst.w:@0xf2c6:16;beq:#0x000235d7:8;tst.w:@0xefbc:16;bne:#0x000235d7:8;add:q.w:#-1,@0xf2c6:16;pjsr:@0x23660:24;tst.b:@0x309:16;beq:#0x000235fc:8;mov:g.w:@0xf2bc:16,R0;mov:g.w:R0,@-SP;mov:g.w:@0xf2c6:16,R0;mov:g.w:R0,@-SP;mov:g.w:@0xf2a0:16,R0;mov:g.w:R0,@-SP;pjsr:@0x14599:24;adds.b:0x6,SP;mov:g.w:R0,@0xf2c8:16;bra:#0x00023604:8;mov:g.w:@0xf2a0:16,R0;mov:g.w:R0,@0xf2c8:16;prts:;
00023606,efba_timer_target_select_from_f2a0_thresholds,mov:g.w:R2,@-SP;mov:g.w:@0xf2a2:16,R2;tst.b:@0x309:16;beq:#0x0002363c:8;mov:g.w:@0xf2a0:16,R0;cmp:g.w:@0x83a:16,R0;bls:#0x0002362c:8;mov:g.w:@0x842:16,R2;mov:g.w:@0xf10e:16,R0;cmp:g.w:@0x846:16,R0;bhi:#0x00023658:8;bra:#0x00023654:8;mov:g.w:@0xf2a0:16,R0;cmp:g.w:@0x83c:16,R0;bls:#0x00023658:8;mov:g.w:@0xf2c2:16,R2;bra:#0x00023658:8;mov:g.w:@0xf2a0:16,R0;cmp:g.w:@0x83c:16,R0;bls:#0x00023658:8;mov:g.w:@0x842:16,R2;mov:g.w:@0xf10e:16,R0;cmp:g.w:@0x846:16,R0;bhi:#0x00023658:8;mov:g.w:@0x844:16,R2;mov:g.w:R2,@0xefba:16;mov:g.w:@SP+,R2;prts:;
00023660,efbc_timer_target_select_from_f2c6_thresholds,mov:g.w:R2,@-SP;mov:g.w:@0xf2c0:16,R2;mov:g.w:@0xf2c6:16,R0;cmp:g.w:@0x848:16,R0;bls:#0x00023684:8;mov:g.w:@0x84c:16,R2;mov:g.w:@0xf10e:16,R0;cmp:g.w:@0x850:16,R0;bhi:#0x00023692:8;mov:g.w:@0x84e:16,R2;bra:#0x00023692:8;mov:g.w:@0xf2c6:16,R0;cmp:g.w:@0x84a:16,R0;bls:#0x00023692:8;mov:g.w:@0xf2c4:16,R2;mov:g.w:R2,@0xefbc:16;mov:g.w:@SP+,R2;prts:;
0002369a,f2b6_knock_retard_state_select,stm:(R2 R3 ),@-SP;mov:i:#0x80:16,R3;tst.b:@0x2ce:16;beq:#0x0002374d:16;mov:g.w:@0xf20e:16,R0;and.w:0x11,R0;beq:#0x000236c8:8;stc.w:SR,@-SP;orc.w:0x700,SR;andc.w:0xfeff,SR;ldc.b:0x0,DP;clr.w:@0xf29e:16;ldc.w:@SP+ ,SR;ldc.b:0x0,DP;bra:#0x0002371b:8;btst.w:0x2,@0xf20e:16;beq:#0x0002371b:8;mov:g.w:@0xf10e:16,R0;cmp:g.w:@0x9da:16,R0;bls:#0x000236e2:8;mov:g.w:@0xf17a:16,R0;cmp:g.w:@0x9de:16,R0;blo:#0x000236fa:8;stc.w:SR,@-SP;orc.w:0x700,SR;andc.w:0xfeff,SR;ldc.b:0x0,DP;clr.w:@0xf29e:16;ldc.w:@SP+ ,SR;ldc.b:0x0,DP;bra:#0x0002371b:8;mov:g.w:@0xf174:16,R0;cmp:g.w:@0x9d8:16,R0;bls:#0x0002371b:8;stc.w:SR,@-SP;orc.w:0x700,SR;andc.w:0xfeff,SR;ldc.b:0x0,DP;mov:g.w:#0x8:8,@0xf29e:16;ldc.w:@SP+ ,SR;ldc.b:0x0,DP;btst.w:0x2,@0xf20e:16;bne:#0x0002374d:8;btst.w:0x7,@0xf0f8:16;beq:#0x0002374d:8;btst.w:0x4,@0xf0f8:16;bne:#0x0002374d:8;mov:g.w:@0xf29e:16,R2;tst.w:@0xf29e:16;beq:#0x0002374d:8;mov:i:#0x8:16,R3;cmp:i:#0x8:16,R2;bhs:#0x00023741:8;mov:g.w:R2,R3;ldc.b:0x1,DP;mov:g.b:@(0x1f08:16,R3),R3;extu.b:R3;ldc.b:0x0,DP;mov:g.w:R3,@0xf2b6:16;ldm.w:@SP+,(R3 R2 );prts:;
00023755,f2ca_table_override_from_f114_gate,mov:g.w:R2,@-SP;mov:i:#0x80:16,R2;tst.b:@0x31e:16;beq:#0x00023798:8;mov:g.w:@0xf20e:16,R0;and.w:0x11,R0;bne:#0x00023798:8;mov:g.w:@0xf114:16,R0;cmp:g.w:@0x1482:16,R0;blo:#0x00023798:8;btst.w:0x3,@0xf1fe:16;bne:#0x00023798:8;mov:g.w:#0xd192:16,@-SP;mov:g.w:#0x2:8,@-SP;pjsr:@0x14735:24;adds.b:0x4,SP;mov:g.w:#0x1d86:16,@-SP;mov:g.w:#0x1:8,@-SP;pjsr:@0x14656:24;adds.b:0x4,SP;mov:g.w:R0,R2;mov:g.w:R2,@0xf2ca:16;mov:g.w:@SP+,R2;prts:;
000237a0,o2_closed_loop_fuel_trim_compute,link:FP,#0x0:8;stm:(R2 R3 ),@-SP;mov:f.w:@(0x6:8,FP),R0;mov:g.w:@(0x2:8,R0),R1;btst.w:0xb,@R1;beq:#0x000237b3:8;mov:i:#0x80:16,R3;bra:#0x000238c4:16;btst.w:0xa,@0xf25e:16;beq:#0x000237ef:8;mov:g.w:@0xf11e:16,R2;cmp:g.w:@0x9d6:16,R2;bhs:#0x000237c6:8;mov:i:#0x80:16,R2;mov:g.w:@0x9d4:16,R0;mov:g.w:R0,@-SP;mov:g.w:@0x9d2:16,R0;mov:g.w:R0,@-SP;mov:g.w:R2,@-SP;pjsr:@0x1444c:24;adds.b:0x6,SP;shlr.w:R0;shlr.w:R0;add:g.w:@0x9d0:16,R0;mov:g.w:R0,@-SP;pjsr:@0x1442d:24;add:q.w:#2,SP;mov:g.w:R0,R3;bra:#0x00023841:8;mov:g.w:@0xf2a8:16,R3;btst.w:0xe,@0xf25e:16;beq:#0x00023824:8;pjsr:@0x1a1cc:24;tst.w:R0;bne:#0x00023824:8;mov:g.w:@0xb46:16,R0;mov:g.w:R0,@-SP;mov:g.w:@0xf3a2:16,R0;mov:g.w:R0,@-SP;pjsr:@0x14036:24;adds.b:0x4,SP;mulxu.w:@0xb48:16,R0;mov:g.w:R1,@-SP;pjsr:@0x144b4:24;add:q.w:#2,SP;add:g.w:R3,R0;mov:g.w:R0,R3;tst.b:@0x2cf:16;beq:#0x00023841:8;tst.w:@0xf07c:16;bne:#0x00023841:8;mov:g.w:@0xd8c:16,R0;mov:g.w:R0,@-SP;mov:g.w:R3,@-SP;pjsr:@0x142f3:24;adds.b:0x4,SP;mov:g.w:R0,R3;btst.w:0x1,@0xf226:16;beq:#0x00023857:8;mov:g.w:R3,R0;add:g.w:@0xa7a:16,R0;mov:g.w:R0,@-SP;pjsr:@0x1442d:24;add:q.w:#2,SP;mov:g.w:R0,R3;cmp:g.w:@0xa9e:16,R3;blo:#0x00023861:8;mov:g.w:@0xa9e:16,R3;btst.w:0xb,@0xf25e:16;beq:#0x00023871:8;mov:g.w:R3,@-SP;pjsr:@0x238d8:24;add:q.w:#2,SP;mov:g.w:R0,R3;btst.w:0x8,@0xf25e:16;beq:#0x00023881:8;cmp:g.w:@0x9ea:16,R3;bhs:#0x00023881:8;mov:g.w:@0x9ea:16,R3;mov:f.w:@(0x6:8,FP),R0;mov:g.w:@(0xa:8,R0),R1;btst.w:0x3,@R1;beq:#0x000238c4:8;mov:g.w:@0xd60:16,R0;mulxu.w:0x14,R0;mov:g.w:R1,R0;shll.w:R0;shll.w:R0;mov:g.w:R0,@-SP;mov:g.w:@0xd5c:16,R0;mov:g.w:R0,@-SP;mov:g.w:@0xef6a:16,R0;mov:g.w:R0,@-SP;mov:g.w:R1,@-SP;pjsr:@0x14036:24;adds.b:0x4,SP;mov:g.w:R0,@-SP;pjsr:@0x14219:24;adds.b:0x6,SP;mov:g.w:R0,R2;add:g.w:0x80,R2;cmp:g.w:R3,R2;blo:#0x000238c4:8;mov:g.w:R2,R3;mov:g.w:R3,@-SP;pjsr:@0x1a042:24;add:q.w:#2,SP;mov:f.w:@(0x6:8,FP),R1;mov:g.w:@(0x28:8,R1),R2;mov:g.w:R0,@R2;ldm.w:@SP+,(R3 R2 );unlk:FP;prts:;
000238d8,f0ba_f2b2_threshold_blend_calc,link:FP,#0x0:8;stm:(R2 R3 ),@-SP;mov:f.w:@(0x6:8,FP),R3;mov:g.w:@0x9e6:16,R2;mov:g.w:@0xf17a:16,R0;cmp:g.w:@0x9e4:16,R0;blo:#0x0002390e:8;mov:g.w:R3,@0xf0ba:16;mov:g.w:#0xd2cc:16,@-SP;mov:g.w:#0x2:8,@-SP;pjsr:@0x14735:24;adds.b:0x4,SP;mov:g.w:#0x1f68:16,@-SP;mov:g.w:#0x1:8,@-SP;pjsr:@0x14656:24;adds.b:0x4,SP;mov:g.w:R0,R2;cmp:g.w:R2,R3;blo:#0x00023925:8;mov:g.w:@0xf2b2:16,R0;mov:g.w:R0,@-SP;mov:g.w:R2,@-SP;mov:g.w:R3,@-SP;pjsr:@0x14599:24;adds.b:0x6,SP;bra:#0x00023927:8;mov:g.w:R3,R0;ldm.w:@SP+,(R3 R2 );unlk:FP;prts:;
0002392c,f266_knock_octane_composite_trim_compute,link:FP,#-0x4:8;stm:(R2 R3 ),@-SP;mov:i:#0x80:16,R3;mov:g.w:@0xf28e:16,R0;mov:g.w:R0,@-SP;pjsr:@0x144d1:24;add:q.w:#2,SP;mov:f.w:R0,@(-0x4:8,FP);mov:f.w:R1,@(-0x2:8,FP);mov:g.w:@0xf29a:16,R0;mov:g.w:#0x4000:16,@-SP;mulxu.w:@0xf298:16,R0;mov:g.w:R1,@-SP;mov:f.w:@(-0x2:8,FP),R0;mov:g.w:R0,@-SP;mov:f.w:@(-0x4:8,FP),R1;mov:g.w:R1,@-SP;pjsr:@0x141dc:24;adds.b:0x8,SP;mov:f.w:R0,@(-0x4:8,FP);mov:f.w:R1,@(-0x2:8,FP);tst.b:@0x31e:16;bne:#0x0002399c:8;mov:g.w:#0x4000:16,@-SP;mov:g.w:@0xf2b6:16,R0;mov:i:#0x6:16,R1;shll.w:R0;scb/eq:R1,0x00023975;mov:g.w:R0,@-SP;mov:f.w:@(-0x2:8,FP),R0;mov:g.w:R0,@-SP;mov:f.w:@(-0x4:8,FP),R1;mov:g.w:R1,@-SP;pjsr:@0x141dc:24;adds.b:0x8,SP;mov:f.w:R0,@(-0x4:8,FP);mov:f.w:R1,@(-0x2:8,FP);mov:g.w:@0xf2c8:16,R0;shll.w:R0;add:g.w:R3,R0;mov:g.w:R0,@-SP;bra:#0x00023a0b:16;mov:g.w:@0xf2b6:16,R0;mov:g.w:R0,@-SP;mov:f.w:@(-0x2:8,FP),R0;mov:g.w:R0,@-SP;mov:f.w:@(-0x4:8,FP),R1;mov:g.w:R1,@-SP;pjsr:@0x142b4:24;adds.b:0x6,SP;mov:f.w:R0,@(-0x4:8,FP);mov:f.w:R1,@(-0x2:8,FP);mov:g.w:#0x4000:16,@-SP;mov:g.w:@0xf2c8:16,R0;shll.w:R0;add:g.w:R3,R0;mov:g.w:R0,@-SP;mov:g.w:@0xf29c:16,R0;mulxu.w:@0xf2ca:16,R0;mov:g.w:R1,@-SP;pjsr:@0x14219:24;adds.b:0x6,SP;cmp:g.w:R3,R0;bhi:#0x000239e4:8;mov:g.w:@0xf29c:16,R0;mov:g.w:R0,@-SP;mov:g.w:R3,@-SP;mov:g.w:R3,@-SP;bra:#0x00023a00:8;mov:g.w:#0x4000:16,@-SP;mov:g.w:@0xf2c8:16,R0;shll.w:R0;add:g.w:R3,R0;mov:g.w:R0,@-SP;mov:g.w:@0xf2ca:16,R0;mov:i:#0x6:16,R1;shll.w:R0;scb/eq:R1,0x000239f9;mov:g.w:R0,@-SP;pjsr:@0x14219:24;adds.b:0x6,SP;mov:g.w:R0,R2;mov:g.w:R2,@-SP;mov:f.w:@(-0x2:8,FP),R0;mov:g.w:R0,@-SP;mov:f.w:@(-0x4:8,FP),R1;mov:g.w:R1,@-SP;pjsr:@0x142b4:24;adds.b:0x6,SP;mov:f.w:R0,@(-0x4:8,FP);mov:f.w:R1,@(-0x2:8,FP);tst.b:@0x309:16;beq:#0x00023a3b:8;mov:g.w:@0xf2be:16,R0;mov:g.w:R0,@-SP;mov:g.w:R1,@-SP;mov:f.w:@(-0x4:8,FP),R0;mov:g.w:R0,@-SP;pjsr:@0x142b4:24;adds.b:0x6,SP;mov:f.w:R0,@(-0x4:8,FP);mov:f.w:R1,@(-0x2:8,FP);tst.b:@0x30a:16;beq:#0x00023a6b:8;mov:g.w:#0x200:16,@-SP;mov:g.w:#0x180:16,@-SP;mov:g.w:@0xf482:16,R0;mov:g.w:R0,@-SP;pjsr:@0x14000:24;adds.b:0x4,SP;mov:g.w:R0,@-SP;mov:f.w:@(-0x2:8,FP),R0;mov:g.w:R0,@-SP;mov:f.w:@(-0x4:8,FP),R1;mov:g.w:R1,@-SP;pjsr:@0x141dc:24;adds.b:0x8,SP;mov:f.w:R0,@(-0x4:8,FP);mov:f.w:R1,@(-0x2:8,FP);mov:f.w:@(0x6:8,FP),R0;mov:g.w:@(0x28:8,R0),R1;mov:g.w:@R1,R2;mov:g.w:R2,@-SP;mov:f.w:@(-0x2:8,FP),R2;mov:g.w:R2,@-SP;mov:f.w:@(-0x4:8,FP),R3;mov:g.w:R3,@-SP;pjsr:@0x142b4:24;adds.b:0x6,SP;mov:g.w:R1,@-SP;mov:g.w:R0,@-SP;pjsr:@0x144ef:24;adds.b:0x4,SP;mov:f.w:@(0x6:8,FP),R1;mov:g.w:@(0x2a:8,R1),R2;mov:g.w:R0,@R2;ldm.w:@SP+,(R3 R2 );unlk:FP;prts:;
00023a9a,knock_octane_secondary_dispatch,pjsr:@0x23aaa:24;mov:g.w:#0x37a8:16,@-SP;pjsr:@0x23e60:24;add:q.w:#2,SP;prts:;
00023aaa,knock_octane_secondary_dispatch_sub,pjsr:@0x23abe:24;pjsr:@0x23c4a:24;tst.b:@0x2c1:16;beq:#0x00023abc:8;pjsr:@0x23d4f:24;prts:;
00023abe,octane_trim_f262_f264_table_select,link:FP,#-0x4:8;stm:(R2 R3 R4 ),@-SP;mov:i:#0x18:16,R3;mov:g.w:@0xf216:16,R0;and.w:0x1f,R0;beq:#0x00023ad7:8;mov:g.w:@0x8d2:16,R0;mov:g.w:R0,@0xefb0:16;tst.b:@0x31d:16;bne:#0x00023ae3:8;tst.w:@0xf024:16;bne:#0x00023aef:8;tst.b:@0x31d:16;beq:#0x00023b0b:8;btst.w:0xd,@0xf226:16;beq:#0x00023b0b:8;ldc.b:0x1,DP;mov:g.b:@0x1d5c:16,R0;extu.b:R0;mov:f.w:R0,@(-0x2:8,FP);ldc.b:0x1,DP;mov:g.b:@0x1d5d:16,R0;extu.b:R0;mov:f.w:R0,@(-0x4:8,FP);ldc.b:0x0,DP;bra:#0x00023be4:16;tst.w:@0xefb0:16;bne:#0x00023b62:8;ldc.b:0x1,DP;mov:g.b:@0x1d5e:16,R0;extu.b:R0;mov:f.w:R0,@(-0x2:8,FP);ldc.b:0x1,DP;mov:g.b:@0x1d5f:16,R0;extu.b:R0;mov:f.w:R0,@(-0x4:8,FP);ldc.b:0x0,DP;tst.b:@0x31e:16;beq:#0x00023b53:8;mov:g.w:@0xf10e:16,R0;cmp:g.w:@0x1422:16,R0;bhs:#0x00023b53:8;ldc.b:0x1,DP;mov:g.b:@0x321a:16,R0;extu.b:R0;mov:f.w:R0,@(-0x2:8,FP);ldc.b:0x1,DP;mov:g.b:@0x321b:16,R0;extu.b:R0;mov:f.w:R0,@(-0x4:8,FP);ldc.b:0x0,DP;clr.w:R3;btst.w:0x5,@0xf0f8:16;bne:#0x00023be4:16;mov:i:#0xc:16,R3;bra:#0x00023be4:16;pjsr:@0x23bf9:24;mov:g.w:R0,R3;mov:g.w:#0xdaac:16,@-SP;mov:g.w:#0x2:8,@-SP;pjsr:@0x14880:24;adds.b:0x4,SP;mov:g.w:R3,R2;ldc.b:R0 ,EP;mov:g.w:R1,R4;adds.w:R2,R4;mov:g.b:@R4,R0;extu.b:R0;mov:f.w:R0,@(-0x2:8,FP);mov:g.w:#0xdacc:16,@-SP;mov:g.w:#0x2:8,@-SP;pjsr:@0x14880:24;adds.b:0x4,SP;ldc.b:R0 ,EP;mov:g.w:R1,R4;adds.w:R2,R4;mov:g.b:@R4,R0;extu.b:R0;mov:f.w:R0,@(-0x4:8,FP);tst.b:@0x309:16;beq:#0x00023be2:8;mov:g.w:@0xf10e:16,R0;cmp:g.w:@0x1420:16,R0;bhs:#0x00023be2:8;mov:g.w:#0xdaac:16,@-SP;mov:g.w:#0x2:8,@-SP;pjsr:@0x14880:24;adds.b:0x4,SP;ldc.b:R0 ,EP;mov:g.w:R1,R4;adds.w:R2,R4;mov:g.b:@R4,R0;extu.b:R0;mov:f.w:R0,@(-0x2:8,FP);mov:g.w:#0xdacc:16,@-SP;mov:g.w:#0x2:8,@-SP;pjsr:@0x14880:24;adds.b:0x4,SP;ldc.b:R0 ,EP;mov:g.w:R1,R4;adds.w:R2,R4;mov:g.b:@R4,R0;extu.b:R0;mov:f.w:R0,@(-0x4:8,FP);shll.w:R3;mov:f.w:@(-0x2:8,FP),R0;mov:g.w:R0,@0xf262:16;mov:f.w:@(-0x4:8,FP),R0;mov:g.w:R0,@0xf264:16;mov:g.w:R3,@0xf5bc:16;ldm.w:@SP+,(R4 R3 R2 );unlk:FP;prts:;
00023bf9,calc_staged_index_f0f8,link:FP,#-0x2:8;stm:(R2 R3 R5 ),@-SP;clr.w:R2;mov:g.w:@0x8b8:16,R0;mov:f.w:R0,@(-0x2:8,FP);mov:g.w:@0x8ba:16,R5;mov:g.w:@0x8bc:16,R3;btst.w:0x5,@0xf0f8:16;bne:#0x00023c24:8;mov:g.w:@0x8be:16,R0;mov:f.w:R0,@(-0x2:8,FP);mov:g.w:@0x8c0:16,R5;mov:g.w:@0x8c2:16,R3;mov:i:#0x6:16,R2;mov:g.w:@0xf18c:16,R0;cmp:g.w:@(-0x2:8,FP),R0;blo:#0x00023c2f:8;add:q.w:#1,R2;cmp:g.w:@0xf17a:16,R5;bhi:#0x00023c43:8;add:q.w:#2,R2;cmp:g.w:@0xf17a:16,R3;bhi:#0x00023c43:8;add:q.w:#2,R2;mov:g.w:R2,R0;bra:#0x00023c45:8;mov:g.w:R2,R0;ldm.w:@SP+,(R5 R3 R2 );unlk:FP;prts:;
00023c4a,knock_octane_trim_gate_dispatch,pjsr:@0x23c5c:24;tst.w:R0;beq:#0x00023c5a:8;mov:g.w:@0x90a:16,R0;mov:g.w:R0,@0xefae:16;prts:;
00023c5c,knock_octane_trim_gate_condition_check,mov:g.w:R2,@-SP;mov:g.w:@0xf20e:16,R2;and.w:0x80,R2;mov:g.w:@0xf218:16,R0;shlr.w:R0;shlr.w:R0;shlr.w:R0;shlr.w:R0;xor.w:@0xf218:16,R0;and.w:0xf,R0;bne:#0x00023d44:16;tst.w:R2;beq:#0x00023d44:16;mov:g.w:@0xf1fe:16,R0;and.w:0x17,R0;bne:#0x00023d44:16;btst.w:0xe,@0xf21c:16;bne:#0x00023d44:16;mov:g.w:@0xf10e:16,R0;cmp:g.w:@0x8fa:16,R0;blo:#0x00023d44:16;mov:g.w:@0xf118:16,R0;cmp:g.w:@0x8fc:16,R0;bhs:#0x00023d44:16;mov:g.w:@0xf188:16,R0;cmp:g.w:@0x902:16,R0;blo:#0x00023d44:16;mov:g.w:@0xf130:16,R0;cmp:g.w:@0x900:16,R0;blo:#0x00023d44:16;mov:g.w:@0xf130:16,R0;cmp:g.w:@0x8fe:16,R0;bhs:#0x00023d44:16;mov:g.w:@0xf216:16,R0;and.w:0x700,R0;bne:#0x00023d44:16;tst.w:@0xf034:16;bne:#0x00023d44:16;tst.b:@0x2c1:16;bne:#0x00023cfa:8;btst.w:0x5,@0xf1f2:16;beq:#0x00023cfa:8;
00023d4f,knock_octane_trim_ramp_update,mov:g.w:R0,R2;cmp:g.w:@0x924:16,R2;blo:#0x00023da4:8;mov:g.w:@0x924:16,R2;add:g.w:@0xee9a:16,R2;mov:g.w:R2,@-SP;pjsr:@0x1442d:24;add:q.w:#2,SP;mov:g.w:R0,@0xee9a:16;bra:#0x00023e5c:16;mov:g.w:@0xee9a:16,R0;sub.w:@0xee98:16,R0;mulxu.w:@0x922:16,R0;mov:g.w:R1,@-SP;pjsr:@0x144b4:24;add:q.w:#2,SP;mov:g.w:R0,R2;cmp:g.w:@0x926:16,R2;blo:#0x00023dd7:8;mov:g.w:@0x926:16,R2;mov:g.w:R2,@-SP;mov:g.w:@0xee9a:16,R0;mov:g.w:R0,@-SP;pjsr:@0x14036:24;adds.b:0x4,SP;mov:g.w:R0,@0xee9a:16;bra:#0x00023e5c:16;mov:g.w:@0xee9a:16,R0;cmp:g.w:@0xee98:16,R0;blo:#0x00023e29:8;mov:g.w:@0xee9a:16,R0;sub.w:@0xee98:16,R0;mulxu.w:@0x91c:16,R0;mov:g.w:R1,@-SP;pjsr:@0x144b4:24;add:q.w:#2,SP;mov:g.w:R0,R2;cmp:g.w:@0x91e:16,R2;blo:#0x00023e17:8;mov:g.w:@0x91e:16,R2;add:g.w:@0xee98:16,R2;mov:g.w:R2,@-SP;pjsr:@0x1442d:24;add:q.w:#2,SP;mov:g.w:R0,@0xee98:16;bra:#0x00023e5c:8;mov:g.w:@0xee98:16,R0;sub.w:@0xee9a:16,R0;mulxu.w:@0x91c:16,R0;mov:g.w:R1,@-SP;pjsr:@0x144b4:24;add:q.w:#2,SP;mov:g.w:R0,R2;cmp:g.w:@0x920:16,R2;blo:#0x00023e49:8;mov:g.w:@0x920:16,R2;mov:g.w:R2,@-SP;mov:g.w:@0xee98:16,R0;mov:g.w:R0,@-SP;pjsr:@0x14036:24;adds.b:0x4,SP;mov:g.w:R0,@0xee98:16;mov:g.w:@SP+,R2;prts:;
00023e60,status_word_table_subdispatch_group_a,link:FP,#0x0:8;mov:g.w:R2,@-SP;mov:f.w:@(0x6:8,FP),R2;mov:g.w:R2,@-SP;pjsr:@0x23e8b:24;add:q.w:#2,SP;mov:g.w:R2,@-SP;pjsr:@0x23ed7:24;add:q.w:#2,SP;mov:g.w:R2,@-SP;pjsr:@0x24044:24;add:q.w:#2,SP;mov:g.w:R2,@-SP;pjsr:@0x2415b:24;add:q.w:#2,SP;mov:g.w:@SP+,R2;unlk:FP;prts:;
00023e8b,f276_f27a_dual_channel_compute_via_table,link:FP,#-0x2:8;stm:(R2 R3 ),@-SP;mov:g.w:#0x31e0:16,@-SP;mov:g.w:#0x1:8,@-SP;pjsr:@0x14656:24;adds.b:0x4,SP;mov:f.w:R0,@(-0x2:8,FP);mov:g.w:#0x31d4:16,@-SP;mov:g.w:#0x1:8,@-SP;pjsr:@0x14656:24;adds.b:0x4,SP;mov:g.w:R0,R3;mov:f.w:@(0x6:8,FP),R0;mov:g.w:@(0x6:8,R0),R1;btst.w:0xe,@R1;beq:#0x00023ebc:8;mov:g.w:@0x8c4:16,R3;mov:f.w:@(-0x2:8,FP),R2;swap.b:R2;clr.b:R2;mov:f.w:@(0x6:8,FP),R0;mov:g.w:@(0x40:8,R0),R1;mov:g.w:R2,@R1;swap.b:R3;clr.b:R3;mov:g.w:@(0x42:8,R0),R1;mov:g.w:R3,@R1;ldm.w:@SP+,(R3 R2 );unlk:FP;prts:;
00023ed7,f26e_o2_closed_loop_output_blend_via_table,link:FP,#-0x8:8;stm:(R2 R3 ),@-SP;mov:f.w:@(0x6:8,FP),R3;mov:g.w:@(0x30:8,R3),R3;mov:f.w:@(0x6:8,FP),R0;mov:g.w:@(0x32:8,R0),R1;mov:f.w:R1,@(-0x6:8,FP);pjsr:@0x1a15c:24;tst.w:R0;bne:#0x00023f15:8;mov:f.w:@(0x6:8,FP),R0;mov:g.w:R0,@-SP;pjsr:@0x23fc7:24;add:q.w:#2,SP;mov:g.w:R0,R2;cmp:i:#0x2:16,R2;bne:#0x00023f10:8;mov:g.w:@0x8c8:16,R0;swap.b:R0;clr.b:R0;add:g.w:0x80,R0;mov:g.w:R0,@R3;bra:#0x00023f43:8;cmp:i:#0x4:16,R2;bne:#0x00023f1b:8;mov:g.w:#0x8080:16,@R3;bra:#0x00023f43:8;cmp:i:#0x8:16,R2;bne:#0x00023f30:8;mov:g.w:@0x8c6:16,R0;swap.b:R0;clr.b:R0;add:g.w:0x80,R0;mov:g.w:R0,@R3;bra:#0x00023f43:8;cmp:i:#0x10:16,R2;bne:#0x00023f43:8;mov:g.w:@0x8ca:16,R0;swap.b:R0;clr.b:R0;add:g.w:0x80,R0;mov:g.w:R0,@R3;mov:f.w:@(0x6:8,FP),R0;mov:g.w:@(0x2:8,R0),R1;btst.w:0xb,@R1;beq:#0x00023f62:8;mov:g.w:@(0x4:8,R0),R1;btst.w:0xb,@R1;bne:#0x00023f59:8;mov:f.w:@(-0x6:8,FP),R0;mov:g.w:@R0,R1;mov:g.w:R1,@R3;mov:f.w:@(-0x6:8,FP),R0;mov:g.w:@R3,R1;mov:g.w:R1,@R0;bra:#0x00023fc2:16;clr.w:@(-0x8:8,FP);mov:i:#0x8080:16,R3;btst.w:0x4,@0xf20e:16;bne:#0x00023fb6:8;tst.b:@0x2cb:16;beq:#0x00023f7a:8;tst.w:@0xefa6:16;bne:#0x00023fb0:8;mov:f.w:@(0x6:8,FP),R0;mov:g.w:@(0xa:8,R0),R1;btst.w:0x3,@R1;beq:#0x00023fa4:8;mov:g.w:@(0x40:8,R0),R1;mov:g.w:@R1,R2;mov:f.w:R2,@(-0x2:8,FP);mov:g.w:@0xd5e:16,R1;swap.b:R1;clr.b:R1;add:g.w:0x80,R1;mov:f.w:R1,@(-0x4:8,FP);cmp:g.w:R1,R2;bhs:#0x00023fa0:8;mov:g.w:R2,R3;bra:#0x00023fb9:8;mov:f.w:@(-0x4:8,FP),R3;bra:#0x00023fb9:8;btst.w:0x0,@0xf1f0:16;beq:#0x00023fb6:8;btst.w:0x7,@0xf216:16;bne:#0x00023fb6:8;mov:g.w:#0x1:8,@(-0x8:8,FP);bra:#0x00023fb9:8;mov:i:#0x8080:16,R3;tst.w:@(-0x8:8,FP);bne:#0x00023fc2:8;mov:f.w:@(-0x6:8,FP),R0;mov:g.w:R3,@R0;ldm.w:@SP+,(R3 R2 );unlk:FP;prts:;
00023fc7,o2_closed_loop_mode_selector_via_table,link:FP,#-0x2:8;mov:g.w:R2,@-SP;mov:f.w:@(0x6:8,FP),R0;mov:g.w:@(0x2:8,R0),R1;btst.w:0xb,@R1;beq:#0x00023fda:8;mov:i:#0x1:16,R0;bra:#0x0002403f:16;btst.w:0x5,@0xf0f8:16;beq:#0x00023fe8:8;mov:g.w:@0x8a4:16,R0;mov:f.w:R0,@(-0x2:8,FP);bra:#0x00023fee:8;mov:g.w:@0x150e:16,R0;mov:f.w:R0,@(-0x2:8,FP);mov:g.w:@0xf10e:16,R0;cmp:g.w:@(-0x2:8,FP),R0;bls:#0x00024028:8;btst.w:0xc,@0xf21c:16;bne:#0x00024028:8;mov:f.w:@(0x6:8,FP),R0;mov:g.w:@(0x6:8,R0),R1;btst.w:0xf,@R1;bne:#0x00024028:8;btst.w:0x3,@0xf43e:16;bne:#0x00024028:8;mov:g.w:@(0x56:8,R0),R1;mov:g.w:@R1,R2;and.w:0xf0,R2;bne:#0x00024028:8;btst.w:0x7,@0xf216:16;beq:#0x00024022:8;mov:i:#0x8:16,R0;bra:#0x0002403f:8;btst.w:0xf,@0xf216:16;bne:#0x0002402d:8;mov:i:#0x4:16,R0;bra:#0x0002403f:8;mov:g.w:@0xf10e:16,R0;cmp:g.w:@0x8cc:16,R0;bhs:#0x0002403c:8;mov:i:#0x10:16,R0;bra:#0x0002403f:8;mov:i:#0x2:16,R0;mov:g.w:@SP+,R2;unlk:FP;prts:;
00024044,f286_knock_octane_secondary_trim_compute_via_table,link:FP,#-0x8:8;stm:(R3 R4 ),@-SP;mov:f.w:@(0x6:8,FP),R0;mov:g.w:@(0x2:8,R0),R1;btst.w:0xb,@R1;bne:#0x00024057:8;mov:i:#0x80:16,R3;bra:#0x0002414f:16;tst.b:@0x31d:16;bne:#0x00024063:8;tst.w:@0xf024:16;bne:#0x0002406f:8;tst.b:@0x31d:16;beq:#0x0002408f:8;btst.w:0xd,@0xf226:16;beq:#0x0002408f:8;tst.b:@0x31d:16;beq:#0x00024082:8;mov:g.w:@0x147e:16,R0;mov:f.w:R0,@(-0x2:8,FP);mov:g.w:@0x1480:16,R3;bra:#0x00024123:16;mov:g.w:@0x8d6:16,R3;mov:g.w:@0x8d6:16,R0;mov:f.w:R0,@(-0x2:8,FP);bra:#0x00024123:16;btst.w:0x8,@0xf216:16;beq:#0x000240a2:8;mov:g.w:@0x8d4:16,R3;mov:g.w:@0x8d4:16,R0;mov:f.w:R0,@(-0x2:8,FP);bra:#0x00024123:16;tst.b:@0x309:16;beq:#0x000240ae:8;tst.b:@0x30c:16;bne:#0x000240e9:8;btst.w:0x5,@0xf0f8:16;beq:#0x000240bd:8;mov:g.w:#0xdaec:16,@-SP;mov:g.w:#0x2:8,@-SP;bra:#0x000240c4:8;mov:g.w:#0xdb0c:16,@-SP;mov:g.w:#0x2:8,@-SP;pjsr:@0x14880:24;adds.b:0x4,SP;mov:f.w:R0,@(-0x6:8,FP);mov:f.w:R1,@(-0x4:8,FP);mov:g.w:@0xf216:16,R0;and.w:0x1f,R0;beq:#0x000240dc:8;add:q.w:#1,@(-0x4:8,FP);ldc.b:@(-0x5:8,FP) ,EP;mov:f.w:@(-0x4:8,FP),R4;mov:g.b:@R4,R3;extu.b:R3;mov:f.w:R3,@(-0x2:8,FP);bra:#0x00024123:8;pjsr:@0x23bf9:24;mov:g.w:#0xdaec:16,@-SP;mov:g.w:#0x2:8,@-SP;mov:f.w:R0,@(-0x8:8,FP);pjsr:@0x14880:24;adds.b:0x4,SP;ldc.b:R0 ,EP;mov:g.w:R1,R4;adds.w:@(-0x8:8,FP),R4;mov:g.b:@R4,R0;extu.b:R0;mov:f.w:R0,@(-0x2:8,FP);mov:g.w:#0xdaec:16,@-SP;mov:g.w:#0x2:8,@-SP;pjsr:@0x14880:24;adds.b:0x4,SP;ldc.b:R0 ,EP;mov:g.w:R1,R4;adds.w:@(-0x8:8,FP),R4;mov:g.b:@R4,R3;extu.b:R3;mov:f.w:@(0x6:8,FP),R0;mov:g.w:@(0x6:8,R0),R1;btst.w:0x6,@R1;beq:#0x0002413f:8;mov:f.w:@(-0x2:8,FP),R0;mov:g.w:R0,@-SP;mov:g.w:#0x80:16,@-SP;pjsr:@0x14036:24;adds.b:0x4,SP;mov:g.w:R0,R3;bra:#0x0002414f:8;mov:g.w:R3,R0;add:g.w:0x80,R0;mov:g.w:R0,@-SP;pjsr:@0x1442d:24;add:q.w:#2,SP;mov:g.w:R0,R3;mov:f.w:@(0x6:8,FP),R0;mov:g.w:@(0x2c:8,R0),R1;mov:g.w:R3,@R1;ldm.w:@SP+,(R4 R3 );unlk:FP;prts:;
0002415b,f27e_table_indexed_clamp_compute_via_table,link:FP,#0x0:8;stm:(R2 R3 ),@-SP;mov:f.w:@(0x6:8,FP),R0;mov:g.w:R0,@-SP;pjsr:@0x24207:24;add:q.w:#2,SP;mov:f.w:@(0x6:8,FP),R0;mov:g.w:R0,@-SP;pjsr:@0x242c1:24;add:q.w:#2,SP;tst.w:R0;beq:#0x000241f9:16;tst.b:@0x2c1:16;bne:#0x00024188:8;btst.w:0x5,@0xf1f2:16;beq:#0x00024188:8;clr.w:R2;bra:#0x00024190:8;mov:g.w:@0xf218:16,R2;and.w:0xf,R2;mov:g.w:@0x912:16,R0;mov:g.w:R0,@-SP;mov:g.w:@0x910:16,R0;mov:g.w:R0,@-SP;shll.w:R2;mov:f.w:@(0x6:8,FP),R0;mov:g.w:@(0x34:8,R0),R1;adds.w:R2,R1;mov:g.w:@R1,R2;mov:g.w:R2,@-SP;pjsr:@0x1444c:24;adds.b:0x6,SP;mov:g.w:R0,R3;mov:f.w:@(0x6:8,FP),R0;mov:g.w:@(0x2:8,R0),R1;btst.w:0xb,@R1;beq:#0x000241c3:8;btst.w:0x9,@0xf21c:16;beq:#0x000241f0:8;bra:#0x000241ed:8;tst.b:@0x2c1:16;bne:#0x000241e7:8;btst.w:0x5,@0xf1f2:16;beq:#0x000241e7:8;btst.w:0x4,@0xf216:16;bne:#0x000241ed:8;mov:g.w:@0xf218:16,R0;and.w:0xf,R0;bne:#0x000241ed:8;btst.w:0x1,@0xf21c:16;bne:#0x000241f0:8;bra:#0x000241ed:8;btst.w:0x9,@0xf21c:16;beq:#0x000241f0:8;mov:i:#0x80:16,R3;mov:f.w:@(0x6:8,FP),R0;mov:g.w:@(0x2e:8,R0),R1;mov:g.w:R3,@R1;bra:#0x00024202:8;mov:f.w:@(0x6:8,FP),R0;mov:g.w:@(0x2e:8,R0),R1;mov:g.w:#0x80:16,@R1;ldm.w:@SP+,(R3 R2 );unlk:FP;prts:;
00024207,eeac_adaptive_trim_learn_update_via_table,link:FP,#-0x4:8;stm:(R2 R3 ),@-SP;mov:g.w:@0xf218:16,R0;and.w:0xf,R0;mov:f.w:R0,@(-0x4:8,FP);shll.w:R0;mov:f.w:@(0x6:8,FP),R1;mov:g.w:@(0x34:8,R1),R2;adds.w:R0,R2;mov:g.w:@R2,R3;tst.w:@0xefae:16;beq:#0x0002422f:8;mov:g.w:@(0x3a:8,R1),R0;mov:g.w:#0x80:16,@R0;bra:#0x0002428c:8;btst.w:0x0,@0xf208:16;beq:#0x0002428c:8;mov:f.w:@(0x6:8,FP),R0;mov:g.w:@(0x30:8,R0),R1;mov:g.w:@R1,R2;clr.b:R2;mov:f.w:R2,@(-0x2:8,FP);cmp:i:#0x8000:16,R2;beq:#0x0002428c:8;mov:g.w:R3,R2;swap.b:R2;clr.b:R2;mov:g.w:@(0x3a:8,R0),R1;mov:g.w:@R1,R3;add:g.w:R2,R3;cmp:g.w:#0x8000:16,@(-0x2:8,FP);bhi:#0x0002426c:8;mov:g.w:@0x90c:16,R0;mov:g.w:R0,@-SP;mov:g.w:R3,@-SP;pjsr:@0x14036:24;adds.b:0x4,SP;mov:g.w:R0,R3;bra:#0x0002427d:8;mov:g.w:@0x90e:16,R0;mov:g.w:R0,@-SP;mov:g.w:R3,@-SP;pjsr:@0x14000:24;adds.b:0x4,SP;mov:g.w:R0,R3;mov:g.w:R3,R2;extu.b:R2;mov:f.w:@(0x6:8,FP),R0;mov:g.w:@(0x3a:8,R0),R1;mov:g.w:R2,@R1;clr.b:R3;swap.b:R3;pjsr:@0x1a15c:24;tst.w:R0;beq:#0x0002429a:8;pjsr:@0x23006:24;bra:#0x000242bc:8;mov:g.w:@0x910:16,R0;mov:g.w:@0x912:16,R1;mov:g.w:R1,@-SP;mov:g.w:R0,@-SP;mov:g.w:R3,@-SP;pjsr:@0x1444c:24;adds.b:0x6,SP;mov:f.w:@(-0x4:8,FP),R1;shll.w:R1;mov:f.w:@(0x6:8,FP),R2;mov:g.w:@(0x34:8,R2),R3;adds.w:R1,R3;mov:g.w:R0,@R3;ldm.w:@SP+,(R3 R2 );unlk:FP;prts:;
000242c1,f1fe_bit3_clear_and_f1f2_bit4_set_check,link:FP,#0x0:8;mov:g.w:R2,@-SP;mov:f.w:@(0x6:8,FP),R0;tst.w:@R0;bne:#0x000242d5:8;mov:g.w:@0xeed6:16,R2;and.w:0x1,R2;bra:#0x000242dd:8;mov:g.w:@0xeeda:16,R2;and.w:0x2,R2;btst.w:0x3,@0xf1fe:16;bne:#0x000242ee:8;btst.w:0x4,@0xf1f2:16;beq:#0x000242ee:8;mov:i:#0x1:16,R0;bra:#0x000242f0:8;clr.w:R0;mov:g.w:@SP+,R2;unlk:FP;prts:;
000242f5,f0ba_f2d0_o2_mode7_8_correction_calc,link:FP,#-0x4:8;mov:g.w:R2,@-SP;mov:g.w:#0x2986:16,@-SP;mov:g.w:#0x1:8,@-SP;pjsr:@0x14656:24;adds.b:0x4,SP;mov:g.w:@0xf13e:16,R1;add:g.w:R0,R1;mov:g.w:R1,@-SP;pjsr:@0x1442d:24;add:q.w:#2,SP;mov:g.w:R0,@0xf0ba:16;mov:g.w:#0xd3ee:16,@-SP;mov:g.w:#0x2:8,@-SP;pjsr:@0x14735:24;adds.b:0x4,SP;mov:g.w:#0xd3fe:16,@-SP;mov:g.w:#0x2:8,@-SP;pjsr:@0x14735:24;adds.b:0x4,SP;mov:g.w:#0x1dc2:16,@-SP;mov:g.w:#0x1:8,@-SP;pjsr:@0x14656:24;adds.b:0x4,SP;mov:g.w:R0,@-SP;pjsr:@0x1a0c4:24;add:q.w:#2,SP;mov:g.w:R0,@0xf2da:16;mov:g.w:@0xf2da:16,R0;mulxu.w:@0x814:16,R0;mov:g.w:R1,@-SP;pjsr:@0x144d1:24;add:q.w:#2,SP;mov:g.w:#0x4000:16,@-SP;mov:f.w:R0,@(-0x4:8,FP);mov:f.w:R1,@(-0x2:8,FP);mov:g.w:@0xf298:16,R0;mulxu.w:@0xf29a:16,R0;mov:g.w:R1,@-SP;mov:f.w:@(-0x2:8,FP),R0;mov:g.w:R0,@-SP;mov:f.w:@(-0x4:8,FP),R1;mov:g.w:R1,@-SP;pjsr:@0x141dc:24;adds.b:0x8,SP;mov:g.w:@0xf29c:16,R2;mov:g.w:R2,@-SP;mov:g.w:R1,@-SP;mov:g.w:R0,@-SP;pjsr:@0x14387:24;adds.b:0x6,SP;mov:g.w:@0xf2c8:16,R2;shll.w:R2;add:g.w:0x80,R2;mov:g.w:R2,@-SP;mov:g.w:R1,@-SP;mov:g.w:R0,@-SP;pjsr:@0x14387:24;adds.b:0x6,SP;mov:g.w:R1,@-SP;mov:g.w:R0,@-SP;pjsr:@0x144ef:24;adds.b:0x4,SP;mov:g.w:R0,@0xf2d0:16;mov:g.w:@SP+,R2;unlk:FP;prts:;
000243bc,f2d2_composite_correction_calc,link:FP,#-0x16:8;stm:(R2 R3 R4 ),@-SP;pjsr:@0x24552:24;mov:f.w:R0,@(-0xe:8,FP);pjsr:@0x24596:24;mov:f.w:R0,@(-0x10:8,FP);pjsr:@0x245af:24;mov:g.w:#0xd440:16,@-SP;mov:g.w:#0x2:8,@-SP;mov:f.w:R0,@(-0x12:8,FP);pjsr:@0x14735:24;adds.b:0x4,SP;mov:g.w:#0x1e3a:16,@-SP;mov:g.w:#0x1:8,@-SP;pjsr:@0x14656:24;adds.b:0x4,SP;mov:g.w:R0,@-SP;pjsr:@0x144d1:24;add:q.w:#2,SP;ldc.b:0x2,DP;mov:g.w:@0xd444:16,R2;ldc.b:0x1,DP;mov:g.b:@(0x1e3d:16,R2),R3;extu.b:R3;mov:g.w:R3,@-SP;ldc.b:0x0,DP;mov:f.w:R0,@(-0x16:8,FP);mov:f.w:R1,@(-0x14:8,FP);pjsr:@0x144d1:24;add:q.w:#2,SP;mov:f.w:R0,@(-0x8:8,FP);mov:f.w:R1,@(-0x6:8,FP);mov:g.w:#0x4000:16,@-SP;mov:f.w:@(-0xe:8,FP),R0;mulxu.w:@(-0x10:8,FP) ,R0;mov:g.w:R1,@-SP;mov:f.w:@(-0x14:8,FP),R0;mov:g.w:R0,@-SP;mov:f.w:@(-0x16:8,FP),R1;mov:g.w:R1,@-SP;pjsr:@0x141dc:24;adds.b:0x8,SP;mov:g.w:#0x4000:16,@-SP;mov:f.w:@(-0x12:8,FP),R3;mov:i:#0x6:16,R4;shll.w:R3;scb/eq:R4,0x0002443c;mov:g.w:R3,@-SP;mov:g.w:R1,@-SP;mov:g.w:R0,@-SP;pjsr:@0x141dc:24;adds.b:0x8,SP;mov:f.w:R0,@(-0xc:8,FP);mov:f.w:R1,@(-0xa:8,FP);mov:f.w:@(-0xc:8,FP),R0;cmp:g.w:@(-0x8:8,FP),R0;bhi:#0x00024468:8;bne:#0x00024460:8;cmp:g.w:@(-0x6:8,FP),R1;bhs:#0x00024468:8;mov:f.w:@(-0x8:8,FP),R0;mov:f.w:@(-0x6:8,FP),R1;mov:f.w:R0,@(-0xc:8,FP);mov:f.w:R1,@(-0xa:8,FP);mov:g.w:@0xf29a:16,R0;mov:g.w:#0x200:16,@-SP;mulxu.w:@0x860:16,R0;mov:g.w:R1,@-SP;mov:f.w:@(-0xa:8,FP),R0;mov:g.w:R0,@-SP;mov:f.w:@(-0xc:8,FP),R1;mov:g.w:R1,@-SP;pjsr:@0x141dc:24;adds.b:0x8,SP;mov:g.w:R1,@-SP;mov:g.w:R0,@-SP;pjsr:@0x144ef:24;adds.b:0x4,SP;clr.w:R1;mov:f.w:R1,@(-0xc:8,FP);mov:f.w:R0,@(-0xa:8,FP);btst.w:0x0,@0xf20e:16;beq:#0x00024527:16;mov:g.w:@0x85c:16,R2;mov:g.w:@0x85e:16,R3;btst.w:0xf,@0xf25e:16;beq:#0x000244ad:8;mov:g.w:R3,R2;swap.b:R2;clr.b:R2;mov:f.w:@(-0xa:8,FP),R0;mov:f.w:@(-0xc:8,FP),R1;shlr.w:R1;rotxr.w:R0;mov:f.w:R1,@(-0x4:8,FP);mov:f.w:R0,@(-0x2:8,FP);clr.w:R0;cmp:g.w:@(-0x4:8,FP),R0;blo:#0x00024511:8;bne:#0x000244cb:8;cmp:g.w:@(-0x2:8,FP),R2;bls:#0x00024511:8;mov:g.w:@0x854:16,R2;mov:g.w:@0x858:16,R3;btst.w:0x2,@0xf25e:16;beq:#0x000244db:8;mov:g.w:R3,R2;swap.b:R2;clr.b:R2;clr.w:R0;cmp:g.w:@(-0xc:8,FP),R0;blo:#0x00024507:8;bne:#0x000244ed:8;cmp:g.w:@(-0xa:8,FP),R2;bls:#0x00024507:8;bclr.w:0x2,@0xf25e:16;mov:g.w:#0x4:8,@-SP;mov:f.w:@(-0xa:8,FP),R0;mov:g.w:R0,@-SP;pjsr:@0x1405c:24;adds.b:0x4,SP;clr.w:R1;mov:f.w:R1,@(-0xc:8,FP);mov:f.w:R0,@(-0xa:8,FP);bra:#0x0002450b:8;bset.w:@0xf25e:16,0x2;bclr.w:0xf,@0xf25e:16;bra:#0x00024547:8;mov:g.w:@0xf25e:16,R0;or.w:0x8004,R0;mov:g.w:R0,@0xf25e:16;mov:f.w:@(-0x4:8,FP),R0;mov:f.w:@(-0x2:8,FP),R1;mov:f.w:R0,@(-0xc:8,FP);mov:f.w:R1,@(-0xa:8,FP);bra:#0x00024547:8;mov:g.w:@0xf25e:16,R0;and.w:0x7ffb,R0;mov:g.w:R0,@0xf25e:16;mov:g.w:#0x4:8,@-SP;mov:f.w:@(-0xa:8,FP),R0;mov:g.w:R0,@-SP;pjsr:@0x1405c:24;adds.b:0x4,SP;clr.w:R1;mov:f.w:R1,@(-0xc:8,FP);mov:f.w:R0,@(-0xa:8,FP);mov:f.w:@(-0xa:8,FP),R0;mov:g.w:R0,@0xf2d2:16;ldm.w:@SP+,(R4 R3 R2 );unlk:FP;prts:;
00024552,table_1e4a_lookup_with_f2d6_d8_reset,mov:g.w:R2,@-SP;btst.w:0x4,@0xf20e:16;beq:#0x00024574:8;stc.w:SR,@-SP;orc.w:0x700,SR;andc.w:0xfeff,SR;ldc.b:0x0,DP;clr.w:@0xf2d6:16;clr.w:@0xf2d8:16;ldc.w:@SP+ ,SR;ldc.b:0x0,DP;mov:g.w:#0xd130:16,@-SP;mov:g.w:#0x2:8,@-SP;pjsr:@0x14735:24;adds.b:0x4,SP;mov:g.w:#0x1e4a:16,@-SP;mov:g.w:#0x1:8,@-SP;pjsr:@0x14656:24;adds.b:0x4,SP;mov:g.w:R0,R2;mov:g.w:@SP+,R2;prts:;
00024596,f07a_default_reset_return_0x80,btst.w:0x4,@0xf20e:16;bne:#0x000245a2:8;btst.w:0x6,@0xf0f8:16;bne:#0x000245aa:8;mov:g.w:@0x838:16,R0;mov:g.w:R0,@0xf07a:16;mov:i:#0x80:16,R0;prts:;
000245af,f2b4_threshold_table_lookup,stm:(R2 R3 ),@-SP;mov:i:#0x80:16,R2;btst.w:0x6,@0xf0f8:16;bne:#0x000245d0:8;stc.w:SR,@-SP;orc.w:0x700,SR;andc.w:0xfeff,SR;ldc.b:0x0,DP;clr.w:@0xf2b4:16;ldc.w:@SP+ ,SR;ldc.b:0x0,DP;tst.b:@0x2f4:16;beq:#0x00024636:16;mov:g.w:@0xf2b4:16,R3;cmp:g.b:#0x2:8,@0x2f4:16;bne:#0x0002460a:8;cmp:g.w:@0x836:16,R3;bhi:#0x00024636:8;mov:g.w:#0xd440:16,@-SP;mov:g.w:#0x2:8,@-SP;pjsr:@0x14735:24;adds.b:0x4,SP;mov:g.w:#0x1e6a:16,@-SP;mov:g.w:#0x1:8,@-SP;pjsr:@0x14656:24;adds.b:0x4,SP;add:g.w:0x80,R0;bra:#0x00024638:8;cmp:g.w:@0x836:16,R3;bhi:#0x00024636:8;mov:g.w:@0xf10e:16,R0;cmp:g.w:@0x866:16,R0;bhi:#0x00024636:8;shlr.w:R3;shlr.w:R3;shlr.w:R3;cmp:i:#0x13:16,R3;blo:#0x00024628:8;mov:i:#0x13:16,R3;ldc.b:0x1,DP;mov:g.b:@(0x1e56:16,R3),R0;extu.b:R0;ldc.b:0x0,DP;bra:#0x00024638:8;mov:g.w:R2,R0;ldm.w:@SP+,(R3 R2 );prts:;
0002463c,f2ce_f2cc_o2_mode11_correction_calc,mov:g.w:#0xd260:16,@-SP;mov:g.w:#0x2:8,@-SP;pjsr:@0x14735:24;adds.b:0x4,SP;mov:g.w:#0x1dec:16,@-SP;mov:g.w:#0x1:8,@-SP;pjsr:@0x14656:24;adds.b:0x4,SP;mov:g.w:R0,@-SP;pjsr:@0x1a130:24;add:q.w:#2,SP;mov:g.w:R0,@0xf2ce:16;mov:g.w:#0x4:8,@-SP;mov:g.w:@0x800:16,R0;mov:g.w:R0,@-SP;mov:g.w:@0xf2ce:16,R0;mov:g.w:R0,@-SP;pjsr:@0x14219:24;adds.b:0x6,SP;mov:g.w:R0,@0xf2cc:16;prts:;
00024680,injpw_airvol_reset_on_fuelcut,mov:g.w:@0xf25a:16,R0;and.w:0x28,R0;beq:#0x000246ac:8;stc.w:SR,@-SP;orc.w:0x700,SR;andc.w:0xfeff,SR;ldc.b:0x0,DP;clr.w:@0xf252:16;clr.w:@0xf250:16;clr.w:@0xf972:16;clr.w:@0xf970:16;ldc.w:@SP+ ,SR;ldc.b:0x0,DP;prts:;
000246ae,f24e_f254_f970_f972_reset_on_f20e_bit4,btst.w:0x4,@0xf20e:16;beq:#0x000246de:8;stc.w:SR,@-SP;orc.w:0x700,SR;andc.w:0xfeff,SR;ldc.b:0x0,DP;clr.w:@0xf252:16;clr.w:@0xf250:16;clr.w:@0xf24e:16;clr.w:@0xf254:16;clr.w:@0xf972:16;clr.w:@0xf970:16;ldc.w:@SP+ ,SR;ldc.b:0x0,DP;prts:;
000246e0,f2e0_f2ee_correction_dispatch,pjsr:@0x246ee:24;pjsr:@0x24884:24;pjsr:@0x2495a:24;prts:;
000246ee,f2e0_f2ec_composite_correction_calc,link:FP,#-0x8:8;stm:(R2 R3 R5 ),@-SP;clr.w:@(-0x4:8,FP);clr.w:@(-0x2:8,FP);btst.w:0x0,@0xf20e:16;beq:#0x00024722:8;mov:g.w:#0x1f16:16,@-SP;mov:g.w:#0x1:8,@-SP;pjsr:@0x14656:24;adds.b:0x4,SP;mov:g.w:R0,@0xf304:16;mov:g.w:#0x1f16:16,@-SP;mov:g.w:#0x1:8,@-SP;pjsr:@0x14656:24;adds.b:0x4,SP;mov:g.w:R0,@0xf30c:16;mov:g.w:@0xf304:16,R2;tst.b:@0x31e:16;beq:#0x00024736:8;btst.w:0x2,@0xf742:16;bne:#0x00024736:8;mov:g.w:@0xf30c:16,R2;mov:g.w:R2,R0;mulxu.w:0x50,R0;cmp:g.w:@0xef6a:16,R1;bls:#0x00024748:8;bset.w:@0xf20e:16,0xd;bra:#0x0002474c:8;bclr.w:0xd,@0xf20e:16;btst.w:0x6,@0xf0f8:16;bne:#0x000247f8:16;tst.b:@0x30e:16;beq:#0x00024761:8;mov:i:#0x20:16,R5;mov:i:#0x20:16,R2;bra:#0x00024767:8;mov:i:#0x80:16,R5;mov:i:#0x80:16,R2;btst.w:0xd,@0xf20e:16;beq:#0x0002477d:8;tst.b:@0x30e:16;beq:#0x00024779:8;mov:g.w:@0x1428:16,R2;bra:#0x0002477d:8;mov:g.w:@0x952:16,R2;mov:g.w:@0xf28e:16,R3;clr.w:R0;mov:g.w:#0x4000:16,@-SP;mov:g.w:#0x1e86:16,@-SP;mov:g.w:#0x1:8,@-SP;mov:f.w:R0,@(-0x8:8,FP);mov:f.w:R3,@(-0x6:8,FP);pjsr:@0x14656:24;adds.b:0x4,SP;mulxu.w:@0xf29a:16,R0;mov:g.w:R1,@-SP;mov:f.w:@(-0x6:8,FP),R0;mov:g.w:R0,@-SP;mov:f.w:@(-0x8:8,FP),R1;mov:g.w:R1,@-SP;pjsr:@0x14247:24;adds.b:0x8,SP;mov:f.w:R0,@(-0x8:8,FP);mov:f.w:R1,@(-0x6:8,FP);mov:g.w:@0x950:16,R0;mulxu.w:R5 ,R0;mov:g.w:R1,@-SP;mov:g.w:#0x1e7a:16,@-SP;mov:g.w:#0x1:8,@-SP;pjsr:@0x14656:24;adds.b:0x4,SP;mulxu.w:R2 ,R0;mov:g.w:R1,@-SP;mov:f.w:@(-0x6:8,FP),R0;mov:g.w:R0,@-SP;mov:f.w:@(-0x8:8,FP),R1;mov:g.w:R1,@-SP;pjsr:@0x14247:24;adds.b:0x8,SP;mov:f.w:R0,@(-0x4:8,FP);mov:f.w:R1,@(-0x2:8,FP);tst.b:@0x30e:16;bne:#0x000247f8:8;mov:g.w:R1,@-SP;mov:f.w:@(-0x4:8,FP),R0;mov:g.w:R0,@-SP;pjsr:@0x1443c:24;adds.b:0x4,SP;clr.w:R1;mov:f.w:R1,@(-0x4:8,FP);mov:f.w:R0,@(-0x2:8,FP);mov:f.w:@(-0x4:8,FP),R0;mov:f.w:@(-0x2:8,FP),R1;mov:g.w:R0,@0xf2e6:16;mov:g.w:R1,@0xf2e8:16;mov:g.w:#0x1e94:16,@-SP;mov:g.w:#0x1:8,@-SP;pjsr:@0x14656:24;adds.b:0x4,SP;mov:g.w:R0,@0xf2ec:16;mov:g.w:#0x1f22:16,@-SP;mov:g.w:#0x1:8,@-SP;pjsr:@0x14656:24;adds.b:0x4,SP;mov:g.w:R0,R2;mulxu.w:@0x812:16,R0;shlr.w:R1;shlr.w:R1;shlr.w:R1;add:q.w:#1,R1;shlr.w:R1;mov:g.w:R1,@0xf2e0:16;mov:g.w:@0x95c:16,R0;mulxu.w:@0x812:16,R0;mov:g.w:R1,R2;shlr.w:R2;shlr.w:R2;shlr.w:R2;add:q.w:#1,R2;shlr.w:R2;mov:g.w:@0xf29c:16,R0;mov:g.w:R0,@-SP;mov:g.w:R2,@-SP;pjsr:@0x142f3:24;adds.b:0x4,SP;mov:g.w:R0,@0xf2e4:16;mov:g.w:@0xf10e:16,R0;cmp:g.w:@0xaa6:16,R0;bls:#0x00024877:8;btst.w:0x7,@0xf0f8:16;bne:#0x00024877:8;mov:g.w:@0xaa8:16,R0;mov:g.w:R0,@0xefb8:16;mov:g.w:@0x966:16,R0;mov:g.w:R0,@0xf2fa:16;ldm.w:@SP+,(R5 R3 R2 );unlk:FP;prts:;
00024884,f2ea_f2ee_composite_correction_calc,link:FP,#-0x6:8;mov:g.w:R2,@-SP;clr.w:R2;btst.w:0x0,@0xf20e:16;beq:#0x000248aa:8;stc.w:SR,@-SP;orc.w:0x700,SR;andc.w:0xfeff,SR;ldc.b:0x0,DP;mov:g.w:@0x96a:16,R0;mov:g.w:R0,@0xefb2:16;ldc.w:@SP+ ,SR;ldc.b:0x0,DP;tst.w:@0xefb2:16;bne:#0x0002492f:16;mov:g.w:@0xf28e:16,R0;mov:g.w:R0,@-SP;pjsr:@0x144d1:24;add:q.w:#2,SP;mov:g.w:#0x4000:16,@-SP;mov:g.w:#0x1f3c:16,@-SP;mov:g.w:#0x1:8,@-SP;mov:f.w:R0,@(-0x4:8,FP);mov:f.w:R1,@(-0x2:8,FP);pjsr:@0x14656:24;adds.b:0x4,SP;mulxu.w:@0xf29a:16,R0;mov:g.w:R1,@-SP;mov:f.w:@(-0x2:8,FP),R0;mov:g.w:R0,@-SP;mov:f.w:@(-0x4:8,FP),R1;mov:g.w:R1,@-SP;pjsr:@0x141dc:24;adds.b:0x8,SP;mov:g.w:#0x800:16,@-SP;mov:g.w:#0x1f4a:16,@-SP;mov:g.w:#0x1:8,@-SP;mov:f.w:R0,@(-0x4:8,FP);mov:f.w:R1,@(-0x2:8,FP);pjsr:@0x14656:24;adds.b:0x4,SP;mov:g.w:#0x1f30:16,@-SP;mov:g.w:#0x1:8,@-SP;mov:f.w:R0,@(-0x6:8,FP);pjsr:@0x14656:24;adds.b:0x4,SP;mulxu.w:@(-0x6:8,FP) ,R0;mov:g.w:R1,@-SP;mov:f.w:@(-0x2:8,FP),R0;mov:g.w:R0,@-SP;mov:f.w:@(-0x4:8,FP),R1;mov:g.w:R1,@-SP;pjsr:@0x141dc:24;adds.b:0x8,SP;mov:g.w:R1,@-SP;mov:g.w:R0,@-SP;pjsr:@0x144ef:24;adds.b:0x4,SP;mov:g.w:R0,R2;mov:g.w:R2,@0xf2ea:16;mov:g.w:#0x1f5c:16,@-SP;mov:g.w:#0x1:8,@-SP;pjsr:@0x14656:24;adds.b:0x4,SP;mov:g.w:R0,@0xf2ee:16;mov:g.w:@0xf2e0:16,R0;mov:g.w:R0,@0xf2e2:16;mov:g.w:@0x968:16,R0;mov:g.w:R0,@0xf2fc:16;mov:g.w:@SP+,R2;unlk:FP;prts:;
0002495a,stub_empty_0x2495a,prts:;
0002495c,f310_f316_composite_calc,mov:g.w:R2,@-SP;mov:g.w:#0x1ed6:16,@-SP;mov:g.w:#0x1:8,@-SP;pjsr:@0x14656:24;adds.b:0x4,SP;mov:g.w:R0,R2;btst.w:0xd,@0xf20e:16;beq:#0x000249a1:8;tst.b:@0x30e:16;beq:#0x00024990:8;mov:g.w:#0x20:8,@-SP;mov:g.w:@0x1452:16,R0;mov:g.w:R0,@-SP;mov:g.w:R2,@-SP;pjsr:@0x14219:24;adds.b:0x6,SP;mov:g.w:R0,R2;bra:#0x000249a1:8;mov:g.w:@0x9c0:16,R0;mov:g.w:R0,@-SP;mov:g.w:R2,@-SP;pjsr:@0x142f3:24;adds.b:0x4,SP;mov:g.w:R0,R2;mov:g.w:#0x1ee2:16,@-SP;mov:g.w:#0x1:8,@-SP;pjsr:@0x14656:24;adds.b:0x4,SP;add:g.w:R0,R2;mov:g.w:R2,@-SP;pjsr:@0x1442d:24;add:q.w:#2,SP;mov:g.w:R0,@0xf314:16;mov:g.w:@0x9be:16,R0;mov:g.w:R0,@-SP;mov:g.w:@0xf314:16,R0;mov:g.w:R0,@-SP;pjsr:@0x142f3:24;adds.b:0x4,SP;mov:g.w:R0,@-SP;pjsr:@0x1442d:24;add:q.w:#2,SP;mov:g.w:R0,@0xf310:16;mov:g.w:#0x1ec8:16,@-SP;mov:g.w:#0x1:8,@-SP;pjsr:@0x14656:24;adds.b:0x4,SP;mov:g.w:R0,@0xf316:16;mov:g.w:@SP+,R2;prts:;
000249f2,f250_f252_channel_snapshot_update,mov:g.w:R2,@-SP;mov:g.w:@0xf17a:16,R0;cmp:g.w:@0x828:16,R0;blo:#0x00024a02:8;bclr.w:0x1,@0xf25e:16;btst.w:0x4,@0xf20e:16;beq:#0x00024a12:8;btst.w:0x1,@0xf25e:16;bne:#0x00024a12:8;bclr.w:0x0,@0xf25e:16;mov:g.w:@0xf10e:16,R0;cmp:g.w:@0xaa2:16,R0;blo:#0x00024a22:8;bset.w:@0xf25e:16,0x7;bra:#0x00024a26:8;bclr.w:0x7,@0xf25e:16;btst.w:0x0,@0xf20e:16;beq:#0x00024a8a:8;btst.w:0x0,@0xf25e:16;bne:#0x00024a8a:8;btst.w:0x7,@0xf25e:16;beq:#0x00024a4a:8;mov:g.w:#0x1ef0:16,@-SP;mov:g.w:#0x1:8,@-SP;pjsr:@0x148a2:24;adds.b:0x4,SP;mov:g.w:R0,R2;bra:#0x00024a4e:8;mov:g.w:@0x852:16,R2;mov:g.w:R2,@-SP;pjsr:@0x2a7f7:24;add:q.w:#2,SP;mov:g.w:R0,R2;stc.w:SR,@-SP;orc.w:0x700,SR;andc.w:0xfeff,SR;ldc.b:0x0,DP;mov:g.w:R2,@0xf252:16;mov:g.w:R2,@0xf250:16;mov:g.w:#0xf:8,@-SP;mov:g.w:R2,@-SP;pjsr:@0x2a83b:24;adds.b:0x4,SP;ldc.w:@SP+ ,SR;ldc.b:0x0,DP;mov:g.w:@0xf25e:16,R0;or.w:0x3,R0;mov:g.w:R0,@0xf25e:16;mov:g.w:@SP+,R2;prts:;
00024a8e,f31c_bit_toggle_pulse,stm:(R2 R3 R5 ),@-SP;mov:i:#0x80:16,R3;bra:#0x00024cb2:16;stc.w:SR,@-SP;orc.w:0x700,SR;andc.w:0xfeff,SR;ldc.b:0x0,DP;mov:g.w:@0xf31c:16,R0;and.w:0xff3f,R0;mov:g.w:R0,@0xf31c:16;ldc.w:@SP+ ,SR;ldc.b:0x0,DP;btst.w:0xd,@0xf334:16;beq:#0x00024aca:8;mov:g.w:@0xf186:16,R0;cmp:g.w:@0x1036:16,R0;bhi:#0x00024ad8:8;bclr.w:0xd,@0xf334:16;bra:#0x00024ad8:8;mov:g.w:@0xf186:16,R0;cmp:g.w:@0x1034:16,R0;bls:#0x00024ad8:8;bset.w:@0xf334:16,0xd;btst.w:0xe,@0xf334:16;beq:#0x00024aee:8;mov:g.w:@0xf17a:16,R0;cmp:g.w:@0x103a:16,R0;bhi:#0x00024afc:8;bclr.w:0xe,@0xf334:16;bra:#0x00024afc:8;mov:g.w:@0xf17a:16,R0;cmp:g.w:@0x1038:16,R0;bls:#0x00024afc:8;bset.w:@0xf334:16,0xe;mov:g.w:@0xf334:16,R0;and.w:R5 ,R0;beq:#0x00024b14:8;mov:g.w:@0xf10e:16,R0;cmp:g.w:@0x103e:16,R0;bhi:#0x00024b28:8;bclr.w:0xf,@0xf334:16;bra:#0x00024b28:8;mov:g.w:@0xf10e:16,R0;cmp:g.w:@0x103c:16,R0;bls:#0x00024b28:8;mov:g.w:@0xf334:16,R0;or.w:R5 ,R0;mov:g.w:R0,@0xf334:16;btst.w:0xd,@0xf334:16;beq:#0x00024b40:8;and.w:@0xf334:16,R5;beq:#0x00024b3a:8;mov:g.w:@0x1046:16,R2;bra:#0x00024b6e:8;mov:g.w:@0x1040:16,R2;bra:#0x00024b6e:8;btst.w:0xe,@0xf334:16;bne:#0x00024b5e:8;and.w:@0xf0f8:16,R3;beq:#0x00024b5e:8;and.w:@0xf334:16,R5;beq:#0x00024b58:8;mov:g.w:@0x1048:16,R2;bra:#0x00024b6e:8;mov:g.w:@0x1042:16,R2;bra:#0x00024b6e:8;and.w:@0xf334:16,R5;beq:#0x00024b6a:8;mov:g.w:@0x104a:16,R2;bra:#0x00024b6e:8;mov:g.w:@0x1044:16,R2;mov:g.w:R2,@-SP;pjsr:@0x1a2e6:24;add:q.w:#2,SP;mov:g.w:R0,@0xf332:16;bra:#0x00024d36:16;stc.w:SR,@-SP;orc.w:0x700,SR;andc.w:0xfeff,SR;ldc.b:0x0,DP;bclr.w:0x6,@0xf31c:16;ldc.w:@SP+ ,SR;ldc.b:0x0,DP;btst.w:0x5,@0xf31e:16;beq:#0x00024ba9:8;mov:g.w:@0xf10e:16,R0;cmp:g.w:@0xa2a:16,R0;bhi:#0x00024bb7:8;bclr.w:0x5,@0xf31e:16;bra:#0x00024bb7:8;mov:g.w:@0xf10e:16,R0;cmp:g.w:@0xa28:16,R0;bls:#0x00024bb7:8;bset.w:@0xf31e:16,0x5;btst.w:0x4,@0xf31e:16;beq:#0x00024bcd:8;mov:g.w:@0xf10e:16,R0;cmp:g.w:@0xa2e:16,R0;bhi:#0x00024bdb:8;bclr.w:0x4,@0xf31e:16;bra:#0x00024bdb:8;mov:g.w:@0xf10e:16,R0;cmp:g.w:@0xa2c:16,R0;bls:#0x00024bdb:8;bset.w:@0xf31e:16,0x4;btst.w:0x3,@0xf31e:16;beq:#0x00024bf1:8;mov:g.w:@0xf17a:16,R0;cmp:g.w:@0xa32:16,R0;bhi:#0x00024bff:8;bclr.w:0x3,@0xf31e:16;bra:#0x00024bff:8;mov:g.w:@0xf17a:16,R0;cmp:g.w:@0xa30:16,R0;bls:#0x00024bff:8;bset.w:@0xf31e:16,0x3;btst.w:0x2,@0xf31e:16;beq:#0x00024c15:8;mov:g.w:@0xf17a:16,R0;cmp:g.w:@0xa36:16,R0;bhi:#0x00024c23:8;bclr.w:0x2,@0xf31e:16;bra:#0x00024c23:8;mov:g.w:@0xf17a:16,R0;cmp:g.w:@0xa34:16,R0;bls:#0x00024c23:8;bset.w:@0xf31e:16,0x2;btst.w:0x1,@0xf31e:16;beq:#0x00024c35:8;cmp:g.w:@0xa3a:16,R2;bhi:#0x00024c3f:8;bclr.w:0x1,@0xf31e:16;bra:#0x00024c3f:8;cmp:g.w:@0xa38:16,R2;bls:#0x00024c3f:8;bset.w:@0xf31e:16,0x1;btst.w:0x0,@0xf31e:16;beq:#0x00024c51:8;cmp:g.w:@0xa3e:16,R2;bhi:#0x00024c5b:8;bclr.w:0x0,@0xf31e:16;bra:#0x00024c5b:8;cmp:g.w:@0xa3c:16,R2;bls:#0x00024c5b:8;bset.w:@0xf31e:16,0x0;mov:g.w:@0xf31e:16,R0;and.w:0x3f,R0;cmp:i:#0x15:16,R0;bne:#0x00024c8b:8;stc.w:SR,@-SP;orc.w:0x700,SR;andc.w:0xfeff,SR;ldc.b:0x0,DP;and.w:@0xf31c:16,R3;beq:#0x00024c83:8;bset.w:@0xf31c:16,0x6;bclr.w:0x7,@0xf31c:16;ldc.w:@SP+ ,SR;ldc.b:0x0,DP;bra:#0x00024d36:16;stc.w:SR,@-SP;orc.w:0x700,SR;andc.w:0xfeff,SR;ldc.b:0x0,DP;and.w:@0xf31c:16,R3;bne:#0x00024caa:8;mov:g.w:@0xf31c:16,R0;or.w:0xc0,R0;mov:g.w:R0,@0xf31c:16;ldc.w:@SP+ ,SR;ldc.b:0x0,DP;bra:#0x00024d36:16;stc.w:SR,@-SP;orc.w:0x700,SR;andc.w:0xfeff,SR;ldc.b:0x0,DP;or.w:@0xf31c:16,R3;mov:g.w:R3,@0xf31c:16;bclr.w:0x6,@0xf31c:16;ldc.w:@SP+ ,SR;ldc.b:0x0,DP;bra:#0x00024d36:8;
00024cd2,f31c_bit6_set_then_clear_pulse,stc.w:SR,@-SP;orc.w:0x700,SR;andc.w:0xfeff,SR;ldc.b:0x0,DP;or.w:@0xf31c:16,R3;mov:g.w:R3,@0xf31c:16;bclr.w:0x6,@0xf31c:16;ldc.w:@SP+ ,SR;ldc.b:0x0,DP;bra:#0x00024d36:8;
00024d36,noop_return_after_f31c_pulse,ldm.w:@SP+,(R5 R3 R2 );prts:;
00024d3a,f25a_f2xx_state_mirror_update,stm:(R2 R3 R5 ),@-SP;mov:g.w:@0xf20e:16,R2;and.w:0x89f,R2;mov:g.w:@0xf210:16,R5;and.w:0x800,R5;mov:g.w:@0xf2d2:16,R3;btst.w:0x2,@0xf25e:16;beq:#0x00024d58:8;bset.w:R2,0xf;btst.w:0xf,@0xf25e:16;beq:#0x00024d60:8;bset.w:R2,0x9;btst.w:0x0,@0xf20e:16;bne:#0x00024d6a:8;mov:g.w:@0xf2d0:16,R3;stc.w:SR,@-SP;orc.w:0x700,SR;andc.w:0xfeff,SR;ldc.b:0x0,DP;mov:g.w:R3,@0xf2d4:16;mov:g.w:@0xf25a:16,R0;and.w:0x7560,R0;or.w:R2 ,R0;mov:g.w:R0,@0xf25a:16;mov:g.w:@0xf25c:16,R0;bclr.w:0xb,R0;or.w:R5 ,R0;mov:g.w:R0,@0xf25c:16;mov:g.w:@0xf266:16,R0;mov:g.w:R0,@0xf268:16;mov:g.w:@0xf26a:16,R0;mov:g.w:R0,@0xf26c:16;mov:g.w:@0xf27e:16,R0;mov:g.w:R0,@0xf280:16;mov:g.w:@0xf282:16,R0;mov:g.w:R0,@0xf284:16;mov:g.w:@0xf286:16,R0;mov:g.w:R0,@0xf288:16;mov:g.w:@0xf28a:16,R0;mov:g.w:R0,@0xf28c:16;tst.b:@0x30a:16;beq:#0x00024de5:8;btst.w:0xf,@0xf48c:16;beq:#0x00024de5:8;mov:g.w:@0xf488:16,R0;mov:g.w:R0,@0xf756:16;mov:g.w:@0xf488:16,R0;mov:g.w:R0,@0xf26e:16;bclr.w:0xf,@0xf48c:16;ldc.w:@SP+ ,SR;ldc.b:0x0,DP;ldm.w:@SP+,(R5 R3 R2 );prts:;
00024dee,f856_f858_clamped_calc,stm:(R2 R3 ),@-SP;tst.b:@0x2c1:16;nop:;mov:g.w:#0x80:16,@-SP;mov:g.w:@0xf270:16,R0;mov:g.w:R0,@-SP;pjsr:@0x144b4:24;add:q.w:#2,SP;add:g.w:@0xf28a:16,R0;mov:g.w:R0,@-SP;pjsr:@0x14036:24;adds.b:0x4,SP;mov:g.w:R0,R3;mov:g.w:#0x80:16,@-SP;mov:g.w:@0xf26e:16,R0;mov:g.w:R0,@-SP;pjsr:@0x144b4:24;add:q.w:#2,SP;add:g.w:@0xf286:16,R0;mov:g.w:R0,@-SP;pjsr:@0x14036:24;adds.b:0x4,SP;mov:g.w:R0,R2;clr.w:@-SP;mov:g.w:#0xff:16,@-SP;mov:g.w:R3,@-SP;pjsr:@0x1444c:24;adds.b:0x6,SP;mov:g.w:R0,@0xf858:16;clr.w:@-SP;mov:g.w:#0xff:16,@-SP;mov:g.w:R2,@-SP;pjsr:@0x1444c:24;adds.b:0x6,SP;mov:g.w:R0,@0xf856:16;ldm.w:@SP+,(R3 R2 );prts:;
00024e80,octane_level_init_or_force_from_gear_table,stm:(R2 R3 ),@-SP;clr.w:R2;clr.w:R3;btst.w:0x8,@0xf1f2:16;beq:#0x00024e9a:8;btst.w:0x0,@0xf0fe:16;beq:#0x00024eaa:8;mov:i:#0x6:16,R3;mov:i:#0xff:16,R2;bra:#0x00024eaa:8;mov:g.w:#0x2882:16,@-SP;mov:g.w:#0x1:8,@-SP;pjsr:@0x1481c:24;adds.b:0x4,SP;mov:g.w:R0,R2;mov:g.w:R2,@0xeec6:16;mov:g.w:R2,@0xeec8:16;mov:g.w:R3,@0xf3a4:16;ldm.w:@SP+,(R3 R2 );prts:;
00024eba,tcu_slip_state_block_cold_init,mov:g.w:#0xa0:16,@0xf350:16;mov:g.w:@0xb5e:16,R0;mov:g.w:R0,@0xefbe:16;ldc.b:0x1,DP;mov:g.b:@0x280c:16,R0;extu.b:R0;shll.w:R0;shll.w:R0;shll.w:R0;shll.w:R0;ldc.b:0x0,DP;mov:g.w:R0,@0xf380:16;ldc.b:0x1,DP;mov:g.b:@0x2828:16,R0;extu.b:R0;ldc.b:0x0,DP;mov:g.w:R0,@0xf37e:16;pjsr:@0x24f04:24;mov:g.w:#0x80:16,@0xf374:16;mov:g.w:@0xb1a:16,R0;mov:g.w:R0,@0xf3b2:16;prts:;
00024f04,tcu_slip_control_init,stc.w:SR,@-SP;orc.w:0x700,SR;andc.w:0xfeff,SR;ldc.b:0x0,DP;mov:g.w:#0x1000:16,@0xf3ae:16;mov:g.w:#0x1000:16,@0xf3ac:16;mov:g.w:@0xb14:16,R0;mov:g.w:R0,@0xf3aa:16;bclr.w:0x1,@0xf0ec:16;ldc.w:@SP+ ,SR;ldc.b:0x0,DP;bclr.w:0x8,@0xf3a4:16;pjsr:@0x15857:24;mov:g.w:@0xb58:16,R0;mov:g.w:R0,@0xf3ba:16;mov:g.w:@0xb52:16,R0;mov:g.w:R0,@0xf3bc:16;prts:;
00024f48,isc_f33e_periodic_dispatch_group_b,pjsr:@0x24f76:24;pjsr:@0x24f80:24;pjsr:@0x24fa0:24;pjsr:@0x24fc9:24;pjsr:@0x2532a:24;pjsr:@0x19400:24;pjsr:@0x2562b:24;pjsr:@0x25fee:24;pjsr:@0x2601a:24;pjsr:@0x26034:24;pjsr:@0x260b6:24;prts:;
00024f76,mirror_f18a_to_f18e,mov:g.w:@0xf18a:16,R0;mov:g.w:R0,@0xf18e:16;prts:;
00024f80,f33e_bit6_update_from_table_da2c_threshold,mov:g.w:#0xda2c:16,@-SP;mov:g.w:#0x2:8,@-SP;pjsr:@0x14854:24;adds.b:0x4,SP;cmp:g.w:@0xf18e:16,R0;bhi:#0x00024f9a:8;bset.w:@0xf33e:16,0x6;bra:#0x00024f9e:8;bclr.w:0x6,@0xf33e:16;prts:;
00024fa0,f33e_bit7_update_from_f0f8_gate,pjsr:@0x24fb4:24;tst.w:R0;beq:#0x00024fae:8;bset.w:@0xf33e:16,0x7;bra:#0x00024fb2:8;bclr.w:0x7,@0xf33e:16;prts:;
00024fb4,f0f8_bit12_active_bit11_clear_check,btst.w:0xc,@0xf0f8:16;beq:#0x00024fc5:8;btst.w:0xb,@0xf0f8:16;bne:#0x00024fc5:8;mov:i:#0x1:16,R0;bra:#0x00024fc7:8;clr.w:R0;prts:;
00024fc9,octane_level_gate_and_reset_dispatch,btst.w:0x7,@0xf1f2:16;beq:#0x00024ff9:8;pjsr:@0x2501d:24;pjsr:@0x2502d:24;pjsr:@0x2507a:24;pjsr:@0x250fb:24;pjsr:@0x2513a:24;pjsr:@0x2519e:24;pjsr:@0x251c4:24;pjsr:@0x25277:24;pjsr:@0x252d3:24;pjsr:@0x252f9:24;bra:#0x0002501b:8;stc.w:SR,@-SP;orc.w:0x700,SR;andc.w:0xfeff,SR;ldc.b:0x0,DP;clr.w:@0xf3a2:16;bclr.w:0x0,@0xf200:16;ldc.w:@SP+ ,SR;ldc.b:0x0,DP;clr.w:@0xeec6:16;clr.w:@0xeec8:16;prts:;
0002501d,tcu_slip_and_ff54_reinit_on_f20e_bit4,btst.w:0x4,@0xf20e:16;beq:#0x0002502b:8;pjsr:@0x24f04:24;pjsr:@0x1646c:24;prts:;
0002502d,per_cyl_knock_flag_update_cyl_a,pjsr:@0x25057:24;tst.w:R0;beq:#0x0002503b:8;bset.w:@0xf3a4:16,0x6;bra:#0x00025055:8;bclr.w:0x6,@0xf3a4:16;stc.w:SR,@-SP;orc.w:0x700,SR;andc.w:0xfeff,SR;ldc.b:0x0,DP;clr.w:@0xf3a2:16;ldc.w:@SP+ ,SR;ldc.b:0x0,DP;prts:;
00025057,tcu_slip_duty_gain_condition_check,mov:g.w:@0xf20e:16,R0;and.w:0x11,R0;bne:#0x00025076:8;btst.w:0x7,@0xf33e:16;bne:#0x00025076:8;mov:g.w:@0xf17a:16,R0;cmp:g.w:@0xb06:16,R0;blo:#0x00025076:8;mov:i:#0x1:16,R0;bra:#0x00025078:8;clr.w:R0;prts:;
0002507a,per_cyl_knock_flag_update_cyl_b,pjsr:@0x250ac:24;tst.w:R0;beq:#0x00025088:8;bset.w:@0xf3a4:16,0x7;bra:#0x000250aa:8;bclr.w:0x7,@0xf3a4:16;stc.w:SR,@-SP;orc.w:0x700,SR;andc.w:0xfeff,SR;ldc.b:0x0,DP;mov:g.w:@0xef88:16,R0;and.w:0x3,R0;mov:g.w:R0,@0xef88:16;ldc.w:@SP+ ,SR;ldc.b:0x0,DP;prts:;
000250ac,f3a4_bit12_13_update_and_check,mov:g.w:#0x2832:16,@-SP;mov:g.w:#0x1:8,@-SP;pjsr:@0x14656:24;adds.b:0x4,SP;cmp:g.w:@0xf186:16,R0;bhi:#0x000250c6:8;bset.w:@0xf3a4:16,0xc;bra:#0x000250ca:8;bclr.w:0xc,@0xf3a4:16;btst.w:0x3,@0xf1fe:16;bne:#0x000250dc:8;btst.w:0x7,@0xf0f8:16;bne:#0x000250dc:8;btst.w:0xc,@0xf3a4:16;bne:#0x000250e2:8;bclr.w:0xd,@0xf3a4:16;bra:#0x000250e6:8;bset.w:@0xf3a4:16,0xd;btst.w:0x3,@0xf1fe:16;bne:#0x000250f2:8;btst.w:0xc,@0xf3a4:16;beq:#0x000250f7:8;mov:i:#0x1:16,R0;bra:#0x000250f9:8;clr.w:R0;prts:;
000250fb,f3a4_bit10_update_dispatch,pjsr:@0x2510f:24;tst.w:R0;beq:#0x00025109:8;bset.w:@0xf3a4:16,0xa;bra:#0x0002510d:8;bclr.w:0xa,@0xf3a4:16;prts:;
0002510f,f0ec_bit1_threshold_gate_check,mov:g.w:R2,@-SP;mov:g.w:@0xf88:16,R2;btst.w:0x1,@0xf0ec:16;beq:#0x0002511f:8;mov:g.w:@0xf86:16,R2;cmp:g.w:@0xf17a:16,R2;bhi:#0x00025134:8;mov:g.w:@0xf186:16,R0;cmp:g.w:@0xf84:16,R0;blo:#0x00025134:8;mov:i:#0x1:16,R0;bra:#0x00025136:8;clr.w:R0;mov:g.w:@SP+,R2;prts:;
0002513a,f3ba_f3bc_f3a4_hysteresis_update,mov:g.w:@0xb58:16,R0;mov:g.w:R0,@0xf3ba:16;btst.w:0xb,@0xf3a4:16;beq:#0x00025158:8;mov:g.w:@0xf17a:16,R0;cmp:g.w:@0xb56:16,R0;bhi:#0x00025166:8;bclr.w:0xb,@0xf3a4:16;bra:#0x00025166:8;mov:g.w:@0xf17a:16,R0;cmp:g.w:@0xb54:16,R0;bls:#0x00025166:8;bset.w:@0xf3a4:16,0xb;btst.w:0xb,@0xf3a4:16;beq:#0x00025176:8;mov:g.w:@0xb50:16,R0;mov:g.w:R0,@0xf3bc:16;bra:#0x0002517e:8;mov:g.w:@0xb52:16,R0;mov:g.w:R0,@0xf3bc:16;mov:g.w:@0xf17a:16,R0;cmp:g.w:@0xb5c:16,R0;blo:#0x00025198:8;mov:g.w:@0xf17a:16,R0;cmp:g.w:@0xb5a:16,R0;bhi:#0x00025198:8;bset.w:@0xf3a4:16,0x9;bra:#0x0002519c:8;bclr.w:0x9,@0xf3a4:16;prts:;
0002519e,f3a4_bit8_hysteresis_update,btst.w:0x8,@0xf3a4:16;beq:#0x000251b4:8;mov:g.w:@0xf17a:16,R0;cmp:g.w:@0xb30:16,R0;bhi:#0x000251c2:8;bclr.w:0x8,@0xf3a4:16;bra:#0x000251c2:8;mov:g.w:@0xf17a:16,R0;cmp:g.w:@0xb34:16,R0;bls:#0x000251c2:8;bset.w:@0xf3a4:16,0x8;prts:;
000251c4,knock_event_counter_update_eec6,stm:(R2 R3 ),@-SP;pjsr:@0x2523e:24;tst.w:R0;beq:#0x0002523a:16;mov:g.w:@0xf3a2:16,R3;clr.w:R0;mov:g.w:@0xf3a2:16,R1;cmp:g.w:@0xb3e:16,R1;bhs:#0x000251e1:8;add:q.w:#1,R0;mov:g.w:R0,R2;tst.w:R2;bne:#0x000251ed:8;cmp:g.w:@0xb40:16,R3;bls:#0x0002523a:8;tst.w:@0xefc0:16;bne:#0x0002523a:8;tst.w:R2;beq:#0x00025211:8;mov:g.w:@0xeec6:16,R0;add:q.w:#1,R0;mov:g.w:R0,@0xeec6:16;bne:#0x00025207:8;add:q.w:#-1,@0xeec6:16;mov:g.w:@0xb42:16,R0;mov:g.w:R0,@0xefc0:16;bra:#0x00025223:8;tst.w:@0xeec6:16;beq:#0x0002521b:8;add:q.w:#-1,@0xeec6:16;mov:g.w:@0xb44:16,R0;mov:g.w:R0,@0xefc0:16;mov:g.w:#0xff:16,@-SP;clr.w:@-SP;mov:g.w:@0xeec6:16,R0;mov:g.w:R0,@-SP;pjsr:@0x1444c:24;adds.b:0x6,SP;mov:g.w:R0,@0xeec6:16;ldm.w:@SP+,(R3 R2 );prts:;
0002523e,f3a4_bit6_gate_condition_check,mov:g.w:@0xf10e:16,R0;cmp:g.w:@0xb3c:16,R0;blo:#0x00025273:8;btst.w:0x0,@0xf200:16;bne:#0x00025273:8;btst.w:0x3,@0xf1fe:16;bne:#0x00025273:8;btst.w:0x6,@0xf3a4:16;beq:#0x00025273:8;mov:g.w:#0x2840:16,@-SP;mov:g.w:#0x1:8,@-SP;pjsr:@0x14656:24;adds.b:0x4,SP;cmp:g.w:@0xf186:16,R0;bhi:#0x00025273:8;mov:i:#0x1:16,R0;bra:#0x00025275:8;clr.w:R0;prts:;
00025277,knock_counter_condition_override_eec6,mov:g.w:R2,@-SP;btst.w:0x8,@0xf1f2:16;beq:#0x000252cf:8;mov:g.w:@0xf3a4:16,R2;btst.w:0x0,@0xf0fe:16;beq:#0x0002528f:8;bset.w:@0xf3a4:16,0x2;bra:#0x00025293:8;bclr.w:0x2,@0xf3a4:16;xor.w:@0xf3a4:16,R2;btst.w:0x2,R2;beq:#0x000252a3:8;mov:g.w:@0xb5e:16,R0;mov:g.w:R0,@0xefbe:16;tst.w:@0xefbe:16;bne:#0x000252c5:8;btst.w:0x2,@0xf3a4:16;beq:#0x000252c1:8;btst.w:0x1,@0xf3a4:16;bne:#0x000252c5:8;bset.w:@0xf3a4:16,0x1;mov:g.w:#0xff:16,@0xeec6:16;bra:#0x000252c5:8;bclr.w:0x1,@0xf3a4:16;btst.w:0x1,@0xf3a4:16;bne:#0x000252cf:8;clr.w:@0xeec6:16;mov:g.w:@SP+,R2;prts:;
000252d3,octane_level_compute_from_knock_counter,mov:g.w:R2,@-SP;btst.w:0x3,@0xf1fe:16;bne:#0x000252e1:8;btst.w:0x0,@0xf200:16;beq:#0x000252e5:8;clr.w:R2;bra:#0x000252e9:8;mov:g.w:@0xeec6:16,R2;mov:g.w:R2,@-SP;pjsr:@0x1a1e5:24;add:q.w:#2,SP;mov:g.w:R0,@0xeec8:16;mov:g.w:@SP+,R2;prts:;
000252f9,efc2_threshold_update,cmp:g.w:#0x80:16,@0xf17e:16;blo:#0x00025328:8;mov:g.w:@0xf17e:16,R0;adds.b:0x80,R0;cmp:g.w:@0xb22:16,R0;blo:#0x00025328:8;stc.w:SR,@-SP;orc.w:0x700,SR;andc.w:0xfeff,SR;ldc.b:0x0,DP;mov:g.w:@0xb24:16,R0;mov:g.w:R0,@0xefc2:16;ldc.w:@SP+ ,SR;ldc.b:0x0,DP;prts:;
0002532a,f33e_multi_bit_update_dispatch,pjsr:@0x25340:24;pjsr:@0x25464:24;pjsr:@0x254d7:24;pjsr:@0x25544:24;pjsr:@0x255c0:24;prts:;
00025340,f33e_bit2_update_dispatch,tst.b:@0x2d4:16;beq:#0x0002536e:8;pjsr:@0x25378:24;tst.w:R0;beq:#0x0002536e:8;bset.w:@0xf33e:16,0x2;stc.w:SR,@-SP;orc.w:0x700,SR;andc.w:0xfeff,SR;ldc.b:0x0,DP;mov:g.w:@0xbbc:16,R0;mov:g.w:R0,@0xf378:16;ldc.w:@SP+ ,SR;ldc.b:0x0,DP;bra:#0x00025372:8;bclr.w:0x2,@0xf33e:16;pjsr:@0x253e1:24;prts:;
00025378,f33e_bit2_source_condition_check,mov:g.w:R2,@-SP;mov:g.w:@0xf14c:16,R0;cmp:g.w:@0xbac:16,R0;bls:#0x000253db:16;mov:g.w:@0xf18e:16,R0;cmp:g.w:@0xbb2:16,R0;bhi:#0x000253db:8;btst.w:0x5,@0xf0f8:16;bne:#0x0002539c:8;cmp:g.b:#0x2:8,@0x2d4:16;bne:#0x000253db:8;mov:g.w:@0xf10e:16,R0;cmp:g.w:@0xbae:16,R0;blo:#0x000253db:8;mov:g.w:@0xf1e6:16,R0;cmp:g.w:@0xbb0:16,R0;blo:#0x000253db:8;mov:g.w:@0xf17a:16,R0;cmp:g.w:@0xbb4:16,R0;blo:#0x000253db:8;mov:g.w:@0xf17a:16,R0;cmp:g.w:@0xbb6:16,R0;bhi:#0x000253db:8;mov:g.w:@0xf242:16,R2;shlr.w:R2;cmp:g.w:@0xbb8:16,R2;bhs:#0x000253db:8;cmp:g.w:@0xbba:16,R2;bls:#0x000253db:8;mov:i:#0x1:16,R0;bra:#0x000253dd:8;clr.w:R0;mov:g.w:@SP+,R2;prts:;
000253e1,f37a_correction_calc_from_f33e_bit2_or_f378,stm:(R2 R3 ),@-SP;btst.w:0x2,@0xf33e:16;bne:#0x000253f0:8;tst.w:@0xf378:16;beq:#0x00025460:16;mov:i:#0x80:16,R2;mov:g.w:#0xd180:16,@-SP;mov:g.w:#0x2:8,@-SP;pjsr:@0x14735:24;adds.b:0x4,SP;mov:g.w:#0x284e:16,@-SP;mov:g.w:#0x1:8,@-SP;pjsr:@0x14656:24;adds.b:0x4,SP;mov:g.w:R0,R3;tst.b:@0x2c1:16;bne:#0x00025435:8;mov:g.w:#0xd29c:16,@-SP;mov:g.w:#0x2:8,@-SP;pjsr:@0x14735:24;adds.b:0x4,SP;mov:g.w:#0x2858:16,@-SP;mov:g.w:#0x1:8,@-SP;pjsr:@0x14656:24;adds.b:0x4,SP;mov:g.w:R0,R2;mov:g.w:#0x4000:16,@-SP;mov:g.w:#0x2860:16,@-SP;mov:g.w:#0x1:8,@-SP;pjsr:@0x14656:24;adds.b:0x4,SP;mulxu.w:R2 ,R0;mov:g.w:R1,@-SP;mov:g.w:R3,@-SP;pjsr:@0x14219:24;adds.b:0x6,SP;mov:g.w:R0,@-SP;pjsr:@0x1442d:24;add:q.w:#2,SP;mov:g.w:R0,@0xf37a:16;ldm.w:@SP+,(R3 R2 );prts:;
00025464,f33e_bit3_update_dispatch,tst.b:@0x2d1:16;beq:#0x00025478:8;pjsr:@0x2547e:24;tst.w:R0;beq:#0x00025478:8;bset.w:@0xf33e:16,0x3;bra:#0x0002547c:8;bclr.w:0x3,@0xf33e:16;prts:;
0002547e,f33e_bit5_update_and_condition_check,mov:g.w:@0xf17a:16,R0;cmp:g.w:@0xbc6:16,R0;bls:#0x0002548e:8;bset.w:@0xf33e:16,0x5;bra:#0x00025492:8;bclr.w:0x5,@0xf33e:16;mov:g.w:@0xf10e:16,R0;cmp:g.w:@0xbc0:16,R0;bls:#0x000254d3:8;mov:g.w:@0xf17a:16,R0;cmp:g.w:@0xbc2:16,R0;blo:#0x000254d3:8;mov:g.w:@0xf17a:16,R0;cmp:g.w:@0xbc4:16,R0;bhi:#0x000254d3:8;mov:g.w:#0x286c:16,@-SP;mov:g.w:#0x1:8,@-SP;pjsr:@0x14656:24;adds.b:0x4,SP;cmp:g.w:@0xf18e:16,R0;bhs:#0x000254d3:8;mov:g.w:@0xf13e:16,R0;cmp:g.w:@0xbbe:16,R0;bhs:#0x000254d3:8;mov:i:#0x1:16,R0;bra:#0x000254d5:8;clr.w:R0;prts:;
000254d7,f33e_bit12_clear,bclr.w:0xc,@0xf33e:16;prts:;
000254dd,f33e_bit11_bit10_hysteresis_gate_check,btst.w:0xb,@0xf33e:16;beq:#0x000254f3:8;mov:g.w:@0xf130:16,R0;cmp:g.w:@0xba2:16,R0;bhi:#0x00025501:8;bclr.w:0xb,@0xf33e:16;bra:#0x00025501:8;mov:g.w:@0xf130:16,R0;cmp:g.w:@0xba4:16,R0;bls:#0x00025501:8;bset.w:@0xf33e:16,0xb;btst.w:0xa,@0xf33e:16;beq:#0x00025517:8;mov:g.w:@0xf10e:16,R0;cmp:g.w:@0xba8:16,R0;bhi:#0x00025525:8;bclr.w:0xa,@0xf33e:16;bra:#0x00025525:8;mov:g.w:@0xf10e:16,R0;cmp:g.w:@0xba6:16,R0;bls:#0x00025525:8;bset.w:@0xf33e:16,0xa;mov:g.w:@0xf186:16,R0;cmp:g.w:@0xba0:16,R0;blo:#0x00025540:8;btst.w:0xb,@0xf33e:16;beq:#0x00025540:8;btst.w:0xa,@0xf33e:16;beq:#0x00025540:8;mov:i:#0x1:16,R0;bra:#0x00025542:8;clr.w:R0;prts:;
00025544,f20e_bit15_update_dispatch,btst.w:0xa,@0xf1f2:16;beq:#0x00025558:8;pjsr:@0x2555e:24;tst.w:R0;beq:#0x00025558:8;bset.w:@0xf20e:16,0xf;bra:#0x0002555c:8;bclr.w:0xf,@0xf20e:16;prts:;
0002555e,f20e_bit15_source_condition_check,btst.w:0x7,@0xf0f8:16;bne:#0x000255bc:16;btst.w:0x5,@0xf0f8:16;beq:#0x000255bc:8;mov:g.w:@0xf17a:16,R0;cmp:g.w:@0xb7a:16,R0;bhs:#0x000255bc:8;mov:g.w:@0xf17a:16,R0;cmp:g.w:@0xb7c:16,R0;bls:#0x000255bc:8;mov:g.w:@0xf10e:16,R0;cmp:g.w:@0xb82:16,R0;bls:#0x000255bc:8;mov:g.w:@0xf1e6:16,R0;cmp:g.w:@0xd96:16,R0;bls:#0x000255bc:8;btst.w:0x2,@0xeed0:16;bne:#0x000255bc:8;mov:g.w:@0xf20e:16,R0;and.w:0x11,R0;bne:#0x000255bc:8;mov:g.w:@0xf242:16,R0;cmp:g.w:@0xb7e:16,R0;bhs:#0x000255bc:8;mov:g.w:@0xf242:16,R0;cmp:g.w:@0xb80:16,R0;bls:#0x000255bc:8;mov:i:#0x1:16,R0;bra:#0x000255be:8;clr.w:R0;prts:;
000255c0,f33e_bit4_update_dispatch,pjsr:@0x255d4:24;tst.w:R0;beq:#0x000255ce:8;bset.w:@0xf33e:16,0x4;bra:#0x000255d2:8;bclr.w:0x4,@0xf33e:16;prts:;
000255d4,f33e_bit1_hysteresis_gate_check,btst.w:0x1,@0xf33e:16;beq:#0x000255ea:8;mov:g.w:@0xf17a:16,R0;cmp:g.w:@0xaf0:16,R0;bhi:#0x000255f8:8;bclr.w:0x1,@0xf33e:16;bra:#0x000255f8:8;mov:g.w:@0xf17a:16,R0;cmp:g.w:@0xaee:16,R0;bls:#0x000255f8:8;bset.w:@0xf33e:16,0x1;btst.w:0x7,@0xf0f8:16;beq:#0x00025619:8;btst.w:0x1,@0xf33e:16;bne:#0x00025619:8;btst.w:0x2,@0xeed0:16;bne:#0x00025619:8;mov:g.w:@0xf20e:16,R0;and.w:0x19,R0;bne:#0x00025619:8;mov:i:#0x1:16,R0;bra:#0x0002561b:8;clr.w:R0;prts:;
0002561d,f33e_bit13_bit11_clear,mov:g.w:@0xf33e:16,R0;and.w:0x9fff,R0;mov:g.w:R0,@0xf33e:16;prts:;
0002562b,isc_f342_composite_correction_calc,link:FP,#-0x2:8;stm:(R2 R3 R5 ),@-SP;pjsr:@0x2571a:24;mov:g.w:@0xf344:16,R5;pjsr:@0x25a59:24;mov:g.w:R0,R3;tst.b:@0x2f9:16;beq:#0x0002564f:8;pjsr:@0x25aef:24;mov:g.w:R0,R2;cmp:g.w:R2,R3;blo:#0x0002564f:8;mov:g.w:R2,R3;mov:g.w:R3,R2;cmp:g.w:R3,R5;bhs:#0x00025657:8;mov:g.w:R5,R2;pjsr:@0x25bfd:24;mov:f.w:R0,@(-0x2:8,FP);pjsr:@0x25c15:24;add:g.w:@(-0x2:8,FP),R2;pjsr:@0x25c48:24;add:g.w:R0,R2;pjsr:@0x25d27:24;add:g.w:R0,R2;pjsr:@0x28f00:24;add:g.w:R0,R2;pjsr:@0x25e1b:24;mov:g.w:R2,R5;add:g.w:0x7e00,R5;add:g.w:R0,R5;adds.b:0x80,R5;cmp:g.w:#0x80:16,@0xf358:16;bhs:#0x0002569b:8;mov:g.w:@0xaf4:16,R3;add:g.w:0x8000,R3;cmp:g.w:R3,R5;bhs:#0x0002569b:8;mov:g.w:R3,R5;pjsr:@0x25e8b:24;mov:g.w:R5,R1;add:g.w:R0,R1;adds.b:0x80,R1;mov:g.w:#0x8000:16,@-SP;mov:g.w:R1,@-SP;pjsr:@0x14036:24;adds.b:0x4,SP;mov:g.w:R0,R5;pjsr:@0x25f45:24;mov:g.w:R0,R3;cmp:g.w:R3,R5;blo:#0x000256c1:8;mov:g.w:R3,R5;cmp:g.w:#0x80:16,@0xf35a:16;beq:#0x000256d3:8;cmp:g.w:@0xb94:16,R5;bhs:#0x000256d3:8;mov:g.w:@0xb94:16,R5;btst.w:0x7,@0xf33e:16;bne:#0x000256e3:8;mov:g.w:@0xf20e:16,R0;and.w:0x11,R0;beq:#0x000256ea:8;mov:g.w:@0xac6:16,R5;adds.b:0x14,R5;mov:i:#0xa:16,R3;btst.w:0xd,@0xf1f2:16;beq:#0x00025703:8;mov:g.w:#0x2cf4:16,@-SP;mov:g.w:#0x1:8,@-SP;pjsr:@0x14656:24;adds.b:0x4,SP;mov:g.w:R0,R3;mov:g.w:#0x46:8,@-SP;mov:g.w:R3,@-SP;mov:g.w:R5,@-SP;pjsr:@0x1444c:24;adds.b:0x6,SP;mov:g.w:R0,@0xf342:16;ldm.w:@SP+,(R5 R3 R2 );unlk:FP;prts:;
0002571a,isc_f344_correction_calc,mov:g.w:R2,@-SP;pjsr:@0x25742:24;mov:g.w:R0,@-SP;pjsr:@0x258e8:24;add:q.w:#2,SP;mov:g.w:R0,@-SP;pjsr:@0x259df:24;add:q.w:#2,SP;mov:g.w:R0,R2;mov:g.w:R2,@-SP;pjsr:@0x1a182:24;add:q.w:#2,SP;mov:g.w:R0,@0xf344:16;mov:g.w:@SP+,R2;prts:;
00025742,isc_f34e_f34a_correction_calc,link:FP,#-0x2:8;stm:(R2 R3 R5 ),@-SP;pjsr:@0x2586f:24;mov:g.w:R0,@0xf0ba:16;mov:g.w:#0xd32c:16,@-SP;mov:g.w:#0x2:8,@-SP;pjsr:@0x14735:24;adds.b:0x4,SP;mov:g.w:#0xd37c:16,@-SP;mov:g.w:#0x2:8,@-SP;pjsr:@0x14735:24;adds.b:0x4,SP;btst.w:0x5,@0xf0f8:16;beq:#0x00025789:8;mov:g.w:#0xdbac:16,@-SP;mov:g.w:#0x2:8,@-SP;pjsr:@0x14854:24;adds.b:0x4,SP;mov:g.w:R0,R2;mov:g.w:#0xd9ec:16,@-SP;mov:g.w:#0x2:8,@-SP;bra:#0x000257a0:8;mov:g.w:#0xdbcc:16,@-SP;mov:g.w:#0x2:8,@-SP;pjsr:@0x14854:24;adds.b:0x4,SP;mov:g.w:R0,R2;mov:g.w:#0xda0c:16,@-SP;mov:g.w:#0x2:8,@-SP;pjsr:@0x14854:24;adds.b:0x4,SP;mov:f.w:R0,@(-0x2:8,FP);mov:g.w:R2,@0xf346:16;btst.w:0x7,@0xf1f2:16;beq:#0x000257f5:8;btst.w:0x5,@0xf0f8:16;beq:#0x000257c2:8;mov:g.w:#0xdb6c:16,@-SP;mov:g.w:#0x2:8,@-SP;bra:#0x000257c9:8;mov:g.w:#0xdb8c:16,@-SP;mov:g.w:#0x2:8,@-SP;pjsr:@0x14854:24;adds.b:0x4,SP;mov:g.w:R0,R2;mov:g.w:R2,@0xf348:16;mov:g.w:@0xeec8:16,R0;mov:g.w:R0,@-SP;mov:g.w:@0xf346:16,R0;mov:g.w:R0,@-SP;mov:g.w:@0xf348:16,R0;mov:g.w:R0,@-SP;pjsr:@0x14599:24;adds.b:0x6,SP;mov:g.w:R0,R3;mov:g.w:R2,R5;bra:#0x000257fb:8;mov:g.w:@0xf346:16,R3;mov:g.w:R2,R5;tst.b:@0x2fa:16;beq:#0x00025846:8;btst.w:0x5,@0xf0f8:16;bne:#0x00025846:8;mov:g.w:#0xd74c:16,@-SP;mov:g.w:#0x2:8,@-SP;pjsr:@0x14735:24;adds.b:0x4,SP;mov:g.w:#0xd75a:16,@-SP;mov:g.w:#0x2:8,@-SP;pjsr:@0x14735:24;adds.b:0x4,SP;mov:g.w:#0x27a8:16,@-SP;mov:g.w:#0x1:8,@-SP;pjsr:@0x14656:24;adds.b:0x4,SP;mov:g.w:R0,@-SP;mov:g.w:R3,@-SP;pjsr:@0x14000:24;adds.b:0x4,SP;mov:g.w:R0,@-SP;pjsr:@0x1442d:24;add:q.w:#2,SP;mov:g.w:R0,R3;mov:g.w:R3,@0xf34e:16;mov:g.w:#0x80:16,@-SP;add:g.w:@(-0x2:8,FP),R5;mov:g.w:R5,@-SP;pjsr:@0x14036:24;adds.b:0x4,SP;mov:g.w:R0,@-SP;pjsr:@0x1442d:24;add:q.w:#2,SP;mov:g.w:R0,@0xf34a:16;mov:g.w:@0xf34e:16,R0;ldm.w:@SP+,(R5 R3 R2 );unlk:FP;prts:;
0002586f,isc_f35e_correction_calc,link:FP,#-0x2:8;mov:g.w:R2,@-SP;btst.w:0x3,@0xf1fe:16;beq:#0x0002588d:8;mov:g.w:#0xda2c:16,@-SP;mov:g.w:#0x2:8,@-SP;pjsr:@0x14854:24;adds.b:0x4,SP;mov:g.w:R0,R2;shll.w:R2;bra:#0x000258b9:8;mov:g.w:#0x27b0:16,@-SP;mov:g.w:#0x1:8,@-SP;pjsr:@0x14656:24;adds.b:0x4,SP;mov:g.w:R0,@-SP;mov:g.w:@0xf366:16,R0;mulxu.w:@0xae0:16,R0;mov:g.w:R1,@-SP;pjsr:@0x143bf:24;adds.b:0x4,SP;mov:f.w:R0,@(-0x2:8,FP);pjsr:@0x258c4:24;mov:g.w:R0,R2;add:g.w:@(-0x2:8,FP),R2;mov:g.w:R2,@0xf35e:16;mov:g.w:R2,R0;mov:g.w:@SP+,R2;unlk:FP;prts:;
000258c4,select_value_f194_f196,mov:g.w:R2,@-SP;mov:g.w:@0xf118:16,R0;cmp:g.w:@0xf6e:16,R0;bhi:#0x000258d6:8;tst.b:@0x304:16;beq:#0x000258de:8;mov:g.w:@0xf194:16,R2;mov:g.w:R2,R0;bra:#0x000258e4:8;mov:g.w:@0xf196:16,R2;mov:g.w:R2,R0;mov:g.w:@SP+,R2;prts:;
000258e8,isc_f34c_correction_calc,link:FP,#0x0:8;stm:(R2 R3 R5 ),@-SP;mov:f.w:@(0x6:8,FP),R3;mov:g.w:@0xf20e:16,R0;and.w:0x11,R0;beq:#0x00025900:8;mov:g.w:#0xff:16,@0xf3ee:16;bra:#0x00025954:8;mov:g.w:@0xf0fa:16,R0;xor.w:@0xf0f8:16,R0;and.w:@0xf0fa:16,R0;btst.w:0x7,R0;beq:#0x0002591e:8;mov:g.w:@0x13d8:16,R0;mov:g.w:R0,@0xf05a:16;clr.w:@0xf3ee:16;bra:#0x00025954:8;tst.w:@0xf05a:16;beq:#0x00025930:8;mov:g.w:@0x13dc:16,R0;shll.w:R0;mov:g.w:R0,@0xf030:16;bra:#0x00025954:8;tst.w:@0xf030:16;bne:#0x00025954:8;mov:g.w:@0x13dc:16,R0;shll.w:R0;mov:g.w:R0,@0xf030:16;mov:g.w:@0xf3ee:16,R0;add:g.w:@0x13da:16,R0;mov:g.w:R0,@-SP;pjsr:@0x1442d:24;add:q.w:#2,SP;mov:g.w:R0,@0xf3ee:16;btst.w:0x9,@0xf1f2:16;beq:#0x000259d4:16;mov:g.w:@0xef6a:16,R0;cmp:g.w:@0xb78:16,R0;blo:#0x000259d4:16;mov:g.w:#0xd490:16,@-SP;mov:g.w:#0x2:8,@-SP;pjsr:@0x14735:24;adds.b:0x4,SP;tst.b:@0x307:16;beq:#0x00025997:8;mov:g.w:@0xf11c:16,R0;cmp:g.w:@0x13ca:16,R0;bhs:#0x00025997:8;mov:g.w:@0xf114:16,R0;cmp:g.w:@0x13cc:16,R0;bhs:#0x00025997:8;mov:g.w:#0x27fc:16,@-SP;mov:g.w:#0x1:8,@-SP;bra:#0x0002599e:8;mov:g.w:#0x27fc:16,@-SP;mov:g.w:#0x1:8,@-SP;pjsr:@0x14656:24;adds.b:0x4,SP;mov:g.w:R0,R5;tst.b:@0x30f:16;beq:#0x000259b9:8;cmp:g.w:@0xf3ee:16,R5;blo:#0x000259b9:8;mov:g.w:@0xf3ee:16,R2;bra:#0x000259bb:8;mov:g.w:R5,R2;mov:g.w:R2,@-SP;mov:g.w:R3,@-SP;mov:g.w:@0xf34a:16,R0;mov:g.w:R0,@-SP;pjsr:@0x14599:24;adds.b:0x6,SP;mov:g.w:R0,R2;cmp:g.w:R2,R3;blo:#0x000259d4:8;mov:g.w:R2,R3;mov:g.w:R3,@0xf34c:16;mov:g.w:R3,R0;ldm.w:@SP+,(R5 R3 R2 );unlk:FP;prts:;
000259df,isc_f4d6_gated_offset_calc,link:FP,#-0x2:8;tst.b:@0x2ea:16;beq:#0x00025a20:8;pjsr:@0x25a25:24;tst.w:R0;beq:#0x00025a20:8;cmp:g.b:#0x14:8,@(0x6:8,FP);blo:#0x00025a20:8;btst.w:0x6,@0xf4d6:16;beq:#0x00025a03:8;mov:g.w:@0xe4e:16,R0;mov:f.w:R0,@(-0x2:8,FP);bra:#0x00025a09:8;mov:g.w:@0xe50:16,R0;mov:f.w:R0,@(-0x2:8,FP);mov:f.w:@(-0x2:8,FP),R0;mov:g.w:R0,@-SP;mov:f.w:@(0x6:8,FP),R0;adds.b:0xec,R0;mov:g.w:R0,@-SP;pjsr:@0x142f3:24;adds.b:0x4,SP;adds.b:0x14,R0;bra:#0x00025a22:8;mov:f.w:@(0x6:8,FP),R0;unlk:FP;prts:;
00025a25,isc_f4d6_gate_condition_check,btst.w:0xd,@0xf1f2:16;beq:#0x00025a33:8;cmp:g.w:#0x80:16,@0xf374:16;bne:#0x00025a55:8;btst.w:0x6,@0xf0f8:16;bne:#0x00025a55:8;mov:g.w:@0xef6c:16,R0;cmp:g.w:@0xe48:16,R0;blo:#0x00025a55:8;mov:g.w:@0xf4d6:16,R0;and.w:0x23,R0;cmp:i:#0x23:16,R0;bne:#0x00025a55:8;mov:i:#0x1:16,R0;bra:#0x00025a57:8;clr.w:R0;prts:;
00025a59,isc_f36a_f36c_target_calc,stm:(R2 R3 ),@-SP;btst.w:0x4,@0xf20e:16;bne:#0x00025a7f:8;mov:g.w:@0xf178:16,R0;cmp:g.w:@0xb02:16,R0;blo:#0x00025a7f:8;mov:g.w:@0xf14c:16,R0;cmp:g.w:@0x9ba:16,R0;bhs:#0x00025a7f:8;mov:g.w:@0xf1c8:16,R0;cmp:g.w:@0xb00:16,R0;blo:#0x00025a97:8;stc.w:SR,@-SP;orc.w:0x700,SR;andc.w:0xfeff,SR;ldc.b:0x0,DP;mov:g.w:#0x80:16,@0xf36a:16;ldc.w:@SP+ ,SR;ldc.b:0x0,DP;btst.w:0x5,@0xf0f8:16;beq:#0x00025ae7:8;btst.w:0x2,@0xf20e:16;beq:#0x00025ae7:8;mov:g.w:@0xafa:16,R3;adds.b:0x14,R3;mov:g.w:@0xaf8:16,R0;mov:g.w:R0,@-SP;mov:g.w:@0xf344:16,R0;mov:g.w:R0,@-SP;pjsr:@0x14036:24;adds.b:0x4,SP;mov:g.w:R0,R2;stc.w:SR,@-SP;orc.w:0x700,SR;andc.w:0xfeff,SR;cmp:g.w:R3,R2;ldc.b:0x0,DP;blo:#0x00025ad6:8;mov:g.w:R2,@0xf36a:16;bra:#0x00025ada:8;mov:g.w:R3,@0xf36a:16;mov:g.w:@0xafc:16,R0;mov:g.w:R0,@0xf36c:16;ldc.w:@SP+ ,SR;ldc.b:0x0,DP;mov:g.w:@0xf36a:16,R0;ldm.w:@SP+,(R3 R2 );prts:;
00025aef,isc_f37c_ramp_target_calc,stm:(R2 R3 ),@-SP;mov:i:#0x80:16,R3;mov:g.w:R3,R2;tst.b:@0x2c8:16;beq:#0x00025bd3:16;mov:g.w:@0xbda:16,R0;mulxu.w:0x14,R0;cmp:g.w:@0xef6a:16,R1;bhs:#0x00025bd3:16;mov:g.w:@0xf10e:16,R0;cmp:g.w:@0xbdc:16,R0;blo:#0x00025bd3:16;mov:g.w:@0xf0f8:16,R0;and.w:R3 ,R0;beq:#0x00025bd3:16;mov:g.w:@0xf178:16,R0;cmp:g.w:@0xbde:16,R0;blo:#0x00025bd3:16;mov:g.w:@0xf4a4:16,R0;and.w:R3 ,R0;bne:#0x00025bd3:16;btst.w:0x5,@0xf4c0:16;beq:#0x00025bd3:16;and.w:@0xf4b4:16,R3;bne:#0x00025bd3:16;mov:g.w:@0xf4be:16,R0;and.w:0xc0,R0;bne:#0x00025bd3:16;btst.w:0x5,@0xf0f8:16;bne:#0x00025bd3:16;mov:g.w:@0xbe0:16,R0;add:g.w:@0xbe2:16,R0;cmp:g.w:@0xef72:16,R0;blo:#0x00025b6a:8;mov:g.w:@0xbe6:16,R0;mov:g.w:R0,@0xefc4:16;mov:g.w:@0xef72:16,R0;cmp:g.w:@0xbe0:16,R0;bhs:#0x00025b88:8;mov:g.w:@0xbe0:16,R0;mov:g.w:R0,@-SP;mov:g.w:@0xbe4:16,R0;mov:g.w:R0,@-SP;mov:g.w:@0xef72:16,R0;mov:g.w:R0,@-SP;bra:#0x00025bb7:8;tst.w:@0xbe2:16;bne:#0x00025b92:8;clr.w:R2;bra:#0x00025bc0:8;mov:g.w:@0xbe2:16,R0;mov:g.w:R0,@-SP;mov:g.w:@0xbe4:16,R0;mov:g.w:R0,@-SP;mov:g.w:@0xef72:16,R0;mov:g.w:R0,@-SP;mov:g.w:@0xbe0:16,R0;add:g.w:@0xbe2:16,R0;mov:g.w:R0,@-SP;pjsr:@0x14036:24;adds.b:0x4,SP;mov:g.w:R0,@-SP;pjsr:@0x141ba:24;adds.b:0x6,SP;mov:g.w:R0,R2;mov:g.w:R2,@-SP;mov:g.w:@0xf34e:16,R0;mov:g.w:R0,@-SP;pjsr:@0x14036:24;adds.b:0x4,SP;mov:g.w:R0,R2;bra:#0x00025be5:8;tst.w:@0xefc4:16;beq:#0x00025be1:8;mov:g.w:#0xffff:16,@0xef72:16;bra:#0x00025be5:8;clr.w:@0xef72:16;cmp:i:#0x14:16,R2;blo:#0x00025bf0:8;mov:g.w:R2,@0xf37c:16;bra:#0x00025bf5:8;mov:g.w:#0x14:8,@0xf37c:16;mov:g.w:@0xf37c:16,R0;ldm.w:@SP+,(R3 R2 );prts:;
00025bfd,isc_f352_table_lookup,mov:g.w:#0x27cc:16,@-SP;mov:g.w:#0x1:8,@-SP;pjsr:@0x14656:24;adds.b:0x4,SP;mov:g.w:R0,@0xf352:16;mov:g.w:@0xf352:16,R0;prts:;
00025c15,isc_f354_table_lookup_conditional,mov:g.w:R2,@-SP;mov:i:#0x80:16,R2;tst.b:@0x2c1:16;bne:#0x00025c3e:8;mov:g.w:#0xd28c:16,@-SP;mov:g.w:#0x2:8,@-SP;pjsr:@0x14735:24;adds.b:0x4,SP;mov:g.w:#0x27e4:16,@-SP;mov:g.w:#0x1:8,@-SP;pjsr:@0x14656:24;adds.b:0x4,SP;mov:g.w:R0,R2;mov:g.w:R2,@0xf354:16;mov:g.w:R2,R0;mov:g.w:@SP+,R2;prts:;
00025c48,isc_f356_correction_calc,mov:g.w:R2,@-SP;mov:i:#0x80:16,R2;mov:g.w:#0x27ee:16,@-SP;mov:g.w:#0x1:8,@-SP;pjsr:@0x14656:24;adds.b:0x4,SP;cmp:g.w:@0xf18e:16,R0;bhs:#0x00025c71:8;mov:g.w:#0x27d8:16,@-SP;mov:g.w:#0x1:8,@-SP;pjsr:@0x14656:24;adds.b:0x4,SP;mov:g.w:R0,R2;btst.w:0x1,@0xf226:16;beq:#0x00025c88:8;mov:g.w:@0xa78:16,R0;mov:g.w:R0,@-SP;mov:g.w:R2,@-SP;pjsr:@0x14036:24;adds.b:0x4,SP;mov:g.w:R0,R2;btst.w:0xc,@0xf33e:16;beq:#0x00025c9f:8;mov:g.w:@0xbaa:16,R0;mov:g.w:R0,@-SP;mov:g.w:R2,@-SP;pjsr:@0x14036:24;adds.b:0x4,SP;mov:g.w:R0,R2;tst.b:@0x2d2:16;beq:#0x00025cdc:8;mov:g.w:@0xf18e:16,R0;cmp:g.w:@0xb96:16,R0;blo:#0x00025cdc:8;mov:g.w:@0xf10e:16,R0;cmp:g.w:@0xb9a:16,R0;blo:#0x00025cdc:8;mov:g.w:@0xf10e:16,R0;cmp:g.w:@0xb98:16,R0;blo:#0x00025ccb:8;mov:g.w:@0xb9c:16,R0;mov:g.w:R0,@-SP;bra:#0x00025cd1:8;mov:g.w:@0xb9e:16,R0;mov:g.w:R0,@-SP;mov:g.w:R2,@-SP;pjsr:@0x14036:24;adds.b:0x4,SP;mov:g.w:R0,R2;pjsr:@0x25cff:24;tst.w:R0;beq:#0x00025cf5:8;mov:g.w:@0x14c4:16,R0;mov:g.w:R0,@-SP;mov:g.w:R2,@-SP;pjsr:@0x14036:24;adds.b:0x4,SP;mov:g.w:R0,R2;mov:g.w:R2,@0xf356:16;mov:g.w:R2,R0;mov:g.w:@SP+,R2;prts:;
00025cff,f33e_bit15_hysteresis_update,btst.w:0xf,@0xf33e:16;beq:#0x00025d15:8;mov:g.w:@0xf17a:16,R0;cmp:g.w:@0x14ba:16,R0;bhi:#0x00025d23:8;bclr.w:0xf,@0xf33e:16;bra:#0x00025d23:8;mov:g.w:@0xf17a:16,R0;cmp:g.w:@0x14bc:16,R0;bls:#0x00025d23:8;bset.w:@0xf33e:16,0xf;clr.w:R0;prts:;
00025d27,isc_f358_correction_calc,stm:(R2 R3 R5 ),@-SP;mov:i:#0x80:16,R2;btst.w:0x4,@0xf33e:16;beq:#0x00025dc2:16;mov:g.w:@0xaf2:16,R0;mov:g.w:R0,@-SP;mov:g.w:@0xf400:16,R0;mov:g.w:R0,@-SP;pjsr:@0x142f3:24;adds.b:0x4,SP;mov:g.w:R0,R2;mov:g.w:@0xf180:16,R5;shlr.w:R5;shlr.w:R5;shlr.w:R5;add:q.w:#1,R5;shlr.w:R5;clr.w:R3;cmp:g.w:R5,R2;bhs:#0x00025d5e:8;mov:g.w:R5,R2;cmp:g.w:@0xf170:16,R2;blo:#0x00025d6c:8;mov:g.w:R2,R5;sub.w:@0xf170:16,R5;bra:#0x00025d75:8;mov:g.w:@0xf170:16,R5;sub.w:R2,R5;mov:i:#0x1:16,R3;mov:g.w:@0xae4:16,R0;mov:g.w:R5,@-SP;mov:g.w:R0,@-SP;pjsr:@0x143bf:24;adds.b:0x4,SP;mov:g.w:R0,R2;btst.w:0x5,@0xf0f8:16;bne:#0x00025d9e:8;tst.b:@0x2fa:16;beq:#0x00025d9e:8;cmp:g.w:@0xae8:16,R2;blo:#0x00025da8:8;mov:g.w:@0xae8:16,R2;bra:#0x00025da8:8;cmp:g.w:@0xae6:16,R2;blo:#0x00025da8:8;mov:g.w:@0xae6:16,R2;tst.w:R3;beq:#0x00025db0:8;mov:g.w:R2,@-SP;bra:#0x00025dfe:8;mov:g.w:R2,R0;add:g.w:0x80,R0;mov:g.w:R0,@-SP;pjsr:@0x1442d:24;add:q.w:#2,SP;mov:g.w:R0,R2;bra:#0x00025e0b:8;btst.w:0xf,@0xf20e:16;beq:#0x00025e0b:8;mov:g.w:@0xf182:16,R0;shlr.w:R0;shlr.w:R0;shlr.w:R0;add:q.w:#1,R0;shlr.w:R0;mov:g.w:R0,@-SP;mov:g.w:@0xf170:16,R0;mov:g.w:R0,@-SP;pjsr:@0x14036:24;adds.b:0x4,SP;mov:g.w:R0,R5;cmp:g.w:@0xb86:16,R5;bls:#0x00025e0b:8;mov:g.w:R5,@-SP;mov:g.w:@0xb88:16,R0;mov:g.w:R0,@-SP;pjsr:@0x143bf:24;adds.b:0x4,SP;mov:g.w:R0,@-SP;mov:g.w:#0x80:16,@-SP;pjsr:@0x14036:24;adds.b:0x4,SP;mov:g.w:R0,R2;mov:g.w:R2,@-SP;pjsr:@0x1a1b9:24;add:q.w:#2,SP;mov:g.w:R0,@0xf358:16;ldm.w:@SP+,(R5 R3 R2 );prts:;
00025e1b,isc_f35a_correction_calc,mov:g.w:R2,@-SP;mov:i:#0x80:16,R2;tst.b:@0x2d3:16;beq:#0x00025e81:8;mov:g.w:@0xef6a:16,R0;cmp:g.w:@0xb8c:16,R0;bhs:#0x00025e81:8;mov:g.w:@0xf10e:16,R0;cmp:g.w:@0xb8a:16,R0;blo:#0x00025e81:8;btst.w:0x7,@0xf0f8:16;beq:#0x00025e81:8;mov:g.w:@0xb8e:16,R0;mov:g.w:R0,@-SP;mov:g.w:@0xf170:16,R0;mov:g.w:R0,@-SP;pjsr:@0x14036:24;adds.b:0x4,SP;mov:g.w:@0xb92:16,R1;mov:g.w:R1,@-SP;mov:g.w:R0,@-SP;pjsr:@0x143bf:24;adds.b:0x4,SP;mov:g.w:R0,R2;cmp:g.w:@0xb90:16,R2;bhs:#0x00025e6e:8;mov:g.w:R2,@-SP;bra:#0x00025e74:8;mov:g.w:@0xb90:16,R0;mov:g.w:R0,@-SP;mov:g.w:#0x80:16,@-SP;pjsr:@0x14036:24;adds.b:0x4,SP;mov:g.w:R0,R2;mov:g.w:R2,@0xf35a:16;mov:g.w:R2,R0;mov:g.w:@SP+,R2;prts:;
00025e8b,isc_f374_correction_calc,stm:(R2 R3 R5 ),@-SP;mov:i:#0x80:16,R3;mov:g.w:R3,R2;btst.w:0xd,@0xf1f2:16;beq:#0x00025f3b:16;mov:g.w:@0xf4be:16,R5;mov:g.w:@0xf4a2:16,R0;and.w:R3 ,R0;beq:#0x00025f2a:16;mov:g.w:@0xf4a4:16,R0;and.w:R3 ,R0;bne:#0x00025f2a:16;mov:g.w:R5,R0;and.w:0xc0,R0;beq:#0x00025f2a:16;mov:g.w:R5,R0;and.w:R3 ,R0;bne:#0x00025ec4:8;mov:g.w:@0xe62:16,R2;bra:#0x00025ecf:8;mov:i:#0xff:16,R2;btst.w:0x6,R5;bne:#0x00025ecf:8;mov:g.w:@0xe64:16,R2;pjsr:@0x258c4:24;mov:g.w:R0,@0xf0ba:16;mov:g.w:#0xd32c:16,@-SP;mov:g.w:#0x2:8,@-SP;pjsr:@0x14735:24;adds.b:0x4,SP;mov:g.w:#0xd356:16,@-SP;mov:g.w:#0x2:8,@-SP;pjsr:@0x14735:24;adds.b:0x4,SP;mov:g.w:#0xff:16,@-SP;mov:g.w:R2,@-SP;mov:g.w:#0x2b94:16,@-SP;mov:g.w:#0x1:8,@-SP;pjsr:@0x14656:24;adds.b:0x4,SP;mov:g.w:R0,@-SP;pjsr:@0x14219:24;adds.b:0x6,SP;mov:g.w:R0,R2;stc.w:SR,@-SP;orc.w:0x700,SR;andc.w:0xfeff,SR;ldc.b:0x0,DP;mov:g.w:R2,@0xf376:16;ldc.w:@SP+ ,SR;ldc.b:0x0,DP;bra:#0x00025f2e:8;mov:g.w:@0xf376:16,R2;mov:g.w:R2,@-SP;mov:g.w:R3,@-SP;pjsr:@0x14036:24;adds.b:0x4,SP;mov:g.w:R0,R2;mov:g.w:R2,@0xf374:16;mov:g.w:R2,R0;ldm.w:@SP+,(R5 R3 R2 );prts:;
00025f45,isc_f36e_f370_target_calc,tst.b:@0x2d5:16;beq:#0x00025f7f:8;btst.w:0x4,@0xf20e:16;bne:#0x00025f7f:8;mov:g.w:@0xf18e:16,R0;cmp:g.w:@0xbca:16,R0;blo:#0x00025f7f:8;mov:g.w:@0xf18e:16,R0;cmp:g.w:@0xbc8:16,R0;bhi:#0x00025f7f:8;mov:g.w:@0xf17a:16,R0;cmp:g.w:@0xbce:16,R0;blo:#0x00025f7f:8;mov:g.w:@0xf17a:16,R0;cmp:g.w:@0xbcc:16,R0;bhi:#0x00025f7f:8;btst.w:0x7,@0xf0f8:16;bne:#0x00025f99:8;stc.w:SR,@-SP;orc.w:0x700,SR;andc.w:0xfeff,SR;ldc.b:0x0,DP;mov:g.w:#0x80:16,@0xf36e:16;ldc.w:@SP+ ,SR;ldc.b:0x0,DP;bra:#0x00025fe8:8;btst.w:0x5,@0xf0f8:16;beq:#0x00025fe8:8;mov:g.w:@0xf10e:16,R0;cmp:g.w:@0xbd0:16,R0;blo:#0x00025fe8:8;btst.w:0x2,@0xf0f8:16;beq:#0x00025fe8:8;mov:g.w:#0x80:16,@-SP;mov:g.w:@0xf17e:16,R0;mov:g.w:R0,@-SP;pjsr:@0x14036:24;adds.b:0x4,SP;cmp:g.w:@0xbd2:16,R0;blo:#0x00025fe8:8;stc.w:SR,@-SP;orc.w:0x700,SR;andc.w:0xfeff,SR;ldc.b:0x0,DP;mov:g.w:@0xbd6:16,R0;mov:g.w:R0,@0xf370:16;mov:g.w:@0xbd4:16,R0;mov:g.w:R0,@0xf36e:16;ldc.w:@SP+ ,SR;ldc.b:0x0,DP;mov:g.w:@0xf36e:16,R0;prts:;
00025fee,isc_f350_correction_calc,mov:g.w:#0x5a:8,@-SP;mov:g.w:@0xf342:16,R0;swap.b:R0;clr.b:R0;mov:g.w:R0,@-SP;pjsr:@0x1412b:24;adds.b:0x4,SP;mov:g.w:R0,@-SP;mov:g.w:@0xac4:16,R0;adds.b:0x39,R0;mov:g.w:R0,@-SP;pjsr:@0x14036:24;adds.b:0x4,SP;mov:g.w:R0,@0xf350:16;prts:;
0002601a,isc_f3b2_select,mov:g.w:R2,@-SP;mov:g.w:@0xb1a:16,R2;pjsr:@0x1a205:24;tst.w:R0;beq:#0x0002602c:8;mov:g.w:@0xb1a:16,R2;mov:g.w:R2,@0xf3b2:16;mov:g.w:@SP+,R2;prts:;
00026034,isc_f380_f37e_correction_calc,stm:(R2 R3 R5 ),@-SP;mov:g.w:@0xf5ca:16,R5;mov:g.w:@0xadc:16,R3;mov:g.w:#0xd274:16,@-SP;mov:g.w:#0x2:8,@-SP;pjsr:@0x14735:24;adds.b:0x4,SP;mov:g.w:#0x2824:16,@-SP;mov:g.w:#0x1:8,@-SP;pjsr:@0x14656:24;adds.b:0x4,SP;mov:g.w:R0,@0xf37e:16;mov:g.w:#0x2808:16,@-SP;mov:g.w:#0x1:8,@-SP;pjsr:@0x14656:24;adds.b:0x4,SP;mov:g.w:R0,R2;shll.w:R2;shll.w:R2;shll.w:R2;shll.w:R2;cmp:g.w:R3,R5;bhi:#0x000260a2:8;sub.w:R5,R3;mov:g.w:#0x2816:16,@-SP;mov:g.w:#0x1:8,@-SP;pjsr:@0x14656:24;adds.b:0x4,SP;mov:g.w:R0,@-SP;mov:g.w:R3,@-SP;pjsr:@0x143bf:24;adds.b:0x4,SP;mov:g.w:R0,@-SP;mov:g.w:R2,@-SP;pjsr:@0x14036:24;adds.b:0x4,SP;mov:g.w:R0,R2;mov:g.w:R2,@0xf380:16;shlr.w:R2;shlr.w:R2;shlr.w:R2;shlr.w:R2;mov:g.w:R2,@0xf85e:16;ldm.w:@SP+,(R5 R3 R2 );prts:;
000260b6,isc_f360_f362_correction_calc,mov:g.w:#0x5a:8,@-SP;mov:g.w:@0xf364:16,R0;mov:g.w:R0,@-SP;pjsr:@0x143bf:24;adds.b:0x4,SP;mov:g.w:R0,@-SP;mov:g.w:#0x51:8,@-SP;pjsr:@0x14036:24;adds.b:0x4,SP;mov:g.w:R0,@0xf360:16;mov:g.w:@0xf360:16,R0;adds.b:0xec,R0;extu.b:R0;mov:g.w:R0,@0xf362:16;prts:;
00026100,isc_stepper_position_reinit,mov:g.w:@0xc74:16,R0;mov:g.w:R0,@0xeece:16;mov:g.w:R0,@0xeecc:16;mov:g.w:R0,@0xeeca:16;mov:g.w:#0x80:16,@0xeed0:16;clr.w:@-SP;pjsr:@0x1450b:24;add:q.w:#2,SP;mov:g.w:R0,@0xeed4:16;prts:;
00026124,isc_stepper_mode_reinit_dispatch,mov:g.w:@0xeed0:16,R0;and.w:0xa0,R0;beq:#0x00026147:8;mov:g.w:#0x3:8,@0xeed2:16;clr.w:@-SP;pjsr:@0x1450b:24;add:q.w:#2,SP;mov:g.w:R0,@0xeed4:16;mov:g.w:#0x80:16,@0xeed0:16;bra:#0x0002615d:8;mov:g.w:@0xeed4:16,R0;extu.b:R0;cmp:g.w:@0xcbc:16,R0;bne:#0x00026158:8;mov:g.w:#0x3:8,@0xeed2:16;mov:g.w:#0x40:8,@0xeed0:16;mov:g.w:#0x1:8,@0xf036:16;mov:g.w:@0xeeca:16,R0;mov:g.w:R0,@-SP;pjsr:@0x144b4:24;add:q.w:#2,SP;mov:g.w:R0,@0xf412:16;bset.w:@0xf3f4:16,0x0;pjsr:@0x268c4:24;mov:g.w:#0xffff:16,@0xef76:16;prts:;
00026182,isc_stepper_position_dispatch,pjsr:@0x261da:24;pjsr:@0x26e78:24;pjsr:@0x27198:24;pjsr:@0x1a261:24;tst.w:R0;beq:#0x000261d0:8;mov:g.w:@0xeed0:16,R0;and.w:0xb0,R0;bne:#0x000261d0:8;mov:g.w:@0xf5b8:16,R0;mov:g.w:R0,@0xf408:16;mov:g.w:@0xf408:16,R0;mov:g.w:R0,@-SP;pjsr:@0x268e2:24;add:q.w:#2,SP;mov:g.w:R0,@0xf406:16;mov:g.w:@0xeed0:16,R0;and.w:0xffc0,R0;mov:g.w:R0,@0xeed0:16;mov:g.w:@0xf3f0:16,R0;and.w:0xff4a,R0;mov:g.w:R0,@0xf3f0:16;pjsr:@0x27b9d:24;pjsr:@0x27c6d:24;prts:;
000261da,isc_periodic_update_dispatch,pjsr:@0x26224:24;pjsr:@0x26251:24;pjsr:@0x2629b:24;pjsr:@0x26436:24;pjsr:@0x2655d:24;pjsr:@0x265c9:24;pjsr:@0x266e2:24;pjsr:@0x268c4:24;pjsr:@0x26914:24;pjsr:@0x26966:24;pjsr:@0x26b8d:24;pjsr:@0x26bc7:24;pjsr:@0x26ca4:24;pjsr:@0x26cf0:24;pjsr:@0x26d4d:24;pjsr:@0x26dfa:24;pjsr:@0x26e0e:24;pjsr:@0x26e76:24;prts:;
00026224,isc_f436_source_select_and_reset,cmp:g.b:#0x1:8,@0x2c1:16;bne:#0x00026235:8;mov:g.w:@0xee98:16,R0;mov:g.w:R0,@0xf436:16;bra:#0x0002623d:8;mov:g.w:@0xee9a:16,R0;mov:g.w:R0,@0xf436:16;btst.w:0x7,@0xf0f8:16;bne:#0x0002624b:8;mov:g.w:@0xc86:16,R0;mov:g.w:R0,@0xefe2:16;clr.w:@0xf43a:16;prts:;
00026251,isc_f416_f438_reset_on_f20e_bit4,btst.w:0x4,@0xf20e:16;beq:#0x0002626f:8;pjsr:@0x26271:24;clr.w:@0xf416:16;clr.w:@0xf438:16;mov:g.w:@0xf3f4:16,R0;and.w:0xffe1,R0;mov:g.w:R0,@0xf3f4:16;prts:;
00026271,f3fa_f3fe_target_select_by_f0f8_bit5,stm:(R2 R3 ),@-SP;btst.w:0x5,@0xf0f8:16;beq:#0x00026283:8;mov:g.w:@0xc64:16,R3;mov:g.w:@0xc66:16,R2;bra:#0x0002628b:8;mov:g.w:@0xc68:16,R2;mov:g.w:@0xc68:16,R3;mov:g.w:R3,@0xf3fa:16;mov:g.w:R2,@0xf3fe:16;mov:g.w:R2,@0xf3fc:16;ldm.w:@SP+,(R3 R2 );prts:;
0002629b,idle_target_rpm_compute_f400,mov:g.w:R2,@-SP;btst.w:0x5,@0xf0f8:16;beq:#0x000262c5:8;mov:g.w:#0xd8ec:16,@-SP;mov:g.w:#0x2:8,@-SP;pjsr:@0x14854:24;adds.b:0x4,SP;mov:g.w:R0,R2;btst.w:0xe,@0xf0f8:16;beq:#0x000262d5:8;cmp:g.w:@0xd24:16,R2;bhs:#0x000262d5:8;mov:g.w:@0xd24:16,R2;bra:#0x000262d5:8;mov:g.w:#0xd90c:16,@-SP;mov:g.w:#0x2:8,@-SP;pjsr:@0x14854:24;adds.b:0x4,SP;mov:g.w:R0,R2;mov:g.w:R2,@0xf418:16;pjsr:@0x2634d:24;btst.w:0x4,@0xf0f8:16;beq:#0x00026315:8;btst.w:0x5,@0xf0f8:16;beq:#0x000262fb:8;btst.w:0x0,@0xf0f8:16;beq:#0x000262f5:8;mov:g.w:@0xc04:16,R2;bra:#0x0002630b:8;mov:g.w:@0xc00:16,R2;bra:#0x0002630b:8;btst.w:0x0,@0xf0f8:16;beq:#0x00026307:8;mov:g.w:@0xc06:16,R2;bra:#0x0002630b:8;mov:g.w:@0xc02:16,R2;cmp:g.w:@0xf418:16,R2;bhi:#0x00026315:8;mov:g.w:@0xf418:16,R2;cmp:g.w:@0xf41a:16,R2;bhs:#0x0002631f:8;mov:g.w:@0xf41a:16,R2;btst.w:0x8,@0xf3f0:16;beq:#0x00026335:8;btst.w:0x5,@0xf0f8:16;beq:#0x00026331:8;add:g.w:@0xd14:16,R2;bra:#0x00026335:8;add:g.w:@0xd16:16,R2;mov:g.w:R2,@-SP;pjsr:@0x1442d:24;add:q.w:#2,SP;mov:g.w:R0,@-SP;pjsr:@0x1a23e:24;add:q.w:#2,SP;mov:g.w:R0,@0xf400:16;mov:g.w:@SP+,R2;prts:;
0002634d,isc_f41a_correction_calc,link:FP,#-0x2:8;stm:(R2 R3 ),@-SP;btst.w:0x4,@0xf20e:16;beq:#0x0002635f:8;bset.w:@0xf3f4:16,0x5;clr.w:@0xf034:16;btst.w:0x0,@0xf20e:16;beq:#0x00026395:8;mov:g.w:@0xf118:16,R0;cmp:g.w:@0xd68:16,R0;bls:#0x00026375:8;bset.w:@0xf3f4:16,0x5;bra:#0x00026379:8;bclr.w:0x5,@0xf3f4:16;mov:g.w:@0xf10e:16,R0;cmp:g.w:@0xd62:16,R0;bls:#0x00026391:8;mov:g.w:@0xd66:16,R0;mulxu.w:0x50,R0;mov:g.w:R1,@0xf034:16;bra:#0x00026395:8;clr.w:@0xf034:16;tst.w:@0xf034:16;beq:#0x0002642d:16;btst.w:0x5,@0xf0f8:16;beq:#0x0002642d:16;clr.w:R3;btst.w:0x4,@0xf0f8:16;bne:#0x000263ef:8;mov:g.w:@0xd66:16,R0;mulxu.w:0x50,R0;mov:g.w:R1,@-SP;mov:g.w:@0xd64:16,R0;mov:g.w:R0,@-SP;mov:g.w:@0xf034:16,R0;mov:g.w:R0,@-SP;pjsr:@0x14219:24;adds.b:0x6,SP;ldc.b:0x2,DP;mov:g.w:@0xd460:16,R2;mov:g.w:#0xd8ec:16,@-SP;mov:g.w:#0x2:8,@-SP;ldc.b:0x0,DP;mov:f.w:R0,@(-0x2:8,FP);pjsr:@0x14880:24;adds.b:0x4,SP;adds.w:R2,R1;mov:g.b:@(0x3:8,R1),R0;extu.b:R0;mov:f.w:@(-0x2:8,FP),R3;add:g.w:R0,R3;bra:#0x0002641f:8;cmp:g.b:#0x2:8,@0x2c7:16;bne:#0x0002641f:8;btst.w:0x0,@0xf0f8:16;beq:#0x0002641f:8;mov:g.w:@0xd66:16,R0;mulxu.w:0x50,R0;mov:g.w:R1,@-SP;mov:g.w:@0xd64:16,R0;mov:g.w:R0,@-SP;mov:g.w:@0xf034:16,R0;mov:g.w:R0,@-SP;pjsr:@0x14219:24;adds.b:0x6,SP;mov:g.w:R0,R3;add:g.w:@0xc04:16,R3;mov:g.w:R3,@-SP;pjsr:@0x1442d:24;add:q.w:#2,SP;mov:g.w:R0,@0xf41a:16;bra:#0x00026431:8;clr.w:@0xf41a:16;ldm.w:@SP+,(R3 R2 );unlk:FP;prts:;
00026436,f3f0_f42e_correction_calc,stm:(R2 R5 ),@-SP;tst.b:@0x2da:16;beq:#0x00026555:16;mov:g.w:@0xf0fa:16,R0;xor.w:@0xf0f8:16,R0;and.w:@0xf0fa:16,R0;btst.w:0x3,R0;beq:#0x00026453:8;clr.w:@0xef76:16;mov:g.w:@0xf1e6:16,R0;cmp:g.w:@0xc1a:16,R0;bhs:#0x00026463:8;bclr.w:0xa,@0xf3f0:16;bra:#0x00026467:8;bset.w:@0xf3f0:16,0xa;mov:g.w:@0xf0fa:16,R0;xor.w:@0xf0f8:16,R0;and.w:@0xf0fa:16,R0;btst.w:0x3,R0;beq:#0x00026487:8;btst.w:0xa,@0xf3f0:16;beq:#0x00026483:8;bset.w:@0xf3f0:16,0x9;bra:#0x00026487:8;bclr.w:0x9,@0xf3f0:16;btst.w:0x9,@0xf3f0:16;bne:#0x00026497:8;mov:g.w:@0xf0f8:16,R0;and.w:0x18,R0;beq:#0x000264a5:8;mov:g.w:@0xf3f0:16,R0;and.w:0xe7ff,R0;mov:g.w:R0,@0xf3f0:16;bra:#0x000264c9:8;bset.w:@0xf3f0:16,0xc;btst.w:0x5,@0xf0f8:16;beq:#0x000264b5:8;mov:g.w:@0xc12:16,R2;bra:#0x000264b9:8;mov:g.w:@0xc14:16,R2;cmp:g.w:@0xef76:16,R2;blo:#0x000264c5:8;bset.w:@0xf3f0:16,0xb;bra:#0x000264c9:8;bclr.w:0xb,@0xf3f0:16;btst.w:0x3,@0xf0f8:16;beq:#0x000264e9:8;mov:g.w:@0xc0e:16,R0;mov:g.w:R0,@0xefda:16;btst.w:0x5,@0xf0f8:16;beq:#0x000264e3:8;mov:g.w:@0xc0a:16,R2;bra:#0x000264ed:8;mov:g.w:@0xc0c:16,R2;bra:#0x000264ed:8;mov:g.w:@0xf42e:16,R2;tst.w:@0xefda:16;bne:#0x00026533:8;mov:g.w:@0xf3f0:16,R0;and.w:0x1800,R0;cmp:i:#0x1000:16,R0;bne:#0x0002651a:8;btst.w:0x5,@0xf0f8:16;beq:#0x00026510:8;mov:g.w:@0xc1c:16,R0;mov:g.w:R0,@0xefda:16;bra:#0x00026522:8;mov:g.w:@0xc1e:16,R0;mov:g.w:R0,@0xefda:16;bra:#0x00026522:8;mov:g.w:@0xc0e:16,R0;mov:g.w:R0,@0xefda:16;mov:g.w:@0xc10:16,R0;mov:g.w:R0,@-SP;mov:g.w:R2,@-SP;pjsr:@0x14036:24;adds.b:0x4,SP;mov:g.w:R0,R2;btst.w:0xb,@0xf3f0:16;beq:#0x0002654f:8;btst.w:0x5,@0xf0f8:16;beq:#0x00026545:8;mov:g.w:@0xc16:16,R5;bra:#0x00026549:8;mov:g.w:@0xc18:16,R5;cmp:g.w:R5,R2;bhs:#0x0002654f:8;mov:g.w:R5,R2;mov:g.w:R2,@0xf42e:16;bra:#0x00026559:8;clr.w:@0xf42e:16;ldm.w:@SP+,(R5 R2 );prts:;
0002655d,isc_f426_f03a_decay_calc,tst.w:@0xf03a:16;bne:#0x00026575:8;tst.w:@0xf426:16;beq:#0x0002656d:8;add:q.w:#-1,@0xf426:16;mov:g.w:@0xd1a:16,R0;mov:g.w:R0,@0xf03a:16;btst.w:0x5,@0xf0f8:16;bne:#0x00026585:8;mov:g.w:@0xf20e:16,R0;and.w:0x11,R0;beq:#0x0002658f:8;clr.w:@0xf03a:16;clr.w:@0xf426:16;bra:#0x000265c7:8;mov:g.w:@0xf0fa:16,R0;xor.w:@0xf0f8:16,R0;and.w:@0xf0fa:16,R0;btst.w:0x5,R0;beq:#0x000265c7:8;mov:g.w:@0xd18:16,R0;mov:g.w:R0,@0xf03a:16;mov:g.w:#0xd116:16,@-SP;mov:g.w:#0x2:8,@-SP;pjsr:@0x14735:24;adds.b:0x4,SP;mov:g.w:#0x292a:16,@-SP;mov:g.w:#0x1:8,@-SP;pjsr:@0x14656:24;adds.b:0x4,SP;mov:g.w:R0,@0xf426:16;prts:;
000265c9,f4de_f4e2_octane_correction_calc,stm:(R2 R5 ),@-SP;tst.b:@0x2eb:16;beq:#0x000266d2:16;mov:g.w:@0xf180:16,R0;shlr.w:R0;shlr.w:R0;shlr.w:R0;shlr.w:R0;mov:g.w:R0,@0xf0ba:16;mov:g.w:#0xd3a8:16,@-SP;mov:g.w:#0x2:8,@-SP;pjsr:@0x14735:24;adds.b:0x4,SP;mov:g.w:#0xd3c2:16,@-SP;mov:g.w:#0x2:8,@-SP;pjsr:@0x14735:24;adds.b:0x4,SP;mov:g.w:@0xf20e:16,R0;and.w:0x11,R0;beq:#0x0002660e:8;clr.w:@0xf4de:16;bra:#0x00026620:8;mov:g.w:#0x2d74:16,@-SP;mov:g.w:#0x1:8,@-SP;pjsr:@0x14656:24;adds.b:0x4,SP;mov:g.w:R0,@0xf4de:16;mov:g.w:@0xf4e0:16,R0;mov:g.w:R0,@0xf4e2:16;mov:g.w:@0xf0e:16,R0;mulxu.w:@0xf4e2:16,R0;mov:g.w:R1,R5;add:g.w:@0xf0a:16,R5;clr.w:R2;tst.w:@0xf4e2:16;beq:#0x0002664e:8;mov:g.w:@0xf4e2:16,R0;add:q.w:#-1,R0;mulxu.w:@0xf0e:16,R0;mov:g.w:R1,R2;add:g.w:@0xf0c:16,R2;cmp:g.w:@0xf4de:16,R5;bhi:#0x0002667f:8;clr.w:R5;mov:g.w:@0xf4de:16,R0;cmp:g.w:@0xf0a:16,R0;blo:#0x0002667b:8;mov:g.w:@0xf0e:16,R0;mov:g.w:R0,@-SP;mov:g.w:@0xf4de:16,R0;sub.w:@0xf0a:16,R0;mov:g.w:R0,@-SP;pjsr:@0x140c0:24;adds.b:0x4,SP;mov:g.w:R0,R5;add:q.w:#1,R5;mov:g.w:R5,R2;bra:#0x000266b4:8;cmp:g.w:@0xf4de:16,R2;bls:#0x000266b0:8;clr.w:R5;mov:g.w:@0xf4de:16,R0;cmp:g.w:@0xf0c:16,R0;blo:#0x000266ac:8;mov:g.w:@0xf0e:16,R0;mov:g.w:R0,@-SP;mov:g.w:@0xf4de:16,R0;sub.w:@0xf0c:16,R0;mov:g.w:R0,@-SP;pjsr:@0x140c0:24;adds.b:0x4,SP;mov:g.w:R0,R5;add:q.w:#1,R5;mov:g.w:R5,R2;bra:#0x000266b4:8;mov:g.w:@0xf4e0:16,R2;cmp:g.w:@0xf10:16,R2;bhs:#0x000266c0:8;mov:g.w:R2,@0xf4e0:16;bra:#0x000266c8:8;mov:g.w:@0xf10:16,R0;mov:g.w:R0,@0xf4e0:16;pjsr:@0x1a254:24;tst.w:R0;beq:#0x000266de:8;bra:#0x000266d6:8;clr.w:@0xf4de:16;clr.w:@0xf4e2:16;clr.w:@0xf4e0:16;ldm.w:@SP+,(R5 R2 );prts:;
000266e2,multi_channel_update_max_dispatch,mov:g.w:R2,@-SP;mov:g.w:@0xf0f8:16,R2;xor.w:@0xf0fa:16,R2;btst.w:0x3,R2;beq:#0x000266fc:8;mov:g.w:@0xc36:16,R0;mov:g.w:R0,@-SP;pjsr:@0x268b3:24;add:q.w:#2,SP;btst.w:0x4,R2;beq:#0x0002670c:8;mov:g.w:@0xc2e:16,R0;mov:g.w:R0,@-SP;pjsr:@0x268b3:24;add:q.w:#2,SP;btst.w:0x5,R2;beq:#0x0002672a:8;btst.w:0x5,@0xf0f8:16;beq:#0x0002671e:8;mov:g.w:@0xc34:16,R0;mov:g.w:R0,@-SP;bra:#0x00026724:8;mov:g.w:@0xc32:16,R0;mov:g.w:R0,@-SP;pjsr:@0x268b3:24;add:q.w:#2,SP;mov:g.w:@0xf14c:16,R0;cmp:g.w:@0xc3c:16,R0;blo:#0x00026740:8;mov:g.w:@0xc3a:16,R0;mov:g.w:R0,@-SP;pjsr:@0x268b3:24;add:q.w:#2,SP;btst.w:0x9,R2;beq:#0x00026750:8;mov:g.w:@0xc50:16,R0;mov:g.w:R0,@-SP;pjsr:@0x268b3:24;add:q.w:#2,SP;btst.w:0x7,@0xf0f8:16;beq:#0x00026772:8;mov:g.w:@0xf400:16,R0;shlr.w:R0;shlr.w:R0;add:g.w:@0xc44:16,R0;cmp:g.w:@0xf17a:16,R0;bhs:#0x00026782:8;mov:g.w:@0xc42:16,R0;mov:g.w:R0,@0xefd6:16;bra:#0x00026782:8;mov:g.w:@0xc42:16,R0;mov:g.w:R0,@0xefd6:16;mov:g.w:@0xc48:16,R0;mov:g.w:R0,@0xefd8:16;mov:g.w:@0xf20e:16,R0;and.w:0x11,R0;bne:#0x00026792:8;btst.w:0x0,@0xf340:16;beq:#0x0002679e:8;mov:g.w:@0xc2c:16,R0;mov:g.w:R0,@-SP;pjsr:@0x268b3:24;add:q.w:#2,SP;btst.w:0x5,@0xf3f0:16;beq:#0x000267b0:8;mov:g.w:@0xc30:16,R0;mov:g.w:R0,@-SP;pjsr:@0x268b3:24;add:q.w:#2,SP;btst.w:0x6,@0xf216:16;beq:#0x000267c2:8;mov:g.w:@0xc3e:16,R0;mov:g.w:R0,@-SP;pjsr:@0x268b3:24;add:q.w:#2,SP;tst.b:@0x2e4:16;beq:#0x00026803:8;btst.w:0x2,@0xf490:16;beq:#0x000267da:8;mov:g.w:@0xc38:16,R0;mov:g.w:R0,@-SP;pjsr:@0x268b3:24;add:q.w:#2,SP;cmp:g.b:#0x1:8,@0x2e4:16;bne:#0x00026803:8;mov:g.w:@0xf490:16,R0;and.w:0x3,R0;beq:#0x00026803:8;btst.w:0x4,@0xf0f8:16;bne:#0x00026803:8;tst.w:@0xf048:16;beq:#0x00026803:8;mov:g.w:@0xc4e:16,R0;mov:g.w:R0,@-SP;pjsr:@0x268b3:24;add:q.w:#2,SP;btst.w:0x9,@0xf25e:16;beq:#0x00026815:8;mov:g.w:@0xee2:16,R0;mov:g.w:R0,@-SP;pjsr:@0x268b3:24;add:q.w:#2,SP;btst.w:0xe,R2;beq:#0x00026825:8;mov:g.w:@0xd2c:16,R0;mov:g.w:R0,@-SP;pjsr:@0x268b3:24;add:q.w:#2,SP;tst.b:@0x2eb:16;beq:#0x0002685f:8;mov:g.w:@0xf4e0:16,R0;cmp:g.w:@0xf4e2:16,R0;beq:#0x0002685f:8;mov:g.w:@0xef6a:16,R0;cmp:g.w:@0xf18:16,R0;blo:#0x0002684b:8;mov:g.w:@0xf16:16,R0;mov:g.w:R0,@-SP;pjsr:@0x268b3:24;add:q.w:#2,SP;mov:g.w:@0xf03c:16,R0;cmp:g.w:@0xf14:16,R0;blo:#0x00026857:8;bra:#0x0002685f:8;mov:g.w:@0xf14:16,R0;mov:g.w:R0,@0xf03c:16;btst.w:0x0,R2;beq:#0x0002687f:8;mov:g.w:@0xd3c:16,R0;shll.w:R0;shll.w:R0;cmp:g.w:@0xf03c:16,R0;bhi:#0x00026873:8;bra:#0x0002687f:8;mov:g.w:@0xd3c:16,R0;shll.w:R0;shll.w:R0;mov:g.w:R0,@0xf03c:16;tst.w:@0xf42e:16;beq:#0x00026897:8;btst.w:0x3,@0xf0f8:16;bne:#0x00026897:8;mov:g.w:@0xc4c:16,R0;mov:g.w:R0,@-SP;pjsr:@0x268b3:24;add:q.w:#2,SP;tst.b:@0x2f7:16;beq:#0x000268af:8;tst.w:@0xf434:16;beq:#0x000268af:8;mov:g.w:@0xd20:16,R0;mov:g.w:R0,@-SP;pjsr:@0x268b3:24;add:q.w:#2,SP;mov:g.w:@SP+,R2;prts:;
000268b3,update_max,link:FP,#0x0:8;mov:f.w:@(0x6:8,FP),R0;cmp:g.w:@0xefd4:16,R0;blo:#0x000268c1:8;mov:g.w:R0,@0xefd4:16;unlk:FP;prts:;
000268c4,calc_f40e_threshold_select,mov:g.w:R2,@-SP;mov:g.w:@0xf10e:16,R0;cmp:g.w:@0xd56:16,R0;blo:#0x000268d6:8;mov:g.w:@0xd52:16,R2;bra:#0x000268da:8;mov:g.w:@0xd54:16,R2;mov:g.w:R2,@0xf40e:16;mov:g.w:@SP+,R2;prts:;
000268e2,idle_stepper_table_lookup_wrapper,link:FP,#0x0:8;mov:g.w:#0xd4ba:16,@-SP;mov:g.w:#0x2:8,@-SP;pjsr:@0x14735:24;adds.b:0x4,SP;mov:f.w:@(0x6:8,FP),R0;mov:g.w:R0,@0xf0ba:16;mov:g.w:#0xd4d0:16,@-SP;mov:g.w:#0x2:8,@-SP;pjsr:@0x14735:24;adds.b:0x4,SP;mov:g.w:#0x2992:16,@-SP;mov:g.w:#0x1:8,@-SP;pjsr:@0x14656:24;unlk:FP;prts:;
00026914,isc_f036_f424_ramp_calc,btst.w:0x0,@0xf20e:16;bne:#0x00026924:8;mov:g.w:@0xeed0:16,R0;and.w:0xa0,R0;beq:#0x00026938:8;mov:g.w:#0x2938:16,@-SP;mov:g.w:#0x1:8,@-SP;pjsr:@0x14656:24;adds.b:0x4,SP;mov:g.w:R0,@0xf424:16;bra:#0x0002695a:8;tst.w:@0xf424:16;beq:#0x0002695a:8;tst.w:@0xf036:16;bne:#0x0002695a:8;add:q.w:#-1,@0xf424:16;mov:g.w:#0x2944:16,@-SP;mov:g.w:#0x1:8,@-SP;pjsr:@0x14656:24;adds.b:0x4,SP;mov:g.w:R0,@0xf036:16;btst.w:0x7,@0xf594:16;beq:#0x00026964:8;clr.w:@0xf424:16;prts:;
00026966,isc_f416_f438_dispatch,pjsr:@0x2697c:24;pjsr:@0x26a09:24;pjsr:@0x26a99:24;pjsr:@0x26ad8:24;pjsr:@0x26b8b:24;prts:;
0002697c,f3f0_bit6_clear,bclr.w:0x6,@0xf3f0:16;prts:;
00026982,f3f0_bit13_14_15_hysteresis_gate_check,btst.w:0xd,@0xf3f0:16;beq:#0x00026998:8;mov:g.w:@0xf10e:16,R0;cmp:g.w:@0xc92:16,R0;bhi:#0x000269a6:8;bclr.w:0xd,@0xf3f0:16;bra:#0x000269a6:8;mov:g.w:@0xf10e:16,R0;cmp:g.w:@0xc90:16,R0;bls:#0x000269a6:8;bset.w:@0xf3f0:16,0xd;btst.w:0xe,@0xf3f0:16;beq:#0x000269bc:8;mov:g.w:@0xf13e:16,R0;cmp:g.w:@0xc96:16,R0;bhi:#0x000269ca:8;bclr.w:0xe,@0xf3f0:16;bra:#0x000269ca:8;mov:g.w:@0xf13e:16,R0;cmp:g.w:@0xc94:16,R0;bls:#0x000269ca:8;bset.w:@0xf3f0:16,0xe;btst.w:0xf,@0xf3f0:16;beq:#0x000269e0:8;mov:g.w:@0xf1e6:16,R0;cmp:g.w:@0xc9a:16,R0;bhi:#0x000269ee:8;bclr.w:0xf,@0xf3f0:16;bra:#0x000269ee:8;mov:g.w:@0xf1e6:16,R0;cmp:g.w:@0xc98:16,R0;bls:#0x000269ee:8;bset.w:@0xf3f0:16,0xf;btst.w:0xd,@0xf3f0:16;bne:#0x00026a05:8;btst.w:0xe,@0xf3f0:16;beq:#0x00026a05:8;btst.w:0xf,@0xf3f0:16;beq:#0x00026a05:8;mov:i:#0x1:16,R0;bra:#0x00026a07:8;clr.w:R0;prts:;
00026a09,isc_f416_f438_correction_calc,stm:(R2 R3 ),@-SP;mov:g.w:@0xefc6:16,R2;pjsr:@0x26a63:24;mov:g.w:R0,@-SP;pjsr:@0x1a228:24;add:q.w:#2,SP;mov:g.w:R0,R3;tst.w:R2;beq:#0x00026a25:8;cmp:g.w:R3,R2;bls:#0x00026a27:8;mov:g.w:R3,R2;tst.w:@0xefc6:16;bne:#0x00026a5b:8;mov:g.w:@0xc80:16,R0;mov:g.w:R0,@-SP;mov:g.w:@0xf416:16,R0;mov:g.w:R0,@-SP;pjsr:@0x14036:24;adds.b:0x4,SP;mov:g.w:R0,@0xf416:16;mov:g.w:@0xc80:16,R0;mov:g.w:R0,@-SP;mov:g.w:@0xf438:16,R0;mov:g.w:R0,@-SP;pjsr:@0x14036:24;adds.b:0x4,SP;mov:g.w:R0,@0xf438:16;mov:g.w:R2,@0xefc6:16;ldm.w:@SP+,(R3 R2 );prts:;
00026a63,f0f8_bit_based_constant_select,mov:g.w:R2,@-SP;btst.w:0x7,@0xf0f8:16;bne:#0x00026a81:8;btst.w:0x5,@0xf0f8:16;beq:#0x00026a79:8;mov:g.w:@0xc78:16,R2;mov:g.w:R2,R0;bra:#0x00026a95:8;mov:g.w:@0xc7a:16,R2;mov:g.w:R2,R0;bra:#0x00026a95:8;btst.w:0x5,@0xf0f8:16;beq:#0x00026a8f:8;mov:g.w:@0xc7c:16,R2;mov:g.w:R2,R0;bra:#0x00026a95:8;mov:g.w:@0xc7e:16,R2;mov:g.w:R2,R0;mov:g.w:@SP+,R2;prts:;
00026a99,f3f4_bit7_update_dispatch,pjsr:@0x26aad:24;tst.w:R0;beq:#0x00026aa7:8;bset.w:@0xf3f4:16,0x7;bra:#0x00026aab:8;bclr.w:0x7,@0xf3f4:16;prts:;
00026aad,efc8_zero_condition_check,mov:g.w:@0xf13c:16,R0;cmp:g.w:@0xd46:16,R0;blo:#0x00026ac1:8;mov:g.w:@0xf186:16,R0;cmp:g.w:@0xd48:16,R0;bls:#0x00026ac9:8;mov:g.w:@0xd4a:16,R0;mov:g.w:R0,@0xefc8:16;tst.w:@0xefc8:16;bne:#0x00026ad4:8;mov:i:#0x1:16,R0;bra:#0x00026ad6:8;clr.w:R0;prts:;
00026ad8,isc_f438_correction_calc,link:FP,#-0x4:8;mov:g.w:R2,@-SP;btst.w:0x7,@0xf0f8:16;bne:#0x00026b86:16;btst.w:0x7,@0xf3f4:16;bne:#0x00026b86:16;mov:g.w:@0xf178:16,R0;cmp:g.w:@0xc76:16,R0;bls:#0x00026b86:16;btst.w:0xd,@0xf1f2:16;beq:#0x00026b08:8;btst.w:0x7,@0xf4a2:16;beq:#0x00026b08:8;mov:g.w:@0xe66:16,R2;bra:#0x00026b70:16;btst.w:0x6,@0xf3f0:16;beq:#0x00026b15:8;mov:g.w:@0xca2:16,R2;bra:#0x00026b70:16;btst.w:0x5,@0xf0f8:16;beq:#0x00026b37:8;btst.w:0x4,@0xf0f8:16;beq:#0x00026b2c:8;mov:g.w:#0x1:8,@(-0x4:8,FP);mov:g.w:#0x290e:16,@(-0x2:8,FP);bra:#0x00026b51:8;mov:g.w:#0x1:8,@(-0x4:8,FP);mov:g.w:#0x28f6:16,@(-0x2:8,FP);bra:#0x00026b51:8;btst.w:0x4,@0xf0f8:16;beq:#0x00026b48:8;mov:g.w:#0x1:8,@(-0x4:8,FP);mov:g.w:#0x291a:16,@(-0x2:8,FP);bra:#0x00026b51:8;mov:g.w:#0x1:8,@(-0x4:8,FP);mov:g.w:#0x2902:16,@(-0x2:8,FP);mov:g.w:#0xd3da:16,@-SP;mov:g.w:#0x2:8,@-SP;pjsr:@0x14735:24;adds.b:0x4,SP;mov:f.w:@(-0x2:8,FP),R0;mov:g.w:R0,@-SP;mov:f.w:@(-0x4:8,FP),R1;mov:g.w:R1,@-SP;pjsr:@0x14656:24;adds.b:0x4,SP;mov:g.w:R0,R2;mov:g.w:R2,@-SP;pjsr:@0x1a212:24;add:q.w:#2,SP;mov:g.w:R0,R2;cmp:g.w:@0xf438:16,R2;bhi:#0x00026b82:8;bra:#0x00026b86:8;mov:g.w:R2,@0xf438:16;mov:g.w:@SP+,R2;unlk:FP;prts:;
00026b8b,stub_empty_0x26b8b,prts:;
00026b8d,isc_f428_condition_calc,tst.b:@0x2d7:16;beq:#0x00026bc1:8;btst.w:0x4,@0xf0f8:16;beq:#0x00026ba1:8;mov:g.w:@0xc2e:16,R0;mov:g.w:R0,@0xefd2:16;btst.w:0x4,@0xf0f8:16;bne:#0x00026bc1:8;tst.w:@0xefd2:16;beq:#0x00026bc1:8;mov:g.w:@0xf10e:16,R0;cmp:g.w:@0xc28:16,R0;blo:#0x00026bc1:8;mov:g.w:@0xc2a:16,R0;mov:g.w:R0,@0xf428:16;bra:#0x00026bc5:8;clr.w:@0xf428:16;prts:;
00026bc7,isc_f422_correction_calc,mov:g.w:R2,@-SP;tst.b:@0x2d8:16;beq:#0x00026c22:8;mov:g.w:@0xf422:16,R2;pjsr:@0x26c2e:24;tst.w:R0;beq:#0x00026bf9:8;bset.w:@0xf3f2:16,0x7;mov:g.w:#0x2926:16,@-SP;mov:g.w:#0x1:8,@-SP;pjsr:@0x14656:24;adds.b:0x4,SP;mov:g.w:R0,R2;mov:g.w:@0xd02:16,R0;mov:g.w:R0,@0xefdc:16;bra:#0x00026bfd:8;bclr.w:0x7,@0xf3f2:16;tst.w:@0xefdc:16;bne:#0x00026c1c:8;mov:g.w:@0xd02:16,R0;mov:g.w:R0,@0xefdc:16;mov:g.w:@0xd04:16,R0;mov:g.w:R0,@-SP;mov:g.w:R2,@-SP;pjsr:@0x14036:24;adds.b:0x4,SP;mov:g.w:R0,R2;mov:g.w:R2,@0xf422:16;bra:#0x00026c2a:8;clr.w:@0xf422:16;bclr.w:0x7,@0xf3f2:16;mov:g.w:@SP+,R2;prts:;
00026c2e,isc_f3f2_bit6_hysteresis_gate_check,stm:(R2 R3 ),@-SP;btst.w:0x4,@0xf0f8:16;beq:#0x00026c40:8;mov:g.w:@0xcfc:16,R3;mov:g.w:@0xcfe:16,R2;bra:#0x00026c48:8;mov:g.w:@0xcf8:16,R3;mov:g.w:@0xcfa:16,R2;btst.w:0x6,@0xf3f2:16;beq:#0x00026c5a:8;cmp:g.w:@0xf188:16,R2;blo:#0x00026c64:8;bclr.w:0x6,@0xf3f2:16;bra:#0x00026c64:8;cmp:g.w:@0xf188:16,R3;bhs:#0x00026c64:8;bset.w:@0xf3f2:16,0x6;btst.w:0x7,@0xf0f8:16;beq:#0x00026c9e:8;cmp:g.b:#0x2:8,@0x2d8:16;beq:#0x00026c77:8;btst.w:0x5,@0xf0f8:16;beq:#0x00026c9e:8;btst.w:0x3,@0xf20e:16;beq:#0x00026c9e:8;mov:g.w:@0xf10e:16,R0;cmp:g.w:@0xd00:16,R0;bls:#0x00026c9e:8;btst.w:0x5,@0xf3f0:16;bne:#0x00026c9e:8;btst.w:0x2,@0xf0f8:16;beq:#0x00026c9e:8;btst.w:0x6,@0xf3f2:16;bne:#0x00026c9e:8;mov:i:#0x1:16,R0;bra:#0x00026ca0:8;clr.w:R0;ldm.w:@SP+,(R3 R2 );prts:;
00026ca4,isc_f084_f3f0_bit8_update,stm:(R2 R3 R5 ),@-SP;tst.b:@0x2d9:16;beq:#0x00026ce8:8;tst.b:@0x2c1:16;beq:#0x00026cc0:8;mov:g.w:@0xd06:16,R5;mov:g.w:@0xd08:16,R3;mov:g.w:@0xf436:16,R2;bra:#0x00026ccc:8;mov:g.w:@0xd0a:16,R5;mov:g.w:@0xd0c:16,R3;mov:g.w:@0xf130:16,R2;cmp:g.w:R3,R2;bhi:#0x00026cdc:8;tst.w:@0xf084:16;bne:#0x00026ce4:8;bset.w:@0xf3f0:16,0x8;bra:#0x00026ce4:8;mov:g.w:@0xd0e:16,R0;mov:g.w:R0,@0xf084:16;cmp:g.w:R5,R2;blo:#0x00026cec:8;bclr.w:0x8,@0xf3f0:16;ldm.w:@SP+,(R5 R3 R2 );prts:;
00026cf0,isc_f42a_table_lookup,tst.b:@0x2c1:16;beq:#0x00026d1c:8;mov:g.w:#0xd1fa:16,@-SP;mov:g.w:#0x2:8,@-SP;pjsr:@0x14735:24;adds.b:0x4,SP;btst.w:0x5,@0xf0f8:16;beq:#0x00026d13:8;mov:g.w:#0x2950:16,@-SP;mov:g.w:#0x1:8,@-SP;bra:#0x00026d40:8;mov:g.w:#0x2950:16,@-SP;mov:g.w:#0x1:8,@-SP;bra:#0x00026d40:8;mov:g.w:#0xd28c:16,@-SP;mov:g.w:#0x2:8,@-SP;pjsr:@0x14735:24;adds.b:0x4,SP;btst.w:0x5,@0xf0f8:16;beq:#0x00026d39:8;mov:g.w:#0x2954:16,@-SP;mov:g.w:#0x1:8,@-SP;bra:#0x00026d40:8;mov:g.w:#0x2954:16,@-SP;mov:g.w:#0x1:8,@-SP;pjsr:@0x14656:24;adds.b:0x4,SP;mov:g.w:R0,@0xf42a:16;prts:;
00026d4d,isc_f42c_correction_calc,pjsr:@0x26d86:24;tst.w:R0;beq:#0x00026d5f:8;mov:g.w:@0xcae:16,R0;mov:g.w:R0,@0xf42c:16;bra:#0x00026d7c:8;tst.w:@0xefde:16;bne:#0x00026d84:8;mov:g.w:@0xcb4:16,R0;mov:g.w:R0,@-SP;mov:g.w:@0xf42c:16,R0;mov:g.w:R0,@-SP;pjsr:@0x14036:24;adds.b:0x4,SP;mov:g.w:R0,@0xf42c:16;mov:g.w:@0xcb6:16,R0;mov:g.w:R0,@0xefde:16;prts:;
00026d86,isc_f3f0_bit2_hysteresis_gate_check,mov:g.w:@0xf0fa:16,R0;xor.w:@0xf0f8:16,R0;and.w:@0xf0f8:16,R0;btst.w:0x4,R0;bne:#0x00026da6:8;mov:g.w:@0xf0fa:16,R0;xor.w:@0xf0f8:16,R0;and.w:@0xf0fa:16,R0;btst.w:0x5,R0;beq:#0x00026dae:8;mov:g.w:@0xcb0:16,R0;mov:g.w:R0,@0xefcc:16;tst.w:@0xefcc:16;bne:#0x00026dec:8;mov:g.w:@0xf10e:16,R0;cmp:g.w:@0xcac:16,R0;bls:#0x00026dec:8;mov:g.w:@0xf178:16,R0;cmp:g.w:@0xcaa:16,R0;bhs:#0x00026dec:8;mov:g.w:@0xf20e:16,R0;and.w:0x11,R0;bne:#0x00026dec:8;mov:g.w:@0xef70:16,R0;cmp:g.w:@0xcb2:16,R0;blo:#0x00026dec:8;btst.w:0x2,@0xf3f0:16;bne:#0x00026de6:8;clr.w:@0xefce:16;bset.w:@0xf3f0:16,0x2;bra:#0x00026df0:8;bclr.w:0x2,@0xf3f0:16;mov:g.w:@0xf3f0:16,R0;and.w:0x4,R0;prts:;
00026dfa,f490_bits01_or_default_select,mov:g.w:@0xf490:16,R0;and.w:0x3,R0;bne:#0x00026e0c:8;mov:g.w:@0xc26:16,R0;mov:g.w:R0,@0xf048:16;prts:;
00026e0e,isc_f3f0_bit3_and_f434_update,mov:g.w:R2,@-SP;mov:g.w:@0xf180:16,R2;shlr.w:R2;shlr.w:R2;shlr.w:R2;add:q.w:#1,R2;shlr.w:R2;cmp:g.w:@0xf170:16,R2;blo:#0x00026e34:8;sub.w:@0xf170:16,R2;cmp:g.w:@0xd22:16,R2;blo:#0x00026e34:8;bset.w:@0xf3f0:16,0x3;bra:#0x00026e38:8;bclr.w:0x3,@0xf3f0:16;btst.w:0x5,@0xf0f8:16;bne:#0x00026e44:8;btst.w:0x7,@0xf0f8:16;bne:#0x00026e4a:8;clr.w:@0xefe0:16;bra:#0x00026e58:8;btst.w:0x3,@0xf3f0:16;beq:#0x00026e58:8;mov:g.w:@0xd1c:16,R0;mov:g.w:R0,@0xefe0:16;tst.b:@0x2f7:16;beq:#0x00026e6e:8;tst.w:@0xefe0:16;beq:#0x00026e6e:8;mov:g.w:@0xd1e:16,R0;mov:g.w:R0,@0xf434:16;bra:#0x00026e72:8;clr.w:@0xf434:16;mov:g.w:@SP+,R2;prts:;
00026e76,stub_empty_0x26e76,prts:;
00026e78,isc_stepper_state_dispatch,pjsr:@0x26f12:24;tst.w:R0;beq:#0x00026e84:8;pjsr:@0x26f67:24;btst.w:0x5,@0xeed0:16;beq:#0x00026e8e:8;pjsr:@0x26f82:24;btst.w:0x6,@0xf0f8:16;beq:#0x00026e9a:8;tst.w:@0xef90:16;bne:#0x00026ea0:8;btst.w:0x5,@0xeed0:16;beq:#0x00026ea4:8;bclr.w:0x6,@0xeed0:16;btst.w:0x5,@0xeed0:16;bne:#0x00026ec0:8;btst.w:0x7,@0xeed0:16;bne:#0x00026ebc:8;tst.w:@0xef90:16;bne:#0x00026ec0:8;btst.w:0x6,@0xeed0:16;bne:#0x00026ec0:8;pjsr:@0x2705b:24;mov:g.w:@0xeed0:16,R0;and.w:0xa0,R0;bne:#0x00026ed6:8;tst.w:@0xef90:16;bne:#0x00026ed6:8;pjsr:@0x270b5:24;bra:#0x00026eda:8;bclr.w:0x4,@0xeed0:16;btst.w:0x1,@0xf20e:16;beq:#0x00026efa:8;mov:g.w:@0xf20e:16,R0;and.w:0x11,R0;bne:#0x00026efa:8;mov:g.w:@0xeed0:16,R0;and.w:0xb0,R0;bne:#0x00026efa:8;pjsr:@0x270db:24;bra:#0x00026efe:8;bclr.w:0x3,@0xeed0:16;pjsr:@0x2710d:24;tst.w:R0;beq:#0x00026f0c:8;pjsr:@0x27152:24;bra:#0x00026f10:8;bclr.w:0x2,@0xeed0:16;prts:;
00026f12,isc_stepper_position_reached_check,mov:g.w:R2,@-SP;mov:g.w:@0xeed4:16,R2;mov:g.w:R2,R0;extu.b:R0;mov:g.w:R0,@-SP;pjsr:@0x1450b:24;add:q.w:#2,SP;cmp:g.w:R0,R2;bne:#0x00026f5c:8;mov:g.w:@0xc70:16,R2;mov:g.w:@0xc70:16,R0;cmp:g.w:@0xeeca:16,R0;blo:#0x00026f5c:8;cmp:g.w:@0xeecc:16,R2;blo:#0x00026f5c:8;cmp:g.w:@0xeece:16,R2;blo:#0x00026f5c:8;mov:g.w:@0xc72:16,R2;mov:g.w:@0xc72:16,R0;cmp:g.w:@0xeeca:16,R0;bhi:#0x00026f5c:8;cmp:g.w:@0xeecc:16,R2;bhi:#0x00026f5c:8;cmp:g.w:@0xeece:16,R2;bls:#0x00026f61:8;mov:i:#0x1:16,R0;bra:#0x00026f63:8;clr.w:R0;mov:g.w:@SP+,R2;prts:;
00026f67,isc_stepper_state_reinit_and_target_select,mov:g.w:@0xc74:16,R0;mov:g.w:#0x20:8,@0xeed0:16;mov:g.w:R0,@0xeece:16;mov:g.w:R0,@0xeecc:16;mov:g.w:R0,@0xeeca:16;pjsr:@0x26271:24;prts:;
00026f82,isc_stepper_output_state_machine_eed4,mov:g.w:R2,@-SP;mov:g.w:@0xeed0:16,R0;and.w:0x3,R0;bne:#0x00026fb4:8;stc.w:SR,@-SP;orc.w:0x700,SR;andc.w:0xfeff,SR;ldc.b:0x0,DP;mov:g.w:@0xcb8:16,R0;mov:g.w:R0,@-SP;pjsr:@0x1450b:24;add:q.w:#2,SP;mov:g.w:R0,@0xeed4:16;ldc.w:@SP+ ,SR;ldc.b:0x0,DP;bset.w:@0xeed0:16,0x1;btst.w:0x1,@0xeed0:16;beq:#0x00026fdc:8;mov:g.w:@0xeed4:16,R2;extu.b:R2;bne:#0x00026fcc:8;bclr.w:0x1,@0xeed0:16;bset.w:@0xeed0:16,0x0;bra:#0x00026fdc:8;clr.w:@0xf406:16;mov:g.w:@0xc2c:16,R0;mov:g.w:R0,@-SP;pjsr:@0x27032:24;add:q.w:#2,SP;btst.w:0x0,@0xeed0:16;beq:#0x0002702e:8;mov:g.w:@0xeed4:16,R2;extu.b:R2;cmp:g.w:@0xcbe:16,R2;bne:#0x0002701a:8;stc.w:SR,@-SP;orc.w:0x700,SR;andc.w:0xfeff,SR;clr.w:@-SP;ldc.b:0x0,DP;pjsr:@0x1450b:24;add:q.w:#2,SP;mov:g.w:R0,@0xeed4:16;ldc.w:@SP+ ,SR;ldc.b:0x0,DP;mov:g.w:@0xeed0:16,R0;and.w:0xffdc,R0;mov:g.w:R0,@0xeed0:16;bra:#0x0002702e:8;mov:g.w:@0xcbe:16,R0;mov:g.w:R0,@0xf406:16;mov:g.w:@0xc2c:16,R0;mov:g.w:R0,@-SP;pjsr:@0x27032:24;add:q.w:#2,SP;mov:g.w:@SP+,R2;prts:;
00027032,f3f0_target_state_reset_and_reload,link:FP,#0x0:8;mov:f.w:@(0x6:8,FP),R0;mov:g.w:R0,@-SP;pjsr:@0x268b3:24;bset.w:@0xf3f4:16,0x0;mov:g.w:@0xf3f0:16,R0;and.w:0xff4a,R0;mov:g.w:R0,@0xf3f0:16;clr.w:@0xf416:16;clr.w:@0xf438:16;pjsr:@0x26271:24;unlk:FP;prts:;
0002705b,isc_stepper_mode_state_reload_b,bset.w:@0xeed0:16,0x7;mov:g.w:@0xeed4:16,R0;extu.b:R0;cmp:g.w:@0xcb8:16,R0;bne:#0x0002709f:8;stc.w:SR,@-SP;orc.w:0x700,SR;andc.w:0xfeff,SR;ldc.b:0x0,DP;mov:g.w:@0xcba:16,R0;mov:g.w:R0,@0xf40a:16;mov:g.w:@0xf40a:16,R0;mov:g.w:R0,@-SP;pjsr:@0x1450b:24;add:q.w:#2,SP;mov:g.w:R0,@0xeed4:16;bclr.w:0x7,@0xeed0:16;bset.w:@0xeed0:16,0x6;ldc.w:@SP+ ,SR;ldc.b:0x0,DP;bra:#0x000270b3:8;mov:g.w:@0xc2c:16,R0;mov:g.w:R0,@-SP;pjsr:@0x27032:24;add:q.w:#2,SP;mov:g.w:@0xcb8:16,R0;mov:g.w:R0,@0xf406:16;prts:;
000270b5,isc_stepper_mode_state_reload_c,mov:g.w:@0xeed0:16,R0;and.w:0xff50,R0;mov:g.w:R0,@0xeed0:16;bset.w:@0xeed0:16,0x4;mov:g.w:@0xc2c:16,R0;mov:g.w:R0,@-SP;pjsr:@0x27032:24;add:q.w:#2,SP;mov:g.w:@0xcbc:16,R0;mov:g.w:R0,@0xf406:16;prts:;
000270db,isc_stepper_mode_state_reload_d,mov:g.w:@0xeed0:16,R0;and.w:0xff48,R0;mov:g.w:R0,@0xeed0:16;bset.w:@0xeed0:16,0x3;mov:g.w:@0xc2c:16,R0;mov:g.w:R0,@-SP;pjsr:@0x27032:24;add:q.w:#2,SP;mov:g.w:@0xd42:16,R0;mov:g.w:R0,@0xf408:16;mov:g.w:R0,@-SP;pjsr:@0x268e2:24;add:q.w:#2,SP;mov:g.w:R0,@0xf406:16;prts:;
0002710d,isc_efd0_gate_condition_check,mov:g.w:@0xf20e:16,R0;and.w:0x11,R0;bne:#0x0002713b:8;mov:g.w:@0xeed0:16,R0;and.w:0xb8,R0;bne:#0x0002713b:8;mov:g.w:@0xf0f8:16,R0;and.w:0x24,R0;cmp:i:#0x20:16,R0;bne:#0x0002713b:8;mov:g.w:@0xf0f8:16,R0;and.w:0x1800,R0;cmp:i:#0x1800:16,R0;beq:#0x00027143:8;mov:g.w:@0xd44:16,R0;mov:g.w:R0,@0xefd0:16;tst.w:@0xefd0:16;bne:#0x0002714e:8;mov:i:#0x1:16,R0;bra:#0x00027150:8;clr.w:R0;prts:;
00027152,isc_f408_f406_stepper_target_calc,mov:g.w:R2,@-SP;bset.w:@0xeed0:16,0x2;mov:g.w:@0xc40:16,R0;mov:g.w:R0,@-SP;pjsr:@0x27032:24;add:q.w:#2,SP;mov:g.w:#0xd92c:16,@-SP;mov:g.w:#0x2:8,@-SP;pjsr:@0x14854:24;adds.b:0x4,SP;mov:g.w:R0,R2;add:g.w:@0xf42a:16,R2;add:g.w:@0xf43a:16,R2;mov:g.w:R2,@-SP;pjsr:@0x1442d:24;add:q.w:#2,SP;mov:g.w:R0,@0xf408:16;mov:g.w:R0,@-SP;pjsr:@0x268e2:24;add:q.w:#2,SP;mov:g.w:R0,@0xf406:16;mov:g.w:@SP+,R2;prts:;
00027198,isc_stepper_target_dispatch,mov:g.w:@0xeed0:16,R0;and.w:0xbc,R0;bne:#0x000271f6:8;pjsr:@0x271f8:24;pjsr:@0x2721a:24;tst.w:R0;beq:#0x000271b4:8;pjsr:@0x2724f:24;bra:#0x000271e6:8;mov:g.w:@0xf20e:16,R0;and.w:0x11,R0;beq:#0x000271c4:8;pjsr:@0x27416:24;bra:#0x000271e6:8;pjsr:@0x27428:24;tst.w:R0;beq:#0x000271d6:8;bset.w:@0xf3f0:16,0x4;pjsr:@0x27465:24;bra:#0x000271e6:8;bclr.w:0x4,@0xf3f0:16;mov:g.w:@0xc6c:16,R0;mov:g.w:R0,@0xefca:16;pjsr:@0x27b2b:24;mov:g.w:@0xf408:16,R0;mov:g.w:R0,@-SP;pjsr:@0x268e2:24;add:q.w:#2,SP;mov:g.w:R0,@0xf406:16;prts:;
000271f8,f3f0_bit0_update,mov:g.w:@0xf20e:16,R0;and.w:0x11,R0;beq:#0x00027214:8;mov:g.w:@0xf3f0:16,R0;and.w:0xff4b,R0;mov:g.w:R0,@0xf3f0:16;bset.w:@0xf3f0:16,0x0;bra:#0x00027218:8;bclr.w:0x0,@0xf3f0:16;prts:;
0002721a,f3f4_bit0_update_and_check,mov:g.w:@0xf20e:16,R0;and.w:0x11,R0;beq:#0x00027236:8;mov:g.w:@0xeed4:16,R0;extu.b:R0;cmp:g.w:@0xf40a:16,R0;bne:#0x0002723a:8;bclr.w:0x0,@0xf3f4:16;bra:#0x0002723a:8;bset.w:@0xf3f4:16,0x0;btst.w:0x0,@0xf20e:16;beq:#0x0002724b:8;btst.w:0x0,@0xf3f4:16;bne:#0x0002724b:8;mov:i:#0x1:16,R0;bra:#0x0002724d:8;clr.w:R0;prts:;
0002724f,isc_stepper_trim_dispatch,pjsr:@0x2725d:24;pjsr:@0x27281:24;pjsr:@0x272c6:24;prts:;
0002725d,isc_f402_stepper_target_calc,mov:g.w:#0x28ea:16,@-SP;mov:g.w:#0x1:8,@-SP;pjsr:@0x14656:24;adds.b:0x4,SP;add:g.w:@0xf42a:16,R0;add:g.w:@0xf43a:16,R0;mov:g.w:R0,@-SP;pjsr:@0x1442d:24;add:q.w:#2,SP;mov:g.w:R0,@0xf402:16;prts:;
00027281,f414_trim_calc_gated_by_f0f8_f3f0,btst.w:0x4,@0xf0f8:16;bne:#0x000272c0:8;btst.w:0x0,@0xf3f0:16;bne:#0x000272c0:8;mov:g.w:#0x297a:16,@-SP;mov:g.w:#0x1:8,@-SP;pjsr:@0x14656:24;adds.b:0x4,SP;add:g.w:0x80,R0;mov:g.w:R0,@-SP;mov:g.w:@0xf402:16,R0;add:g.w:@0xf412:16,R0;mov:g.w:R0,@-SP;pjsr:@0x14036:24;adds.b:0x4,SP;mov:g.w:R0,@-SP;pjsr:@0x1442d:24;add:q.w:#2,SP;mov:g.w:R0,@0xf414:16;bra:#0x000272c4:8;clr.w:@0xf414:16;prts:;
000272c6,isc_f408_correction_calc,link:FP,#-0x2:8;stm:(R2 R3 R5 ),@-SP;mov:g.w:@0xf414:16,R0;cmp:g.w:@0xf40c:16,R0;blo:#0x000272da:8;mov:g.w:@0xf414:16,R2;bra:#0x000272de:8;mov:g.w:@0xf40c:16,R2;tst.w:@0xefce:16;bne:#0x00027395:16;clr.w:@(-0x2:8,FP);mov:g.w:@0xf178:16,R0;cmp:g.w:@0xf400:16,R0;blo:#0x00027300:8;mov:g.w:@0xf178:16,R0;sub.w:@0xf400:16,R0;mov:g.w:R0,@0xf0ba:16;bra:#0x00027310:8;mov:g.w:@0xf400:16,R0;sub.w:@0xf178:16,R0;mov:g.w:R0,@0xf0ba:16;mov:g.w:#0x1:8,@(-0x2:8,FP);pjsr:@0x2739e:24;mov:g.w:R0,@-SP;mov:g.w:@0xf400:16,R0;mov:g.w:R0,@-SP;pjsr:@0x1436c:24;adds.b:0x4,SP;cmp:g.w:@0xf0ba:16,R0;bhs:#0x00027395:16;mov:g.w:@0xc5e:16,R0;mov:g.w:R0,@0xefce:16;mov:g.w:#0xd146:16,@-SP;mov:g.w:#0x2:8,@-SP;pjsr:@0x14735:24;adds.b:0x4,SP;btst.w:0x5,@0xf0f8:16;beq:#0x0002734f:8;mov:g.w:#0x295e:16,@-SP;mov:g.w:#0x1:8,@-SP;bra:#0x00027356:8;mov:g.w:#0x296c:16,@-SP;mov:g.w:#0x1:8,@-SP;pjsr:@0x14656:24;adds.b:0x4,SP;mov:g.w:R0,R5;mov:g.w:@0xf40a:16,R3;tst.w:@(-0x2:8,FP);beq:#0x00027378:8;cmp:g.w:@0xf40e:16,R3;bhs:#0x00027395:8;mov:g.w:@0xf40c:16,R0;add:g.w:R5,R0;mov:g.w:R0,@-SP;bra:#0x0002738d:8;tst.w:R3;beq:#0x00027395:8;mov:g.w:R5,@-SP;mov:g.w:@0xf40c:16,R0;mov:g.w:R0,@-SP;pjsr:@0x14036:24;adds.b:0x4,SP;mov:g.w:R0,@-SP;pjsr:@0x273b8:24;add:q.w:#2,SP;mov:g.w:R0,R2;mov:g.w:R2,@0xf408:16;ldm.w:@SP+,(R5 R3 R2 );unlk:FP;prts:;
0002739e,f0f8_bit5_constant_select,mov:g.w:R2,@-SP;btst.w:0x5,@0xf0f8:16;beq:#0x000273ae:8;mov:g.w:@0xc52:16,R2;mov:g.w:R2,R0;bra:#0x000273b4:8;mov:g.w:@0xc54:16,R2;mov:g.w:R2,R0;mov:g.w:@SP+,R2;prts:;
000273b8,isc_stepper_target_clamp_calc,link:FP,#-0x2:8;mov:g.w:R2,@-SP;mov:f.w:@(0x6:8,FP),R2;btst.w:0x0,@0xf3f0:16;beq:#0x00027401:8;mov:g.w:#0x80:16,@-SP;mov:g.w:@0xf402:16,R0;add:g.w:@0xc46:16,R0;mov:g.w:R0,@-SP;pjsr:@0x14036:24;adds.b:0x4,SP;mov:g.w:#0x80:16,@-SP;mov:g.w:@0xf402:16,R1;add:g.w:@0xc64:16,R1;mov:g.w:R1,@-SP;mov:f.w:R0,@(-0x2:8,FP);pjsr:@0x14036:24;adds.b:0x4,SP;mov:g.w:R0,@-SP;mov:f.w:@(-0x2:8,FP),R0;mov:g.w:R0,@-SP;mov:g.w:R2,@-SP;pjsr:@0x1444c:24;adds.b:0x6,SP;bra:#0x00027411:8;cmp:g.w:@0xf414:16,R2;bhi:#0x0002740f:8;mov:g.w:@0xf414:16,R2;mov:g.w:R2,R0;bra:#0x00027411:8;mov:g.w:R2,R0;mov:g.w:@SP+,R2;unlk:FP;prts:;
00027416,isc_f408_from_f402_dispatch,pjsr:@0x2725d:24;pjsr:@0x27281:24;mov:g.w:@0xf402:16,R0;mov:g.w:R0,@0xf408:16;prts:;
00027428,isc_efd4_gate_condition_check,btst.w:0x7,@0xf0f8:16;beq:#0x00027461:8;btst.w:0x2,@0xf0f8:16;bne:#0x00027461:8;tst.w:@0xefd4:16;bne:#0x00027461:8;tst.w:@0xf422:16;bne:#0x00027461:8;tst.w:@0xf426:16;bne:#0x00027461:8;tst.w:@0xefd6:16;beq:#0x00027452:8;tst.w:@0xefd8:16;bne:#0x00027461:8;mov:g.w:@0xf178:16,R0;cmp:g.w:@0xc4a:16,R0;bls:#0x00027461:8;mov:i:#0x1:16,R0;bra:#0x00027463:8;clr.w:R0;prts:;
00027465,isc_stepper_correction_dispatch_b,pjsr:@0x2747b:24;pjsr:@0x27281:24;pjsr:@0x272c6:24;pjsr:@0x27933:24;pjsr:@0x27a20:24;prts:;
0002747b,isc_f402_composite_correction_calc,stm:(R2 R3 ),@-SP;pjsr:@0x27597:24;mov:g.w:R0,R2;add:g.w:@0xf428:16,R2;pjsr:@0x275c2:24;mov:g.w:R0,R3;cmp:g.w:R3,R2;bhs:#0x00027493:8;mov:g.w:R3,R2;bclr.w:0x1,@0xf3f4:16;pjsr:@0x276fb:24;mov:g.w:R0,R3;cmp:g.w:R3,R2;bhs:#0x000274a3:8;mov:g.w:R3,R2;pjsr:@0x27792:24;mov:g.w:R0,R3;cmp:g.w:R3,R2;bhs:#0x000274af:8;mov:g.w:R3,R2;add:g.w:@0xf42a:16,R2;add:g.w:@0xf424:16,R2;btst.w:0x7,@0xf0f8:16;beq:#0x000274e5:8;tst.w:@0xefe2:16;beq:#0x000274d1:8;mov:g.w:R2,R3;add:g.w:@0xc84:16,R3;cmp:g.w:@0xf438:16,R3;blo:#0x000274db:8;bra:#0x00027500:8;mov:g.w:@0xf438:16,R0;cmp:g.w:@0xf416:16,R0;blo:#0x00027505:8;mov:g.w:@0xf438:16,R0;mov:g.w:R0,@0xf416:16;bra:#0x00027505:8;mov:g.w:@0xc82:16,R0;mov:g.w:R0,@-SP;mov:g.w:@0xf438:16,R0;mov:g.w:R0,@-SP;pjsr:@0x14036:24;adds.b:0x4,SP;mov:g.w:R0,R3;cmp:g.w:@0xf416:16,R3;blo:#0x00027505:8;mov:g.w:R3,@0xf416:16;nop:;cmp:g.w:@0xf416:16,R2;bhs:#0x00027515:8;bset.w:@0xf3f0:16,0x5;mov:g.w:@0xf416:16,R2;bra:#0x00027521:8;bclr.w:0x5,@0xf3f0:16;clr.w:@0xf416:16;clr.w:@0xf438:16;btst.w:0x9,@0xf25e:16;beq:#0x0002753d:8;mov:g.w:#0x2ebc:16,@-SP;mov:g.w:#0x1:8,@-SP;pjsr:@0x14656:24;adds.b:0x4,SP;mov:g.w:R0,R3;cmp:g.w:R3,R2;bhs:#0x0002753d:8;mov:g.w:R3,R2;pjsr:@0x277b8:24;mov:g.w:R2,R3;add:g.w:R0,R3;pjsr:@0x277de:24;add:g.w:R0,R3;pjsr:@0x2782a:24;mov:g.w:R3,R2;add:g.w:R0,R2;btst.w:0x4,@0xf3f0:16;bne:#0x0002755d:8;add:g.w:@0xf42c:16,R2;pjsr:@0x2785a:24;add:g.w:R0,R2;add:g.w:@0xf422:16,R2;pjsr:@0x278a4:24;add:g.w:R0,R2;pjsr:@0x28f13:24;add:g.w:R0,R2;pjsr:@0x28f1b:24;add:g.w:R0,R2;pjsr:@0x278ca:24;add:g.w:R0,R2;add:g.w:@0xf426:16,R2;add:g.w:@0xf434:16,R2;mov:g.w:R2,@-SP;pjsr:@0x1442d:24;add:q.w:#2,SP;mov:g.w:R0,@0xf402:16;ldm.w:@SP+,(R3 R2 );prts:;
00027597,isc_f41c_table_lookup,btst.w:0x5,@0xf0f8:16;beq:#0x000275a6:8;mov:g.w:#0xd92c:16,@-SP;mov:g.w:#0x2:8,@-SP;bra:#0x000275ad:8;mov:g.w:#0xd94c:16,@-SP;mov:g.w:#0x2:8,@-SP;pjsr:@0x14854:24;adds.b:0x4,SP;add:g.w:@0xf43a:16,R0;mov:g.w:R0,@0xf41c:16;mov:g.w:@0xf41c:16,R0;prts:;
000275c2,isc_f41e_table_lookup,stm:(R2 R3 ),@-SP;btst.w:0x4,@0xf0f8:16;beq:#0x0002760d:8;btst.w:0x0,@0xf0f8:16;beq:#0x000275e8:8;btst.w:0x5,@0xf0f8:16;beq:#0x000275df:8;mov:g.w:#0x28c6:16,@-SP;mov:g.w:#0x1:8,@-SP;bra:#0x000275fe:8;mov:g.w:#0x28de:16,@-SP;mov:g.w:#0x1:8,@-SP;bra:#0x000275fe:8;btst.w:0x5,@0xf0f8:16;beq:#0x000275f7:8;mov:g.w:#0x28ba:16,@-SP;mov:g.w:#0x1:8,@-SP;bra:#0x000275fe:8;mov:g.w:#0x28d2:16,@-SP;mov:g.w:#0x1:8,@-SP;pjsr:@0x14656:24;adds.b:0x4,SP;mov:g.w:R0,R2;add:g.w:@0xf43a:16,R2;bra:#0x0002760f:8;clr.w:R2;mov:g.w:@0xf0f8:16,R0;and.w:0x4024,R0;cmp:i:#0x4020:16,R0;bne:#0x00027638:8;mov:g.w:@0xd28:16,R3;btst.w:0x4,@0xf0f8:16;beq:#0x0002762a:8;mov:g.w:@0xd26:16,R3;mov:g.w:R3,R0;add:g.w:@0xf43a:16,R0;mov:g.w:R0,R3;cmp:g.w:R0,R2;bhs:#0x00027638:8;mov:g.w:R3,R2;mov:g.w:R2,@0xf41e:16;mov:g.w:@0xf41e:16,R0;ldm.w:@SP+,(R3 R2 );prts:;
00027644,f3f4_bit2_3_4_hysteresis_gate_check,btst.w:0x4,@0xf3f4:16;beq:#0x0002765a:8;mov:g.w:@0xf1e6:16,R0;cmp:g.w:@0xcd6:16,R0;bhi:#0x00027668:8;bclr.w:0x4,@0xf3f4:16;bra:#0x00027668:8;mov:g.w:@0xf1e6:16,R0;cmp:g.w:@0xcd4:16,R0;bls:#0x00027668:8;bset.w:@0xf3f4:16,0x4;btst.w:0x3,@0xf3f4:16;beq:#0x0002767e:8;mov:g.w:@0xf17a:16,R0;cmp:g.w:@0xcda:16,R0;bhi:#0x0002768c:8;bclr.w:0x3,@0xf3f4:16;bra:#0x0002768c:8;mov:g.w:@0xf17a:16,R0;cmp:g.w:@0xcd8:16,R0;bls:#0x0002768c:8;bset.w:@0xf3f4:16,0x3;btst.w:0x2,@0xf3f4:16;beq:#0x000276a2:8;mov:g.w:@0xf10e:16,R0;cmp:g.w:@0xcdc:16,R0;bhi:#0x000276b0:8;bclr.w:0x2,@0xf3f4:16;bra:#0x000276b0:8;mov:g.w:@0xf10e:16,R0;cmp:g.w:@0xcde:16,R0;bls:#0x000276b0:8;bset.w:@0xf3f4:16,0x2;mov:g.w:@0xf3f4:16,R0;and.w:0x1c,R0;cmp:i:#0x1c:16,R0;bne:#0x000276cf:8;mov:g.w:@0xf0f8:16,R0;and.w:0xa0,R0;cmp:i:#0x80:16,R0;bne:#0x000276cf:8;mov:i:#0x1:16,R0;bra:#0x000276d1:8;clr.w:R0;prts:;
000276d3,f0f8_gated_constant_select_f3f4_neighbor,mov:g.w:R2,@-SP;mov:g.w:@0xce0:16,R2;btst.w:0x4,@0xf0f8:16;beq:#0x000276f5:8;btst.w:0x0,@0xf0f8:16;beq:#0x000276ed:8;mov:g.w:@0xce4:16,R2;mov:g.w:R2,R0;bra:#0x000276f7:8;mov:g.w:@0xce2:16,R2;mov:g.w:R2,R0;bra:#0x000276f7:8;mov:g.w:R2,R0;mov:g.w:@SP+,R2;prts:;
000276fb,isc_f420_correction_calc,stm:(R2 R3 ),@-SP;tst.w:@0xf034:16;beq:#0x00027786:16;btst.w:0x5,@0xf3f4:16;beq:#0x00027710:8;mov:g.w:@0xd6a:16,R2;bra:#0x00027714:8;mov:g.w:@0xd6c:16,R2;mov:g.w:@0xd66:16,R0;mulxu.w:0x50,R0;mov:g.w:R1,@-SP;mov:g.w:R2,@-SP;mov:g.w:@0xf034:16,R0;mov:g.w:R0,@-SP;pjsr:@0x14219:24;adds.b:0x6,SP;mov:g.w:R0,R3;cmp:g.b:#0x2:8,@0x2c7:16;bne:#0x00027753:8;btst.w:0x0,@0xf0f8:16;beq:#0x00027753:8;ldc.b:0x2,DP;mov:g.w:@0xd460:16,R0;ldc.b:0x1,DP;mov:g.b:@(0x28c9:16,R0),R1;extu.b:R1;add:g.w:R1,R3;ldc.b:0x0,DP;bra:#0x00027774:8;ldc.b:0x2,DP;mov:g.w:@0xd460:16,R2;mov:g.w:#0xd92c:16,@-SP;mov:g.w:#0x2:8,@-SP;ldc.b:0x0,DP;pjsr:@0x14880:24;adds.b:0x4,SP;adds.w:R2,R1;mov:g.b:@(0x3:8,R1),R0;extu.b:R0;add:g.w:R0,R3;add:g.w:@0xf43a:16,R3;mov:g.w:R3,@-SP;pjsr:@0x1442d:24;add:q.w:#2,SP;mov:g.w:R0,@0xf420:16;bra:#0x0002778a:8;clr.w:@0xf420:16;mov:g.w:@0xf420:16,R0;ldm.w:@SP+,(R3 R2 );prts:;
00027792,f216_bit6_constant_select,mov:g.w:R2,@-SP;clr.w:R2;btst.w:0x6,@0xf216:16;beq:#0x000277b2:8;btst.w:0x4,@0xf0f8:16;beq:#0x000277aa:8;mov:g.w:@0xcea:16,R2;mov:g.w:R2,R0;bra:#0x000277b4:8;mov:g.w:@0xce6:16,R2;mov:g.w:R2,R0;bra:#0x000277b4:8;mov:g.w:R2,R0;mov:g.w:@SP+,R2;prts:;
000277b8,isc_f42e_or_default_select,mov:g.w:R2,@-SP;clr.w:R2;tst.b:@0x2da:16;beq:#0x000277ca:8;mov:g.w:@0xf42e:16,R2;mov:g.w:R2,R0;bra:#0x000277da:8;btst.w:0x3,@0xf0f8:16;beq:#0x000277d8:8;mov:g.w:@0xc08:16,R2;mov:g.w:R2,R0;bra:#0x000277da:8;mov:g.w:R2,R0;mov:g.w:@SP+,R2;prts:;
000277de,isc_f038_constant_select,mov:g.w:R2,@-SP;clr.w:R2;tst.b:@0x2db:16;beq:#0x00027824:8;btst.w:0x7,@0xf0f8:16;bne:#0x000277f4:8;clr.w:@0xf038:16;bra:#0x00027824:8;btst.w:0x2,@0xf20e:16;beq:#0x00027808:8;tst.w:@0xf29e:16;beq:#0x00027808:8;mov:g.w:@0xcf6:16,R0;mov:g.w:R0,@0xf038:16;tst.w:@0xf038:16;beq:#0x00027824:8;btst.w:0x4,@0xf0f8:16;beq:#0x0002781c:8;mov:g.w:@0xcf4:16,R2;mov:g.w:R2,R0;bra:#0x00027826:8;mov:g.w:@0xcf2:16,R2;mov:g.w:R2,R0;bra:#0x00027826:8;mov:g.w:R2,R0;mov:g.w:@SP+,R2;prts:;
0002782a,f0f8_bit9_constant_or_calc_select,mov:g.w:R2,@-SP;clr.w:R2;tst.b:@0x2eb:16;beq:#0x00027846:8;mov:g.w:@0xf4e0:16,R0;mulxu.w:@0xf12:16,R0;mov:g.w:R1,@-SP;pjsr:@0x1442d:24;add:q.w:#2,SP;bra:#0x00027856:8;btst.w:0x9,@0xf0f8:16;beq:#0x00027854:8;mov:g.w:@0xc20:16,R2;mov:g.w:R2,R0;bra:#0x00027856:8;mov:g.w:R2,R0;mov:g.w:@SP+,R2;prts:;
0002785a,f490_bits01_constant_select,mov:g.w:R2,@-SP;clr.w:R2;cmp:g.b:#0x1:8,@0x2e4:16;bne:#0x00027883:8;mov:g.w:@0xf490:16,R0;and.w:0x3,R0;beq:#0x0002789e:8;btst.w:0x4,@0xf0f8:16;bne:#0x0002789e:8;tst.w:@0xf048:16;beq:#0x00027896:8;mov:g.w:@0xc24:16,R2;mov:g.w:R2,R0;bra:#0x000278a0:8;cmp:g.b:#0x2:8,@0x2e4:16;bne:#0x0002789e:8;tst.w:@0xf494:16;beq:#0x0002789e:8;btst.w:0x4,@0xf0f8:16;bne:#0x0002789e:8;mov:g.w:@0xc22:16,R2;mov:g.w:R2,R0;bra:#0x000278a0:8;mov:g.w:R2,R0;mov:g.w:@SP+,R2;prts:;
000278a4,f3f0_bit8_constant_select,mov:g.w:R2,@-SP;clr.w:R2;btst.w:0x8,@0xf3f0:16;beq:#0x000278c4:8;btst.w:0x5,@0xf0f8:16;beq:#0x000278bc:8;mov:g.w:@0xd10:16,R2;mov:g.w:R2,R0;bra:#0x000278c6:8;mov:g.w:@0xd12:16,R2;mov:g.w:R2,R0;bra:#0x000278c6:8;mov:g.w:R2,R0;mov:g.w:@SP+,R2;prts:;
000278ca,f0f8_masked_constant_select,mov:g.w:R2,@-SP;clr.w:R2;tst.b:@0x2c6:16;beq:#0x000278e9:8;mov:g.w:@0xf0f8:16,R0;and.w:0x414,R0;cmp:i:#0x404:16,R0;bne:#0x000278e9:8;mov:g.w:@0xd2a:16,R2;mov:g.w:R2,R0;bra:#0x000278eb:8;mov:g.w:R2,R0;mov:g.w:@SP+,R2;prts:;
000278ef,isc_f416_f3f0_bit5_gate_check,link:FP,#0x0:8;stm:(R2 R3 ),@-SP;clr.w:R3;tst.w:@0xf416:16;beq:#0x00027928:8;btst.w:0x6,@0xf3f0:16;beq:#0x00027907:8;mov:g.w:@0xca0:16,R2;bra:#0x00027917:8;btst.w:0x4,@0xf0f8:16;beq:#0x00027913:8;mov:g.w:@0xc9e:16,R2;bra:#0x00027917:8;mov:g.w:@0xc9c:16,R2;cmp:g.w:@(0x6:8,FP),R2;bls:#0x00027928:8;bset.w:@0xf3f0:16,0x5;mov:g.w:@0xf416:16,R3;mov:g.w:R3,R0;bra:#0x0002792e:8;bclr.w:0x5,@0xf3f0:16;mov:g.w:R3,R0;ldm.w:@SP+,(R3 R2 );unlk:FP;prts:;
00027933,isc_f3fa_f3fe_dispatch,pjsr:@0x27959:24;tst.w:R0;beq:#0x0002793f:8;pjsr:@0x27990:24;mov:g.w:@0xf178:16,R0;cmp:g.w:@0xc60:16,R0;blo:#0x00027957:8;mov:g.w:@0xf1e6:16,R0;cmp:g.w:@0xc62:16,R0;bls:#0x00027957:8;pjsr:@0x26271:24;prts:;
00027959,isc_f406_ramp_gate_condition_check,btst.w:0x4,@0xf3f0:16;beq:#0x0002798c:8;btst.w:0x0,@0xf3f0:16;bne:#0x0002798c:8;tst.w:@0xf424:16;bne:#0x0002798c:8;btst.w:0x3,@0xf0f8:16;bne:#0x0002798c:8;tst.w:@0xf03c:16;bne:#0x0002798c:8;tst.w:@0xf406:16;beq:#0x0002798c:8;mov:g.w:@0xf406:16,R0;cmp:g.w:@0xf40e:16,R0;bhs:#0x0002798c:8;mov:i:#0x1:16,R0;bra:#0x0002798e:8;clr.w:R0;prts:;
00027990,isc_f3fa_f3fc_f3fe_correction_calc,mov:g.w:R2,@-SP;pjsr:@0x279f1:24;mov:g.w:R0,@-SP;pjsr:@0x144b4:24;add:q.w:#2,SP;mov:g.w:R0,@-SP;mov:g.w:@0xf402:16,R0;mov:g.w:R0,@-SP;mov:g.w:@0xf408:16,R0;add:g.w:0x100,R0;mov:g.w:R0,@-SP;pjsr:@0x14036:24;adds.b:0x4,SP;mov:g.w:R0,@-SP;pjsr:@0x14036:24;adds.b:0x4,SP;mov:g.w:R0,@-SP;pjsr:@0x1442d:24;add:q.w:#2,SP;mov:g.w:R0,R2;btst.w:0x4,@0xf0f8:16;beq:#0x000279e9:8;cmp:g.b:#0x1:8,@0x2c7:16;bne:#0x000279e3:8;btst.w:0x0,@0xf0f8:16;beq:#0x000279e3:8;mov:g.w:R2,@0xf3fe:16;bra:#0x000279ed:8;mov:g.w:R2,@0xf3fc:16;bra:#0x000279ed:8;mov:g.w:R2,@0xf3fa:16;mov:g.w:@SP+,R2;prts:;
000279f1,select_const_by_flags_eeca,mov:g.w:R2,@-SP;btst.w:0x4,@0xf0f8:16;beq:#0x00027a16:8;cmp:g.b:#0x1:8,@0x2c7:16;bne:#0x00027a0e:8;btst.w:0x0,@0xf0f8:16;beq:#0x00027a0e:8;mov:g.w:@0xeece:16,R2;mov:g.w:R2,R0;bra:#0x00027a1c:8;mov:g.w:@0xeecc:16,R2;mov:g.w:R2,R0;bra:#0x00027a1c:8;mov:g.w:@0xeeca:16,R2;mov:g.w:R2,R0;mov:g.w:@SP+,R2;prts:;
00027a20,isc_eeca_update_dispatch,pjsr:@0x27a2e:24;tst.w:R0;beq:#0x00027a2c:8;pjsr:@0x27a81:24;prts:;
00027a2e,isc_eeca_update_gate_condition_check,stm:(R2 R3 ),@-SP;mov:g.w:@0xf406:16,R2;mov:g.w:@0xf40e:16,R3;pjsr:@0x27959:24;tst.w:R0;beq:#0x00027a7b:8;btst.w:0x7,@0xf0ea:16;bne:#0x00027a7b:8;tst.w:@0xf034:16;bne:#0x00027a7b:8;mov:g.w:@0xf10e:16,R0;cmp:g.w:@0xc6e:16,R0;bls:#0x00027a7b:8;btst.w:0xc,@0xf0f8:16;bne:#0x00027a7b:8;tst.b:@0x2c6:16;beq:#0x00027a68:8;btst.w:0xe,@0xf0f8:16;bne:#0x00027a7b:8;cmp:g.w:R3,R2;bhs:#0x00027a7b:8;tst.w:R2;beq:#0x00027a7b:8;tst.w:@0xefca:16;bne:#0x00027a7b:8;mov:i:#0x1:16,R0;bra:#0x00027a7d:8;clr.w:R0;ldm.w:@SP+,(R3 R2 );prts:;
00027a81,isc_eeca_eecc_eece_correction_calc,stm:(R2 R3 R5 ),@-SP;clr.w:R5;pjsr:@0x279f1:24;mov:g.w:R0,R3;mov:g.w:@0xc6a:16,R0;mov:g.w:R0,@0xefca:16;mov:g.w:#0x80:16,@-SP;mov:g.w:R3,@-SP;pjsr:@0x144b4:24;add:q.w:#2,SP;add:g.w:@0xf402:16,R0;mov:g.w:R0,@-SP;pjsr:@0x14036:24;adds.b:0x4,SP;mov:g.w:R0,R2;cmp:g.w:@0xf408:16,R2;bhi:#0x00027abe:8;mov:g.w:@0xf408:16,R0;sub.w:R2,R0;mov:g.w:R0,R2;bra:#0x00027ac5:8;sub.w:@0xf408:16,R2;mov:i:#0x1:16,R5;mov:g.w:#0x3:8,@-SP;mov:g.w:R2,@-SP;pjsr:@0x1405c:24;adds.b:0x4,SP;mov:g.w:R0,@-SP;mov:g.w:R3,@-SP;tst.w:R5;bne:#0x00027ae4:8;pjsr:@0x14000:24;adds.b:0x4,SP;mov:g.w:R0,R2;bra:#0x00027aed:8;pjsr:@0x14036:24;adds.b:0x4,SP;mov:g.w:R0,R2;mov:g.w:@0xc70:16,R0;mov:g.w:R0,@-SP;mov:g.w:@0xc72:16,R0;mov:g.w:R0,@-SP;mov:g.w:R2,@-SP;pjsr:@0x1444c:24;adds.b:0x6,SP;mov:g.w:R0,R2;btst.w:0x4,@0xf0f8:16;beq:#0x00027b23:8;cmp:g.b:#0x1:8,@0x2c7:16;bne:#0x00027b1d:8;btst.w:0x0,@0xf0f8:16;beq:#0x00027b1d:8;mov:g.w:R2,@0xeece:16;bra:#0x00027b27:8;mov:g.w:R2,@0xeecc:16;bra:#0x00027b27:8;mov:g.w:R2,@0xeeca:16;ldm.w:@SP+,(R5 R3 R2 );prts:;
00027b2b,isc_f408_composite_dispatch,link:FP,#-0x2:8;pjsr:@0x2747b:24;pjsr:@0x27281:24;pjsr:@0x27933:24;mov:g.w:#0x100:16,@-SP;pjsr:@0x27b6e:24;mov:f.w:R0,@(-0x2:8,FP);pjsr:@0x279f1:24;mov:g.w:R0,@-SP;pjsr:@0x144b4:24;add:q.w:#2,SP;mov:g.w:@0xf402:16,R1;add:g.w:R0,R1;add:g.w:@(-0x2:8,FP),R1;mov:g.w:R1,@-SP;pjsr:@0x14036:24;adds.b:0x4,SP;mov:g.w:R0,@-SP;pjsr:@0x1442d:24;mov:g.w:R0,@0xf408:16;unlk:FP;prts:;
00027b6e,isc_f3fa_f3fc_f3fe_select,mov:g.w:R2,@-SP;btst.w:0x4,@0xf0f8:16;beq:#0x00027b93:8;cmp:g.b:#0x1:8,@0x2c7:16;bne:#0x00027b8b:8;btst.w:0x0,@0xf0f8:16;beq:#0x00027b8b:8;mov:g.w:@0xf3fe:16,R2;mov:g.w:R2,R0;bra:#0x00027b99:8;mov:g.w:@0xf3fc:16,R2;mov:g.w:R2,R0;bra:#0x00027b99:8;mov:g.w:@0xf3fa:16,R2;mov:g.w:R2,R0;mov:g.w:@SP+,R2;prts:;
00027b9d,isc_f406_clamp_dispatch,mov:g.w:@0xeed0:16,R0;and.w:0xa0,R0;bne:#0x00027bc0:8;mov:g.w:@0xf40e:16,R0;mov:g.w:R0,@-SP;clr.w:@-SP;mov:g.w:@0xf406:16,R0;mov:g.w:R0,@-SP;pjsr:@0x1444c:24;adds.b:0x6,SP;mov:g.w:R0,@0xf406:16;pjsr:@0x27beb:24;prts:;
00027bc6,isc_table_read_byte_clamped_2eca,link:FP,#-0x2:8;mov:f.w:@(0x6:8,FP),R0;mov:f.w:R0,@(-0x2:8,FP);cmp:g.w:@0x2eca:16,R0;blo:#0x00027bd8:8;mov:g.w:@0x2eca:16,R0;mov:f.w:R0,@(-0x2:8,FP);mov:f.w:@(-0x2:8,FP),R0;ldc.b:0x1,DP;mov:g.b:@(0x2eca:16,R0),R1;extu.b:R1;mov:g.w:R1,R0;ldc.b:0x0,DP;unlk:FP;prts:;
00027beb,isc_f412_f082_stall_timer_calc,mov:g.w:R2,@-SP;mov:g.w:@0xc70:16,R0;mov:g.w:R0,@-SP;pjsr:@0x144b4:24;add:q.w:#2,SP;cmp:g.w:@0xf412:16,R0;bhs:#0x00027c0f:8;mov:g.w:@0xeeca:16,R0;mov:g.w:R0,@-SP;pjsr:@0x144b4:24;add:q.w:#2,SP;mov:g.w:R0,@0xf412:16;mov:g.w:@0xf0f8:16,R0;and.w:0x18,R0;bne:#0x00027c61:8;btst.w:0x4,@0xf3f0:16;beq:#0x00027c61:8;btst.w:0x0,@0xf3f0:16;bne:#0x00027c61:8;tst.w:@0xf406:16;beq:#0x00027c61:8;mov:g.w:@0xf414:16,R0;cmp:g.w:@0xf408:16,R0;blo:#0x00027c61:8;mov:g.w:@0xf180:16,R2;mov:i:#0x4:16,R0;shlr.w:R2;scb/eq:R0,0x00027c3c;cmp:g.w:@0xf400:16,R2;blo:#0x00027c61:8;sub.w:@0xf400:16,R2;cmp:g.w:@0xcd2:16,R2;bls:#0x00027c61:8;tst.w:@0xf082:16;bne:#0x00027c69:8;tst.w:@0xf412:16;beq:#0x00027c61:8;add:q.w:#-1,@0xf412:16;mov:g.w:@0xcd0:16,R0;mov:g.w:R0,@0xf082:16;mov:g.w:@SP+,R2;prts:;
00027c6d,mirror_f406_f408_to_f40a_f40c,mov:g.w:@0xf406:16,R0;mov:g.w:R0,@0xf40a:16;mov:g.w:@0xf408:16,R0;mov:g.w:R0,@0xf40c:16;prts:;
00027c80,startup_phase_reset_wrapper,pjsr:@0x28413:24;prts:;
00027c86,warmup_state_f594_f0e6_init,mov:g.w:@0xf50:16,R0;mov:g.w:R0,@0xf09a:16;mov:g.w:#0x41:8,@0xf594:16;bset.w:@0xf0e6:16,0x3;prts:;
00027c99,engine_warmup_periodic_dispatch,pjsr:@0x27cb7:24;pjsr:@0x27d33:24;pjsr:@0x27d55:24;pjsr:@0x27e1a:24;pjsr:@0x27e92:24;pjsr:@0x282c1:24;pjsr:@0x284a3:24;prts:;
00027cb7,startup_phase_reset_eed6_cluster,link:FP,#-0x2:8;cmp:g.b:#0x4:8,@0xef6e:16;bhs:#0x00027d30:8;mov:g.w:@0xeeea:16,R0;and.w:0xff95,R0;mov:g.w:R0,@0xeeea:16;mov:g.w:@0xeeec:16,R0;and.w:0xffd5,R0;mov:g.w:R0,@0xeeec:16;bset.w:@0xeeea:16,0x0;clr.w:@0xf502:16;mov:g.w:@0xf50:16,R0;mov:g.w:R0,@0xf09a:16;clr.w:@0xef78:16;clr.w:@-SP;pjsr:@0x1450b:24;add:q.w:#2,SP;mov:g.w:@0xeed6:16,R1;and.w:0x11,R1;mov:g.w:R1,@-SP;mov:f.w:R0,@(-0x2:8,FP);pjsr:@0x1450b:24;add:q.w:#2,SP;mov:g.w:R0,@0xeed6:16;mov:f.w:@(-0x2:8,FP),R0;mov:g.w:R0,@0xeed8:16;mov:g.w:@0xeeda:16,R0;and.w:0x82,R0;mov:g.w:R0,@-SP;pjsr:@0x1450b:24;mov:g.w:R0,@0xeeda:16;mov:f.w:@(-0x2:8,FP),R0;mov:g.w:R0,@0xeedc:16;mov:g.w:R0,@0xeede:16;bclr.w:0x4,@0xf1fe:16;unlk:FP;prts:;
00027d33,eeea_bit0_update_on_efa2,tst.w:@0xefa2:16;bne:#0x00027d3f:8;bset.w:@0xeeea:16,0x0;bra:#0x00027d53:8;btst.w:0x0,@0xeeea:16;bne:#0x00027d4b:8;btst.w:0x0,@0xf20e:16;beq:#0x00027d53:8;bclr.w:0x0,@0xeeea:16;clr.w:@0xef78:16;prts:;
00027d55,knock_sensor_diagnostic_update,link:FP,#-0x2:8;stm:(R2 R3 ),@-SP;mov:i:#0x8000:16,R2;cmp:g.b:#0x20:8,@0xef6e:16;bhi:#0x00027d7e:8;btst.w:0x4,@0xf20e:16;beq:#0x00027d78:8;cmp:g.b:#0x5:8,@0xf108:16;bhs:#0x00027d78:8;cmp:g.w:#0xf6:16,@0xf13a:16;bhs:#0x00027db2:8;bclr.w:0x6,@0xf594:16;bra:#0x00027db2:8;btst.w:0x0,@0xf594:16;beq:#0x00027d9a:8;cmp:g.w:#0x96:16,@0xf1e8:16;bhs:#0x00027d90:8;bclr.w:0x6,@0xf594:16;btst.w:0x6,@0xf594:16;beq:#0x00027d9a:8;bset.w:@0xf594:16,0x7;mov:g.w:@0xf594:16,R0;and.w:0xffbe,R0;mov:g.w:R0,@0xf594:16;cmp:g.w:#0xb1:16,@0xf13a:16;bhs:#0x00027db2:8;bclr.w:0x7,@0xf594:16;btst.w:0x7,@0xf594:16;beq:#0x00027e15:8;btst.w:0x1,@0xf594:16;bne:#0x00027e15:8;mov:g.w:#0x3c:8,@0xef7a:16;mov:g.w:R2,@-SP;mov:g.w:#0x0:16,@-SP;mov:g.w:#0x1:8,@-SP;pjsr:@0x1722b:24;adds.b:0x6,SP;mov:g.w:R2,@-SP;mov:g.w:#0x8000:16,@-SP;mov:g.w:#0x1:8,@-SP;mov:f.w:R0,@(-0x2:8,FP);pjsr:@0x1722b:24;adds.b:0x6,SP;mov:f.w:@(-0x2:8,FP),R3;add:g.w:R0,R3;mov:g.w:R2,@-SP;mov:g.w:#0x0:16,@-SP;mov:g.w:#0x2:8,@-SP;pjsr:@0x1722b:24;adds.b:0x6,SP;add:g.w:R0,R3;mov:g.w:R2,@-SP;mov:g.w:#0x8000:16,@-SP;mov:g.w:#0x2:8,@-SP;pjsr:@0x1722b:24;adds.b:0x6,SP;add:g.w:R0,R3;mov:g.w:R3,@0xf596:16;bset.w:@0xf594:16,0x1;ldm.w:@SP+,(R3 R2 );unlk:FP;prts:;
00027e1a,f516_request_latch_f09a_calib_select,stc.w:SR,@-SP;orc.w:0x700,SR;andc.w:0xfeff,SR;ldc.b:0x0,DP;btst.w:0x7,@0xeeea:16;bne:#0x00027e54:8;btst.w:0x6,@0xf516:16;bne:#0x00027e3f:8;tst.b:@0x205:16;bne:#0x00027e3f:8;btst.w:0x7,@0xf594:16;beq:#0x00027e73:8;bset.w:@0xeeea:16,0x7;cmp:g.b:#0x1:8,@0xf502:16;beq:#0x00027e73:8;mov:g.w:@0xf52:16,R0;mov:g.w:R0,@0xf09a:16;bra:#0x00027e73:8;tst.b:@0x205:16;bne:#0x00027e73:8;btst.w:0x5,@0xf516:16;bne:#0x00027e67:8;cmp:g.b:#0x4:8,@0xef6e:16;bhs:#0x00027e73:8;bclr.w:0x7,@0xeeea:16;mov:g.w:@0xf50:16,R0;mov:g.w:R0,@0xf09a:16;mov:g.w:@0xf516:16,R0;and.w:0xff9f,R0;mov:g.w:R0,@0xf516:16;mov:g.w:@0xf516:16,R0;and.w:0xfefb,R0;mov:g.w:R0,@0xf516:16;ldc.w:@SP+ ,SR;ldc.b:0x0,DP;prts:;
00027e92,engine_warmup_dispatch_b,pjsr:@0x27e9c:24;pjsr:@0x28279:24;prts:;
00027e9c,f502_state_table_dispatch,link:FP,#-0x8:8;stm:(R2 R3 ),@-SP;clr.w:@-SP;pjsr:@0x27f60:24;add:q.w:#2,SP;mov:g.w:@0xf502:16,R0;mulxu.w:0x6,R0;mov:g.w:R1,R2;cmp:g.b:#0xc:8,@0xf502:16;bhs:#0x00027ec2:8;mov:i:#0x369a:16,R0;adds.w:R2,R0;mov:f.w:R0,@(-0x6:8,FP);bra:#0x00027ecc:8;adds.b:0xb8,R2;mov:i:#0x36e2:16,R0;adds.w:R2,R0;mov:f.w:R0,@(-0x6:8,FP);mov:f.w:@(-0x6:8,FP),R0;mov:g.w:@(0x4:8,R0),R1;mov:g.w:@(0x2:8,R0),R0;pjsr:@R0;mov:f.w:R0,@(-0x8:8,FP);cmp:i:#0x1:16,R0;bne:#0x00027eff:8;mov:f.w:@(-0x6:8,FP),R0;mov:g.b:@(0x1:8,R0),R1;extu.b:R1;mov:g.b:@R0,R2;extu.b:R2;shll.w:R2;mov:i:#0xeed6:16,R3;adds.w:R2,R3;not.w:R1;and.w:@R3 ,R1;mov:g.w:R1,@-SP;pjsr:@0x1450b:24;add:q.w:#2,SP;mov:g.w:R0,@R3;bra:#0x00027f52:8;tst.w:@(-0x8:8,FP);bne:#0x00027f52:8;mov:f.w:@(-0x6:8,FP),R0;mov:g.b:@(0x1:8,R0),R1;extu.b:R1;mov:f.w:R1,@(-0x2:8,FP);mov:g.b:@R0,R1;extu.b:R1;shll.w:R1;mov:i:#0xeee0:16,R2;adds.w:R1,R2;mov:f.w:R2,@(-0x4:8,FP);mov:i:#0xeed6:16,R2;mov:g.w:R2,R3;add:g.w:R1,R3;tst.w:@0xf09a:16;bne:#0x00027f4b:8;mov:g.w:@R3,R0;or.w:@(-0x2:8,FP) ,R0;mov:g.w:R0,@-SP;pjsr:@0x1450b:24;add:q.w:#2,SP;mov:g.w:R0,@R3;mov:f.w:@(-0x4:8,FP),R0;mov:g.w:@R0,R1;or.w:@(-0x2:8,FP) ,R1;mov:g.w:R1,@-SP;pjsr:@0x1450b:24;add:q.w:#2,SP;mov:f.w:@(-0x4:8,FP),R1;mov:g.w:R0,@R1;bra:#0x00027f52:8;mov:g.w:@R3,R0;and.w:@(-0x2:8,FP) ,R0;beq:#0x00027f5b:8;mov:g.w:#0x1:8,@-SP;pjsr:@0x27f60:24;add:q.w:#2,SP;ldm.w:@SP+,(R3 R2 );unlk:FP;prts:;
00027f60,f502_state_index_update,link:FP,#0x0:8;stm:(R2 R3 ),@-SP;mov:g.w:@0xf502:16,R3;tst.w:@(0x6:8,FP);beq:#0x00027f6f:8;add:q.w:#1,R3;mov:i:#0x14:16,R2;mov:g.w:@0xef78:16,R0;cmp:g.w:@0xf4e:16,R0;bhs:#0x00027f7f:8;mov:i:#0xb:16,R2;cmp:g.w:R2,R3;bls:#0x00027f85:8;clr.w:R3;cmp:g.w:@0xf502:16,R3;beq:#0x00027fa8:8;btst.w:0x7,@0xeeea:16;beq:#0x00027fa0:8;cmp:i:#0x1:16,R3;beq:#0x00027fa0:8;mov:g.w:@0xf52:16,R0;mov:g.w:R0,@0xf09a:16;bra:#0x00027fa8:8;mov:g.w:@0xf50:16,R0;mov:g.w:R0,@0xf09a:16;mov:g.w:R3,@0xf502:16;ldm.w:@SP+,(R3 R2 );unlk:FP;prts:;
00027fb1,f17a_load_zone_and_ef96_f1d8_check,mov:g.w:R2,@-SP;mov:i:#0x2:16,R2;mov:g.w:@0xf17a:16,R0;cmp:g.w:@0xf54:16,R0;bls:#0x00027fdf:8;tst.w:@0xef96:16;beq:#0x00027fd6:8;mov:g.w:@0xf58:16,R0;swap.b:R0;clr.b:R0;shll.w:R0;cmp:g.w:@0xf1d8:16,R0;bhi:#0x00027fda:8;clr.w:R0;bra:#0x00027fe1:8;mov:i:#0x1:16,R0;bra:#0x00027fe1:8;mov:g.w:R2,R0;mov:g.w:@SP+,R2;prts:;
0002800a,phase_dispatch_efa2_f500_f5ee_gate_check,mov:g.w:R2,@-SP;mov:i:#0x2:16,R2;tst.w:@0xefa2:16;beq:#0x00028032:8;tst.w:@0xf500:16;beq:#0x0002802e:8;btst.w:0x0,@0xf5ee:16;beq:#0x00028026:8;mov:i:#0x1:16,R0;bra:#0x00028034:8;pjsr:@0x15549:24;tst.w:R0;bne:#0x00028032:8;clr.w:R0;bra:#0x00028034:8;mov:g.w:R2,R0;mov:g.w:@SP+,R2;prts:;
00028082,f17a_f13c_load_zone_and_f514_gate_check,mov:g.w:R2,@-SP;mov:i:#0x2:16,R2;tst.w:@0xefa2:16;beq:#0x000280b8:8;mov:g.w:@0xf17a:16,R0;cmp:g.w:@0xf7c:16,R0;bhs:#0x000280b8:8;mov:g.w:@0xf13c:16,R0;cmp:g.w:@0xf7e:16,R0;bhs:#0x000280b8:8;cmp:g.w:#0xffff:16,@0xf514:16;bne:#0x000280b8:8;btst.w:0x1,@0xf200:16;beq:#0x000280b3:8;clr.w:R0;bra:#0x000280ba:8;mov:i:#0x1:16,R0;bra:#0x000280ba:8;mov:g.w:R2,R0;mov:g.w:@SP+,R2;prts:;
00028279,eee4_eeda_bit6_update_from_f0f8_bit12,btst.w:0xc,@0xf0f8:16;beq:#0x0002829b:8;mov:g.w:@0xeee4:16,R0;bset.w:R0,0x6;mov:g.w:R0,@-SP;pjsr:@0x1450b:24;add:q.w:#2,SP;mov:g.w:R0,@0xeee4:16;mov:g.w:@0xeeda:16,R0;bset.w:R0,0x6;mov:g.w:R0,@-SP;bra:#0x000282b5:8;mov:g.w:@0xeee4:16,R0;bclr.w:0x6,R0;mov:g.w:R0,@-SP;pjsr:@0x1450b:24;add:q.w:#2,SP;mov:g.w:R0,@0xeee4:16;mov:g.w:@0xeeda:16,R0;bclr.w:0x6,R0;mov:g.w:R0,@-SP;pjsr:@0x1450b:24;add:q.w:#2,SP;mov:g.w:R0,@0xeeda:16;prts:;
000282c1,eee0_eeee_diag_flags_reset_dispatch,mov:g.w:R2,@-SP;mov:g.w:@0xf1f2:16,R2;mov:g.w:R2,R0;and.w:0x8000,R0;cmp:i:#0x8000:16,R0;beq:#0x000282fa:8;clr.w:@0xeeee:16;mov:g.w:@0xeee0:16,R0;bclr.w:0x0,R0;mov:g.w:R0,@-SP;pjsr:@0x1450b:24;add:q.w:#2,SP;mov:g.w:R0,@0xeee0:16;mov:g.w:@0xeed6:16,R0;bclr.w:0x0,R0;mov:g.w:R0,@-SP;pjsr:@0x1450b:24;add:q.w:#2,SP;mov:g.w:R0,@0xeed6:16;mov:g.w:R2,R0;and.w:0x8004,R0;cmp:i:#0x8004:16,R0;beq:#0x0002832d:8;clr.w:@0xeef0:16;mov:g.w:@0xeee4:16,R0;bclr.w:0x1,R0;mov:g.w:R0,@-SP;pjsr:@0x1450b:24;add:q.w:#2,SP;mov:g.w:R0,@0xeee4:16;mov:g.w:@0xeeda:16,R0;bclr.w:0x1,R0;mov:g.w:R0,@-SP;pjsr:@0x1450b:24;add:q.w:#2,SP;mov:g.w:R0,@0xeeda:16;mov:g.w:R2,R0;and.w:0x8002,R0;cmp:i:#0x8002:16,R0;beq:#0x00028360:8;clr.w:@0xeef2:16;mov:g.w:@0xeee4:16,R0;bclr.w:0x7,R0;mov:g.w:R0,@-SP;pjsr:@0x1450b:24;add:q.w:#2,SP;mov:g.w:R0,@0xeee4:16;mov:g.w:@0xeeda:16,R0;bclr.w:0x7,R0;mov:g.w:R0,@-SP;pjsr:@0x1450b:24;add:q.w:#2,SP;mov:g.w:R0,@0xeeda:16;and.w:0x8006,R2;cmp:i:#0x8006:16,R2;beq:#0x00028391:8;clr.w:@0xeef4:16;mov:g.w:@0xeee0:16,R0;bclr.w:0x4,R0;mov:g.w:R0,@-SP;pjsr:@0x1450b:24;add:q.w:#2,SP;mov:g.w:R0,@0xeee0:16;mov:g.w:@0xeed6:16,R0;bclr.w:0x4,R0;mov:g.w:R0,@-SP;pjsr:@0x1450b:24;add:q.w:#2,SP;mov:g.w:R0,@0xeed6:16;mov:g.w:@0xeee0:16,R0;extu.b:R0;mov:g.w:R0,@-SP;pjsr:@0x1450b:24;add:q.w:#2,SP;mov:g.w:R0,@0xeee0:16;mov:g.w:@0xeee2:16,R0;extu.b:R0;mov:g.w:R0,@-SP;pjsr:@0x1450b:24;add:q.w:#2,SP;mov:g.w:R0,@0xeee2:16;mov:g.w:@0xeee4:16,R0;extu.b:R0;mov:g.w:R0,@-SP;pjsr:@0x1450b:24;add:q.w:#2,SP;mov:g.w:R0,@0xeee4:16;mov:g.w:@0xeee6:16,R0;and.w:0x1,R0;mov:g.w:R0,@-SP;pjsr:@0x1450b:24;add:q.w:#2,SP;mov:g.w:R0,@0xeee6:16;clr.w:@-SP;pjsr:@0x1450b:24;add:q.w:#2,SP;mov:g.w:R0,@0xeee8:16;stc.w:SR,@-SP;orc.w:0x700,SR;andc.w:0xfeff,SR;ldc.b:0x0,DP;btst.w:0x7,@0xf516:16;beq:#0x000283fe:8;pjsr:@0x28413:24;mov:g.w:@0xf516:16,R0;and.w:0xff7d,R0;mov:g.w:R0,@0xf516:16;ldc.w:@SP+ ,SR;ldc.b:0x0,DP;mov:g.w:@SP+,R2;prts:;
00028413,startup_phase_reset_eed6_eefa_bulk,clr.w:@-SP;pjsr:@0x1450b:24;add:q.w:#2,SP;mov:g.w:R0,@0xeed6:16;mov:g.w:R0,@0xeed8:16;mov:g.w:R0,@0xeeda:16;mov:g.w:R0,@0xeedc:16;mov:g.w:R0,@0xeede:16;mov:g.w:R0,@0xeee0:16;mov:g.w:R0,@0xeee2:16;mov:g.w:R0,@0xeee4:16;mov:g.w:R0,@0xeee6:16;mov:g.w:R0,@0xeee8:16;clr.w:@0xeeee:16;clr.w:@0xeef0:16;clr.w:@0xeef2:16;clr.w:@0xeef4:16;clr.w:@0xeef6:16;clr.w:@0xf5ac:16;clr.w:@0xeef8:16;clr.w:@0xeefa:16;stc.w:SR,@-SP;orc.w:0x700,SR;andc.w:0xfeff,SR;ldc.b:0x0,DP;mov:g.w:@0xf4ae:16,R0;and.w:0xfff0,R0;mov:g.w:R0,@0xf4ae:16;mov:g.w:@0xf4b0:16,R0;and.w:0xfff0,R0;mov:g.w:R0,@0xf4b0:16;ldc.w:@SP+ ,SR;ldc.b:0x0,DP;mov:g.w:@0xf1fe:16,R0;and.w:0xffcf,R0;mov:g.w:R0,@0xf1fe:16;bclr.w:0x6,@0xeeea:16;bclr.w:0x2,@0xf4d6:16;prts:;
000284a3,knock_octane_f0e6_bit3_gate_dispatch,stm:(R2 R3 R5 ),@-SP;clr.b:R3;btst.w:0x7,@0xf526:16;beq:#0x000284bb:8;mov:g.w:@0xf520:16,R0;and.w:0xc0,R0;beq:#0x000284bb:8;bset.w:@0xf518:16,0x7;tst.w:@0xef90:16;bne:#0x000284c5:8;bclr.w:0x7,@0xf518:16;tst.w:@0xef90:16;beq:#0x0002853d:16;btst.w:0x7,@0xf594:16;bne:#0x000284f8:8;mov:g.w:@0xdd8:16,R0;mulxu.w:0x14,R0;cmp:g.w:@0xef6e:16,R1;bhi:#0x0002852c:8;btst.w:0xc,@0xf0f8:16;bne:#0x0002852c:8;btst.w:0xb,@0xf0f6:16;beq:#0x00028502:8;tst.w:@0xf1ec:16;bne:#0x00028502:8;btst.w:0x7,@0xf518:16;bne:#0x00028502:8;mov:e:#0x1:8,R3;pjsr:@0x28557:24;mov:g.w:R0,R2;bra:#0x00028533:8;mov:i:#0xff:16,R5;mov:i:#0xf3:16,R2;btst.w:0x6,@0xf1f0:16;beq:#0x00028514:8;mov:i:#0xee:16,R5;mov:i:#0x71:16,R2;and.w:@0xeed6:16,R5;bne:#0x0002852c:8;mov:g.w:@0xeed8:16,R0;and.w:0xee,R0;bne:#0x0002852c:8;and.w:@0xeeda:16,R2;bne:#0x0002852c:8;bra:#0x00028531:8;mov:i:#0x1:16,R2;bra:#0x00028533:8;clr.w:R2;tst.w:R2;beq:#0x0002853d:8;bset.w:@0xf0e6:16,0x3;bra:#0x00028541:8;bclr.w:0x3,@0xf0e6:16;tst.b:R3;bne:#0x00028553:8;clr.w:@0xf04a:16;clr.w:@0xf51c:16;mov:g.w:#0x500:16,@0xf51e:16;ldm.w:@SP+,(R5 R3 R2 );prts:;
00028557,knock_octane_pattern_match_state_machine,link:FP,#-0x4:8;stm:(R2 R3 ),@-SP;tst.w:@0xf04a:16;bne:#0x00028692:16;mov:g.w:@0xeee0:16,R0;or.w:@0xeee2:16,R0;or.w:@0xeee4:16,R0;or.w:@0xeee6:16,R0;or.w:@0xeee8:16,R0;extu.b:R0;beq:#0x0002867e:16;mov:g.w:@0xf51c:16,R0;mov:g.b:R0,R3;bne:#0x0002862a:16;mov:g.w:@0xf51e:16,R0;clr.b:R0;swap.b:R0;mov:f.b:R0,@(-0x4:8,FP);mov:g.w:@0xf51e:16,R0;mov:f.b:R0,@(-0x2:8,FP);mov:f.b:@(-0x4:8,FP),R0;extu.b:R0;shll.w:R0;mov:g.w:@(-0x1120:16,R0),R2;mov:f.b:@(-0x2:8,FP),R0;shll.b:R0;mov:f.b:R0,@(-0x2:8,FP);beq:#0x000285aa:8;tst.b:R2;bne:#0x000285c4:8;mov:g.b:#0x1:8,@(-0x2:8,FP);add:q.b:#1,@(-0x4:8,FP);cmp:g.b:#0x5:8,@(-0x4:8,FP);blo:#0x000285ba:8;clr.b:@(-0x4:8,FP);mov:f.b:@(-0x4:8,FP),R0;extu.b:R0;shll.w:R0;mov:g.w:@(-0x1120:16,R0),R2;mov:g.b:R2,R0;and.b:@(-0x2:8,FP) ,R0;beq:#0x0002859e:8;clr.b:R2;mov:f.b:@(-0x2:8,FP),R0;cmp:e:#0x1:8,R0;beq:#0x000285ff:8;cmp:e:#0x2:8,R0;beq:#0x000285fd:8;cmp:e:#0x4:8,R0;beq:#0x000285fb:8;cmp:e:#0x8:8,R0;beq:#0x000285f9:8;cmp:e:#0x10:8,R0;beq:#0x000285f7:8;cmp:e:#0x20:8,R0;beq:#0x000285f5:8;cmp:e:#0x40:8,R0;beq:#0x000285f3:8;cmp:e:#0x80:8,R0;beq:#0x000285f1:8;bra:#0x00028616:8;mov:e:#0x1:8,R2;add:q.b:#1,R2;add:q.b:#1,R2;add:q.b:#1,R2;add:q.b:#1,R2;add:q.b:#1,R2;add:q.b:#1,R2;mov:f.b:@(-0x4:8,FP),R0;extu.b:R0;shll.w:R0;shll.w:R0;shll.w:R0;mov:i:#0x3718:16,R1;adds.w:R0,R1;extu.b:R2;adds.w:R2,R1;mov:g.b:@R1,R3;bra:#0x00028618:8;clr.b:R3;mov:f.b:@(-0x2:8,FP),R0;extu.b:R0;mov:f.b:@(-0x4:8,FP),R1;extu.b:R1;swap.b:R1;clr.b:R1;or.w:R0 ,R1;mov:g.w:R1,@0xf51e:16;tst.b:R3;beq:#0x00028676:8;mov:g.b:R3,R0;and.b:0xf0,R0;beq:#0x00028652:8;add:g.b:0xf0,R3;mov:g.b:R3,R0;and.b:0xf0,R0;beq:#0x0002864b:8;mov:g.w:#0x14:8,@0xf51a:16;mov:g.w:#0x50:8,@0xf04a:16;bra:#0x00028676:8;mov:g.w:#0x50:8,@0xf51a:16;bra:#0x00028670:8;tst.b:R3;beq:#0x00028658:8;add:q.b:#-1,R3;mov:g.b:R3,R0;and.b:0xf,R0;beq:#0x0002866b:8;mov:g.w:#0x14:8,@0xf51a:16;mov:g.w:#0x28:8,@0xf04a:16;bra:#0x00028676:8;mov:g.w:#0x78:8,@0xf51a:16;mov:g.w:#0x8c:16,@0xf04a:16;extu.b:R3;mov:g.w:R3,@0xf51c:16;bra:#0x00028692:8;mov:g.w:#0xa:8,@0xf51a:16;mov:g.w:#0x14:8,@0xf04a:16;clr.w:@0xf51c:16;mov:g.w:#0x500:16,@0xf51e:16;clr.w:R0;mov:g.w:@0xf04a:16,R1;cmp:g.w:@0xf51a:16,R1;bls:#0x000286a0:8;add:q.w:#1,R0;ldm.w:@SP+,(R3 R2 );unlk:FP;prts:;
00028700,f516_hibits_f520_f0f2_mode_select,stm:(R2 R5 ),@-SP;stc.w:SR,@-SP;orc.w:0x700,SR;andc.w:0xfeff,SR;ldc.b:0x0,DP;mov:g.w:@0xf516:16,R5;mov:g.w:@0xf516:16,R0;and.w:0x7ff,R0;mov:g.w:R0,@0xf516:16;ldc.w:@SP+ ,SR;ldc.b:0x0,DP;mov:g.w:@0xf520:16,R2;and.w:0xf8,R2;btst.w:0x7,@0xf594:16;bne:#0x0002873e:8;btst.w:0xb,R5;beq:#0x0002873a:8;clr.w:R2;bra:#0x00028753:8;btst.w:0xf,R5;beq:#0x00028743:8;mov:i:#0x80:16,R2;bra:#0x00028753:8;btst.w:0xd,R5;beq:#0x0002874c:8;mov:i:#0x20:16,R2;bra:#0x00028753:8;btst.w:0xc,R5;beq:#0x00028753:8;mov:i:#0x8:16,R2;mov:g.w:@0xf520:16,R0;and.w:0xff07,R0;or.w:R2 ,R0;mov:g.w:R0,@0xf520:16;btst.w:0x4,@0xf520:16;bne:#0x0002878c:8;mov:g.w:@0xf520:16,R0;and.w:0xa8,R0;beq:#0x00028776:8;mov:i:#0x4:16,R2;bra:#0x0002878f:8;btst.w:0x6,@0xf520:16;beq:#0x00028781:8;mov:i:#0x2:16,R2;bra:#0x0002878f:8;btst.b:0x0,@0x200:16;beq:#0x0002878c:8;mov:i:#0x8:16,R2;bra:#0x0002878f:8;mov:i:#0x1:16,R2;mov:g.w:@0xf0f2:16,R0;and.w:0xfff0,R0;or.w:R2 ,R0;mov:g.w:R0,@0xf0f2:16;mov:g.w:@0xf0f4:16,R0;and.w:0xfff0,R0;bset.w:R0,0x3;mov:g.w:R0,@0xf0f4:16;ldm.w:@SP+,(R5 R2 );prts:;
000287af,sci1_protocol_state_machine,mov:g.w:R2,@-SP;mov:i:#0x80:16,R2;pjsr:@0x28acf:24;tst.w:R0;beq:#0x000287c0:8;pjsr:@0x28b1b:24;pjsr:@0x166d7:24;mov:g.w:@0xf0f6:16,R0;and.w:0x800,R0;mov:g.w:#0x14:8,@0xf04c:16;mov:g.w:@0xf594:16,R0;and.w:R2 ,R0;beq:#0x000287e3:8;mov:g.w:R2,@0xf526:16;bset.w:@0xf522:16,0x0;bra:#0x00028803:8;tst.w:@0xf04c:16;beq:#0x000287ff:8;tst.w:@0xef90:16;beq:#0x000287ff:8;mov:g.w:@0xf526:16,R0;and.w:R2 ,R0;beq:#0x00028803:8;cmp:g.w:#0x7d0:16,@0xf590:16;bls:#0x00028803:8;clr.w:@0xf526:16;mov:g.w:@0xf526:16,R0;and.w:R2 ,R0;beq:#0x00028823:8;and.w:@0xf520:16,R2;beq:#0x00028817:8;pjsr:@0x2882b:24;bra:#0x00028827:8;btst.w:0x5,@0xf520:16;beq:#0x00028827:8;pjsr:@0x28d23:24;bra:#0x00028827:8;pjsr:@0x28b2f:24;mov:g.w:@SP+,R2;prts:;
0002882b,sci1_dispatch_and_latch_response,mov:g.w:R2,@-SP;btst.w:0x6,@0xf522:16;beq:#0x00028859:8;btst.w:0x5,@0xf522:16;bne:#0x00028859:8;mov:g.w:@0xf534:16,R0;mov:g.w:R0,@-SP;pjsr:@0x28869:24;add:q.w:#2,SP;mov:g.w:R0,R2;cmp:i:#0xffff:16,R2;beq:#0x00028859:8;mov:g.w:R2,@0xf54a:16;mov:g.w:#0x1:8,@0xf58c:16;pjsr:@0x166cd:24;mov:g.w:@0xf522:16,R0;and.w:0xff9f,R0;mov:g.w:R0,@0xf522:16;mov:g.w:@SP+,R2;prts:;
00028869,sci1_meta_cmd_dispatch_c0_ff,link:FP,#-0x8:8;stm:(R2 R3 R4 ),@-SP;clr.w:@(-0x4:8,FP);cmp:g.w:#0xbf:16,@(0x6:8,FP);bhi:#0x0002888e:8;mov:f.w:@(0x6:8,FP),R0;shll.w:R0;ldc.b:0x2,DP;mov:g.w:@(-0x530:16,R0),R1;ldc.b:0x0,DP;mov:g.b:@R1,R2;extu.b:R2;mov:g.w:R2,R0;bra:#0x00028aca:16;cmp:g.w:#0xca:16,@(0x6:8,FP);beq:#0x00028a2a:16;cmp:g.w:#0xcb:16,@(0x6:8,FP);beq:#0x00028a2a:16;cmp:g.w:#0xc4:16,@(0x6:8,FP);bne:#0x000288b4:8;mov:g.w:@0xf516:16,R0;or.w:0x140,R0;mov:g.w:R0,@0xf516:16;bra:#0x00028ac8:16;cmp:g.w:#0xc3:16,@(0x6:8,FP);bne:#0x000288c9:8;tst.w:@0xf00e:16;bne:#0x00028a2a:16;bset.w:@0xf512:16,0x6;bra:#0x00028927:16;cmp:g.w:#0xd8:16,@(0x6:8,FP);bhi:#0x00028915:8;tst.w:@0xf00e:16;bne:#0x00028a2a:16;btst.w:0x4,@0xf25a:16;beq:#0x00028a2a:16;mov:f.w:@(0x6:8,FP),R0;add:g.w:0xff40,R0;shll.w:R0;shll.w:R0;mov:i:#0x3740:16,R1;adds.w:R0,R1;mov:g.w:@(0x2:8,R1),R3;mov:g.b:@(0x3740:16,R0),R1;exts.b:R1;mov:f.w:R1,@(-0x2:8,FP);tst.w:R3;beq:#0x00028a2a:16;shll.w:R1;or.w:@(-0xaf0:16,R1) ,R3;mov:g.w:R3,@(-0xaf0:16,R1);btst.w:0x7,@0xf594:16;beq:#0x00028961:8;mov:g.w:#0x8:8,@0xf00e:16;bra:#0x00028ac8:16;cmp:g.w:#0xd9:16,@(0x6:8,FP);bne:#0x00028930:8;tst.w:@0xf00e:16;bne:#0x00028a2a:16;bset.w:@0xf510:16,0x0;mov:g.w:#0xffff:16,@0xf00e:16;bra:#0x00028ac8:16;cmp:g.w:#0xdf:16,@(0x6:8,FP);bhi:#0x0002896a:8;tst.w:@0xf00e:16;bne:#0x00028a2a:16;tst.w:@0xf1ec:16;bne:#0x00028a2a:16;mov:f.w:@(0x6:8,FP),R0;add:g.w:0xff26,R0;mov:i:#0x1:16,R1;add:q.w:#-1,R0;bhs:#0x00028957:8;shll.w:R1;scb/eq:R0,0x00028952;not.w:R1;and.w:@0xf514:16,R1;mov:g.w:R1,@0xf514:16;mov:g.w:#0xf0:16,@0xf00e:16;bra:#0x00028ac8:16;cmp:g.w:#0xec:16,@(0x6:8,FP);blo:#0x000289da:16;cmp:g.w:#0xef:16,@(0x6:8,FP);bhi:#0x000289da:16;mov:g.w:@0xf1fc:16,R0;shll.w:R0;shll.w:R0;mov:i:#0x1:16,R1;mov:i:#0x232:16,R2;adds.w:R0,R2;mov:f.w:R1,@(-0x8:8,FP);mov:f.w:R2,@(-0x6:8,FP);mov:f.w:@(0x6:8,FP),R0;cmp:i:#0xec:16,R0;beq:#0x000289cd:8;cmp:i:#0xed:16,R0;beq:#0x000289c0:8;cmp:i:#0xee:16,R0;beq:#0x000289b3:8;cmp:i:#0xef:16,R0;beq:#0x000289a7:8;bra:#0x00028ac8:16;ldc.b:@(-0x7:8,FP) ,EP;mov:f.w:@(-0x6:8,FP),R4;mov:g.b:@R4,R0;extu.b:R0;bra:#0x00028aca:16;ldc.b:@(-0x7:8,FP) ,EP;mov:f.w:@(-0x6:8,FP),R4;mov:g.b:@(0x1:8,R4),R0;extu.b:R0;bra:#0x00028aca:16;ldc.b:@(-0x7:8,FP) ,EP;mov:f.w:@(-0x6:8,FP),R4;mov:g.b:@(0x2:8,R4),R0;extu.b:R0;bra:#0x00028aca:16;ldc.b:@(-0x7:8,FP) ,EP;mov:f.w:@(-0x6:8,FP),R4;mov:g.b:@(0x3:8,R4),R0;extu.b:R0;bra:#0x00028aca:16;cmp:g.w:#0xf3:16,@(0x6:8,FP);bne:#0x000289e8:8;pjsr:@0x28b1b:24;bra:#0x00028ac8:16;cmp:g.w:#0xf7:16,@(0x6:8,FP);bls:#0x00028a2a:8;cmp:g.w:#0xf8:16,@(0x6:8,FP);bne:#0x00028a03:8;tst.w:@0xf00e:16;bne:#0x00028a2a:8;clr.w:@0xf526:16;bra:#0x00028ac8:16;cmp:g.w:#0xf9:16,@(0x6:8,FP);bne:#0x00028a13:8;tst.w:@0xf00e:16;beq:#0x00028ac8:16;bra:#0x00028a2a:8;cmp:g.w:#0xfa:16,@(0x6:8,FP);bne:#0x00028a37:8;bset.w:@0xf516:16,0x2;btst.w:0x7,@0xf594:16;bne:#0x00028a2a:8;tst.b:@0x205:16;beq:#0x00028a30:8;mov:i:#0xff:16,R0;bra:#0x00028aca:16;bset.w:@0xf516:16,0x5;bra:#0x00028ac8:16;cmp:g.w:#0xfb:16,@(0x6:8,FP);bne:#0x00028a45:8;bset.w:@0xf516:16,0x6;bra:#0x00028ac8:16;cmp:g.w:#0xfc:16,@(0x6:8,FP);bne:#0x00028a53:8;bset.w:@0xf516:16,0x7;bra:#0x00028ac8:16;cmp:g.w:#0xfd:16,@(0x6:8,FP);bne:#0x00028a8c:8;btst.w:0x7,@0xf594:16;beq:#0x00028a84:8;btst.w:0x2,@0xf522:16;beq:#0x00028a74:8;bclr.w:0x2,@0xf522:16;mov:g.w:@0xf596:16,R0;extu.b:R0;mov:f.w:R0,@(-0x4:8,FP);bra:#0x00028aca:8;bset.w:@0xf522:16,0x2;mov:g.w:@0xf596:16,R0;clr.b:R0;swap.b:R0;mov:f.w:R0,@(-0x4:8,FP);bra:#0x00028aca:8;mov:g.w:@0x220:16,R0;mov:f.w:R0,@(-0x4:8,FP);bra:#0x00028aca:8;cmp:g.w:#0xfe:16,@(0x6:8,FP);bne:#0x00028aab:8;mov:g.w:@0xf1fc:16,R0;shll.w:R0;ldc.b:0x1,DP;mov:g.w:@(0x252:16,R0),R1;clr.b:R1;swap.b:R1;mov:g.w:R1,R0;ldc.b:0x0,DP;bra:#0x00028aca:8;cmp:g.w:#0xff:16,@(0x6:8,FP);bne:#0x00028ac8:8;mov:g.w:@0xf1fc:16,R0;shll.w:R0;ldc.b:0x1,DP;mov:g.w:@(0x252:16,R0),R1;extu.b:R1;mov:g.w:R1,R0;ldc.b:0x0,DP;bra:#0x00028aca:8;ldm.w:@SP+,(R4 R3 R2 );unlk:FP;prts:;
00028acf,f00e_f520_f526_gate_condition_check,tst.w:@0xf00e:16;beq:#0x00028b12:8;mov:g.w:@0xf520:16,R0;and.w:0xc0,R0;beq:#0x00028b12:8;btst.w:0x7,@0xf526:16;beq:#0x00028b12:8;btst.w:0x4,@0xf25a:16;bne:#0x00028aff:8;mov:g.w:@0xf510:16,R0;and.w:0x3ffe,R0;bne:#0x00028b12:8;mov:g.w:@0xf512:16,R0;and.w:0x1f,R0;bne:#0x00028b12:8;tst.w:@0xf1ec:16;beq:#0x00028b17:8;mov:g.w:@0xf514:16,R0;and.w:0x3f,R0;cmp:i:#0x3f:16,R0;beq:#0x00028b17:8;mov:i:#0x1:16,R0;bra:#0x00028b19:8;clr.w:R0;prts:;
00028b1b,f510_f512_f00e_f514_reset,clr.w:@0xf510:16;clr.w:@0xf512:16;clr.w:@0xf00e:16;mov:g.w:#0xffff:16,@0xf514:16;prts:;
00028b2f,sci1_periodic_phase_dispatch_f526,stm:(R2 R4 ),@-SP;cmp:g.w:#0xffff:16,@0xf532:16;bhs:#0x00028b3d:8;add:q.w:#1,@0xf532:16;mov:g.w:@0xf526:16,R4;cmp:i:#0x7:16,R4;bhi:#0x00028d1b:16;shll.w:R4;ldc.b:0x2,EP;mov:g.w:@(-0x74ae:16,R4),R4;jmp:@R4;
00028b62,f588_duty_gate_f516_bit11_set,btst.w:0x0,@0xf522:16;beq:#0x00028b73:8;mov:g.w:@0xf588:16,R0;cmp:g.w:@0xf58c:16,R0;blo:#0x00028d1f:16;bclr.w:0x0,@0xf522:16;clr.w:@0xf58c:16;bset.w:@0xf516:16,0xb;btst.w:0x5,@0xf102:16;beq:#0x00028d1f:16;bra:#0x00028d15:16;
00028b89,phase_cases_1to6_f516_hibit_f54a_writer,btst.w:0x5,@0xf102:16;bne:#0x00028d1f:16;clr.w:@0xf528:16;clr.w:@0xf52a:16;clr.w:@0xf52c:16;clr.w:@0xf52e:16;mov:g.w:#0xa:8,@0xf530:16;bra:#0x00028d15:16;btst.w:0x5,@0xf102:16;beq:#0x00028bb4:8;add:q.w:#1,@0xf52a:16;bra:#0x00028bb8:8;add:q.w:#-1,@0xf52a:16;mov:g.w:@0xf102:16,R0;xor.w:@0xf106:16,R0;btst.w:0x5,R0;beq:#0x00028bc8:8;add:q.w:#1,@0xf52c:16;add:q.w:#1,@0xf52e:16;cmp:g.b:#0x50:8,@0xf52e:16;blo:#0x00028c14:8;btst.w:0xf,@0xf52a:16;bne:#0x00028bdf:8;bset.w:@0xf528:16,0x9;bra:#0x00028be3:8;bclr.w:0x9,@0xf528:16;tst.w:@0xf530:16;beq:#0x00028bed:8;add:q.w:#-1,@0xf530:16;tst.w:@0xf530:16;beq:#0x00028bfd:8;mov:g.w:@0xf528:16,R0;shlr.w:R0;mov:g.w:R0,@0xf528:16;cmp:g.b:#0x5:8,@0xf52c:16;blo:#0x00028c08:8;clr.w:@0xf526:16;clr.w:@0xf52a:16;clr.w:@0xf52c:16;clr.w:@0xf52e:16;tst.w:@0xf530:16;bne:#0x00028d1f:16;clr.w:R2;cmp:g.w:#0x200:16,@0xf528:16;bne:#0x00028c33:8;mov:g.w:@0xf516:16,R0;or.w:0x8200,R0;mov:g.w:R0,@0xf516:16;bra:#0x00028c4f:8;cmp:g.w:#0x220:16,@0xf528:16;bne:#0x00028c4a:8;mov:g.w:@0xf516:16,R0;or.w:0x2200,R0;mov:g.w:R0,@0xf516:16;mov:i:#0x1:16,R2;tst.w:R2;beq:#0x00028d1b:16;clr.w:@0xf532:16;bset.w:@0xf522:16,0x0;bra:#0x00028d15:16;cmp:g.b:#0x28:8,@0xf532:16;blo:#0x00028c6e:8;btst.w:0x9,@0xf516:16;bne:#0x00028c6e:8;mov:g.w:#0x55:8,@0xf54a:16;bra:#0x00028c9d:8;btst.w:0x5,@0xf102:16;bne:#0x00028d1f:16;bra:#0x00028d1b:16;cmp:g.b:#0x4:8,@0xf590:16;blo:#0x00028d1f:16;bra:#0x00028d15:16;btst.w:0x7,@0xf520:16;beq:#0x00028c91:8;mov:g.w:#0xef:16,@0xf54a:16;bra:#0x00028c9d:8;btst.w:0x5,@0xf520:16;beq:#0x00028ca4:8;mov:g.w:#0xf8:16,@0xf54a:16;mov:g.w:#0x1:8,@0xf58c:16;bra:#0x00028cb3:8;mov:g.w:#0x8:8,@0xf54a:16;mov:g.w:#0x8:8,@0xf54c:16;mov:g.w:#0x2:8,@0xf58c:16;pjsr:@0x166cd:24;bra:#0x00028d15:16;cmp:g.b:#0x4:8,@0xf590:16;blo:#0x00028d1f:16;clr.w:@0xf584:16;bra:#0x00028d15:8;
00028cc8,phase_case7_f590_gate_advance_or_latch,mov:g.w:@0xf520:16,R0;and.w:0x88,R0;bne:#0x00028ce1:8;btst.w:0x5,@0xf520:16;beq:#0x00028cf8:8;mov:g.w:#0x50:8,@0xf598:16;clr.w:@0xf59a:16;mov:g.w:#0x85:16,@0xf54a:16;mov:g.w:#0x1:8,@0xf58c:16;pjsr:@0x166cd:24;mov:g.w:#0x80:16,@0xf526:16;bra:#0x00028d1f:8;cmp:g.b:#0x14:8,@0xf590:16;bhi:#0x00028d1b:8;cmp:g.b:#0xa:8,@0xf590:16;blo:#0x00028d1f:8;cmp:g.b:#0x1:8,@0xf584:16;bne:#0x00028d1f:8;cmp:g.w:#0xf7:16,@0xf534:16;bne:#0x00028d1f:8;add:q.w:#1,@0xf526:16;bra:#0x00028d1f:8;clr.w:@0xf526:16;ldm.w:@SP+,(R4 R2 );prts:;
00028d23,f526_state_reset_dispatch,mov:g.w:@0xf522:16,R0;and.w:0x60,R0;beq:#0x00028d4e:8;btst.w:0x5,@0xf522:16;bne:#0x00028d3b:8;cmp:g.w:#0xf8:16,@0xf534:16;beq:#0x00028d4a:8;mov:g.w:@0xf59a:16,R0;add:q.w:#1,R0;mov:g.w:R0,@0xf59a:16;cmp:i:#0xa:16,R0;blo:#0x00028d4e:8;clr.w:@0xf526:16;tst.w:@0xf598:16;bne:#0x00028d6f:8;mov:g.w:#0xc8:16,@0xf598:16;cmp:g.w:#0x80:16,@0xf526:16;bne:#0x00028d6f:8;mov:g.w:#0xf:8,@0xf58c:16;pjsr:@0x28d7d:24;pjsr:@0x166cd:24;mov:g.w:@0xf522:16,R0;and.w:0xff9f,R0;mov:g.w:R0,@0xf522:16;prts:;
00028d7d,diagnostic_snapshot_f54a_f566_build,mov:g.w:R2,@-SP;clr.w:R2;tst.b:@0x2c1:16;beq:#0x00028d8a:8;mov:i:#0x1:16,R2;mov:g.w:R2,@0xf54a:16;mov:g.w:@0xf4c0:16,R0;and.w:0x7,R0;mov:g.w:@0xf4b4:16,R1;and.w:0x80,R1;or.w:R0 ,R1;mov:g.w:@0xf4b8:16,R0;and.w:0x30,R0;or.w:R0 ,R1;mov:g.w:@0xf4b8:16,R0;and.w:0x80,R0;shlr.w:R0;or.w:R0 ,R1;mov:g.w:@0xf4b6:16,R0;and.w:0x4,R0;shll.w:R0;or.w:R0 ,R1;mov:g.w:R1,@0xf54c:16;mov:g.w:@0xf18c:16,R0;mov:g.w:R0,@0xf54e:16;mov:g.w:@0xf17a:16,R0;mov:g.w:R0,@0xf550:16;mov:g.w:@0x808:16,R0;swap.b:R0;clr.b:R0;mov:g.w:R0,@-SP;mov:g.w:#0x246:16,@-SP;mov:g.w:@0xf33c:16,R0;mov:g.w:R0,@-SP;mov:g.w:@0xf33a:16,R1;mov:g.w:R1,@-SP;pjsr:@0x14247:24;adds.b:0x8,SP;mov:g.w:R1,@-SP;mov:g.w:R0,@-SP;pjsr:@0x1443c:24;adds.b:0x4,SP;mov:g.w:R0,R1;clr.b:R1;swap.b:R1;mov:g.w:R1,@0xf552:16;extu.b:R0;mov:g.w:R0,@0xf554:16;mov:g.w:@0xf13a:16,R0;mov:g.w:R0,@0xf556:16;mov:g.w:@0xf130:16,R0;mov:g.w:R0,@0xf558:16;mov:g.w:@0xf1e8:16,R0;add:g.w:@0xf1ea:16,R0;mov:g.w:R0,@-SP;pjsr:@0x1442d:24;add:q.w:#2,SP;mov:g.w:R0,@0xf55a:16;mov:g.w:@0xf10e:16,R0;mov:g.w:R0,@0xf55c:16;clr.w:@0xf55e:16;clr.w:@0xf560:16;clr.w:@0xf562:16;clr.w:@0xf564:16;mov:g.w:@0xf54a:16,R0;add:g.w:@0xf54c:16,R0;add:g.w:@0xf54e:16,R0;add:g.w:@0xf550:16,R0;add:g.w:@0xf552:16,R0;add:g.w:@0xf554:16,R0;add:g.w:@0xf556:16,R0;add:g.w:@0xf558:16,R0;add:g.w:@0xf55a:16,R0;add:g.w:@0xf55c:16,R0;add:g.w:@0xf55e:16,R0;add:g.w:@0xf560:16,R0;add:g.w:@0xf562:16,R0;add:g.w:@0xf564:16,R0;extu.b:R0;mov:g.w:R0,@0xf566:16;mov:g.w:@SP+,R2;prts:;
00028f00,isc_f35c_correction_calc,clr.w:@-SP;mov:g.w:#0x80:16,@-SP;pjsr:@0x14036:24;adds.b:0x4,SP;mov:g.w:R0,@0xf35c:16;prts:;
00028f13,f430_clear,clr.w:@0xf430:16;clr.w:R0;prts:;
00028f1b,f432_clear,clr.w:@0xf432:16;clr.w:R0;prts:;
00028f80,stub_empty_0x28f80,prts:;
00028f82,o2_wideband_state_cold_init,mov:g.w:#0x5:8,@0xf5f2:16;mov:g.w:#0xffff:16,@0xf384:16;clr.w:@0xf3d0:16;mov:g.w:@0x1028:16,R0;mov:g.w:R0,@0xf3da:16;mov:g.w:R0,@0xf3d8:16;mov:g.w:R0,@0xf3d6:16;mov:g.w:#0xffff:16,@0xf3dc:16;mov:g.w:#0x3:8,@0xf5ea:16;mov:g.w:@0xf80:16,R0;mov:g.w:R0,@0xf500:16;mov:g.w:#0xffff:16,@0xf5e6:16;prts:;
00028fbc,o2_wideband_state_warm_init,mov:g.w:R2,@-SP;mov:i:#0xffff:16,R2;mov:g.w:R2,@0xf5d0:16;mov:g.w:R2,@0xf5ce:16;mov:g.w:R2,@0xf5cc:16;mov:g.w:R2,@0xf5ca:16;mov:g.w:#0x5:8,@0xf5f2:16;clr.w:@0xf5ee:16;mov:g.w:#0x3:8,@0xf5ea:16;mov:g.w:@0xf80:16,R0;mov:g.w:R0,@0xf500:16;mov:g.w:R2,@0xf384:16;clr.w:@0xf3d0:16;bclr.w:0x7,@0xf340:16;mov:g.w:@0xaa0:16,R0;mov:g.w:R0,@0xf2b0:16;mov:g.w:@SP+,R2;prts:;
00028fff,tcu_shift_torque_and_knock_mgmt,link:FP,#-0x4:8;stm:(R2 R3 R5 ),@-SP;stc.w:SR,@-SP;orc.w:0x700,SR;andc.w:0xfeff,SR;ldc.b:0x0,DP;mov:g.w:@0xf5e6:16,R0;shll.w:R0;mov:g.w:R0,@0xf5e6:16;pjsr:@0x15555:24;tst.w:R0;beq:#0x00029026:8;bset.w:@0xf5e6:16,0x0;btst.w:0x0,@0xf5ee:16;beq:#0x0002903d:8;add:q.w:#1,@0xf5e8:16;cmp:g.b:#0x4:8,@0xf5e8:16;blo:#0x00029042:8;clr.w:@0xf5e8:16;bra:#0x00029042:8;mov:g.w:#0x1:8,@0xf5e8:16;mov:g.w:@0xf5e8:16,R0;shll.w:R0;mov:g.w:@(0x3284:16,R0),R1;mov:g.w:@0xf5e6:16,R3;xor.w:R1 ,R3;pjsr:@0x15549:24;tst.w:R0;bne:#0x00029088:8;mov:g.w:R3,R0;and.w:@0x328c:16,R0;bne:#0x00029073:8;and.w:0xf,R3;bne:#0x0002906c:8;bset.w:@0xf5ee:16,0x0;mov:g.w:#0x2:8,@0xf5f0:16;bra:#0x00029092:8;tst.w:@0xf5f0:16;bne:#0x0002908e:8;mov:g.w:@0xf5e6:16,R2;and.w:0xf,R2;beq:#0x00029092:8;cmp:i:#0xf:16,R2;beq:#0x00029092:8;bclr.w:0x0,@0xf5ee:16;bra:#0x00029092:8;add:q.w:#-1,@0xf5f0:16;btst.w:0x0,@0xf5ee:16;beq:#0x000290a4:8;mov:g.w:@0xf5e8:16,R0;shll.w:R0;mov:g.w:@(0x3284:16,R0),R3;bra:#0x000290a8:8;mov:g.w:@0xf5e6:16,R3;and.w:0x3,R3;shll.w:R3;mov:g.w:@(0x328e:16,R3),R0;mov:g.w:R0,@0xf39e:16;mov:g.w:@(0x3296:16,R3),R0;mov:g.w:R0,@0xf3a0:16;mov:g.w:@0xf3d2:16,R0;shll.w:R0;mov:g.w:R0,@0xf3d2:16;pjsr:@0x15561:24;tst.w:R0;beq:#0x000290d4:8;bset.w:@0xf3d2:16,0x0;mov:g.w:@0xf5de:16,R0;mov:g.w:R0,@0xf384:16;mov:g.w:@0xf384:16,R0;mov:f.w:R0,@(-0x4:8,FP);mov:g.w:@0xf3cc:16,R2;and.w:0x5,R2;shll.w:R2;or.w:0x35,R2;btst.w:0x7,@0xf33e:16;beq:#0x000290f8:8;bset.w:R2,0x6;mov:f.w:@(-0x4:8,FP),R0;cmp:g.w:@0xad2:16,R0;blo:#0x00029125:8;bclr.w:0x5,R2;cmp:i:#0x1081:16,R0;blo:#0x00029109:8;bclr.w:0x2,R2;cmp:g.w:#0x1306:16,@(-0x4:8,FP);blo:#0x00029112:8;bclr.w:0x4,R2;mov:i:#0x3a00:16,R3;btst.w:0x0,@0xf3cc:16;beq:#0x0002911e:8;mov:i:#0x4900:16,R3;cmp:g.w:@(-0x4:8,FP),R3;bhi:#0x00029125:8;bclr.w:0x0,R2;mov:g.w:R2,@0xf3cc:16;bclr.w:0x0,@0xf3ce:16;tst.w:@0xefa4:16;bne:#0x0002913c:8;clr.w:@0xf3cc:16;clr.w:@-SP;bra:#0x0002935d:16;pjsr:@0x15549:24;tst.w:R0;bne:#0x00029150:8;btst.w:0x6,@0xf3cc:16;bne:#0x00029150:8;btst.w:0x0,@0xf5ee:16;bne:#0x00029165:8;mov:g.w:#0xca:16,@0xf38c:16;mov:g.w:#0xca:16,@0xf38e:16;mov:g.w:#0xa0:16,@0xf364:16;bra:#0x0002928a:16;mov:g.w:@0xf3a2:16,R0;cmp:g.w:@0xb1a:16,R0;bls:#0x00029173:8;clr.w:@0xf3a2:16;mov:g.w:@0xf350:16,R2;mov:g.w:@0xf3a2:16,R0;mov:g.w:R0,@-SP;pjsr:@0x19f77:24;add:q.w:#2,SP;mov:g.w:R2,R3;add:g.w:R0,R3;btst.w:0x2,@0xf33e:16;bne:#0x00029193:8;tst.w:@0xf378:16;beq:#0x00029197:8;add:g.w:@0xf37a:16,R3;btst.w:0x3,@0xf33e:16;beq:#0x000291cf:8;btst.w:0x0,@0xf5ee:16;beq:#0x000291cf:8;btst.w:0x5,@0xf33e:16;beq:#0x000291bd:8;mov:g.w:@0xf5e8:16,R0;ldc.b:0x1,DP;mov:g.b:@(0x287e:16,R0),R1;extu.b:R1;add:g.w:R1,R3;ldc.b:0x0,DP;bra:#0x000291cf:8;mov:g.w:@0xf5e8:16,R0;ldc.b:0x1,DP;mov:g.b:@(0x287a:16,R0),R1;extu.b:R1;add:g.w:R1,R3;ldc.b:0x0,DP;mov:g.w:R3,@-SP;pjsr:@0x19f90:24;add:q.w:#2,SP;mov:g.w:R0,R3;cmp:g.w:@0xad4:16,R3;blo:#0x000291e3:8;mov:g.w:@0xad4:16,R3;adds.b:0x2a,R3;cmp:g.w:@0xf38c:16,R3;bhi:#0x00029269:16;mov:g.w:@0xf38e:16,R5;mov:g.w:@0xad0:16,R0;mov:g.w:R0,@-SP;mov:g.w:@0xf38c:16,R0;mov:g.w:R0,@-SP;pjsr:@0x14036:24;adds.b:0x4,SP;mov:g.w:R0,R2;cmp:g.w:R2,R3;blo:#0x00029210:8;mov:g.w:R3,@0xf38c:16;bra:#0x00029214:8;mov:g.w:R2,@0xf38c:16;cmp:g.w:@0xf38e:16,R3;bhs:#0x0002923f:8;mov:g.w:@0xad0:16,R0;mov:g.w:R0,@-SP;mov:g.w:@0xf38e:16,R0;mov:g.w:R0,@-SP;pjsr:@0x14036:24;adds.b:0x4,SP;mov:g.w:R0,R2;cmp:g.w:R2,R3;blo:#0x00029239:8;mov:g.w:R3,@0xf38e:16;bra:#0x00029247:8;mov:g.w:R2,@0xf38e:16;bra:#0x00029247:8;mov:g.w:@0xf38c:16,R0;mov:g.w:R0,@0xf38e:16;mov:g.w:#0xe:8,@-SP;pjsr:@0x19ff2:24;add:q.w:#2,SP;mov:g.w:R0,@-SP;mov:g.w:R5,@-SP;pjsr:@0x14036:24;adds.b:0x4,SP;mov:g.w:R0,R2;cmp:g.w:@0xf38c:16,R2;bls:#0x0002927f:8;mov:g.w:R2,@0xf38c:16;bra:#0x0002927f:8;mov:g.w:@0xf38c:16,R2;add:g.w:@0xace:16,R2;cmp:g.w:R2,R3;bls:#0x00029277:8;mov:g.w:R2,R3;mov:g.w:R3,@0xf38e:16;mov:g.w:R3,@0xf38c:16;mov:g.w:@0xf38c:16,R0;adds.b:0xd6,R0;mov:g.w:R0,@0xf364:16;pjsr:@0x15549:24;tst.w:R0;beq:#0x0002929b:8;cmp:g.w:#0xff:16,@0xf13a:16;blo:#0x00029356:16;btst.w:0x0,@0xf3cc:16;beq:#0x00029356:16;btst.w:0x1,@0xf3cc:16;bne:#0x000292b9:8;pjsr:@0x29c33:24;tst.w:R0;bne:#0x00029356:16;mov:g.w:#0x1:8,@0xf3cc:16;bra:#0x0002935a:16;mov:g.w:@0xf388:16,R3;btst.w:0x5,@0xf3cc:16;bne:#0x00029330:16;cmp:g.w:#0x1d4c:16,@(-0x4:8,FP);bhs:#0x00029330:16;mov:f.w:@(-0x4:8,FP),R5;mov:i:#0x5:16,R0;shlr.w:R5;scb/eq:R0,0x000292d1;cmp:g.w:@(-0x4:8,FP),R3;bls:#0x00029306:8;mov:g.w:R3,R2;sub.w:@(-0x4:8,FP),R2;cmp:g.w:R5,R2;blo:#0x00029330:8;mov:g.w:@0xac8:16,R0;mov:g.w:R0,@-SP;sub.w:R5,R2;mov:g.w:R2,@-SP;pjsr:@0x14293:24;adds.b:0x4,SP;mov:g.w:R0,@-SP;mov:f.w:@(-0x4:8,FP),R0;mov:g.w:R0,@-SP;pjsr:@0x14036:24;adds.b:0x4,SP;mov:g.w:R0,R5;bra:#0x00029332:8;mov:f.w:@(-0x4:8,FP),R2;sub.w:R3,R2;cmp:g.w:R5,R2;blo:#0x00029330:8;mov:g.w:@0xaca:16,R0;mov:g.w:R0,@-SP;sub.w:R5,R2;mov:g.w:R2,@-SP;pjsr:@0x14293:24;adds.b:0x4,SP;mov:g.w:R0,@-SP;mov:f.w:@(-0x4:8,FP),R0;mov:g.w:R0,@-SP;pjsr:@0x14000:24;adds.b:0x4,SP;mov:g.w:R0,R5;bra:#0x00029332:8;mov:f.w:@(-0x4:8,FP),R5;mov:g.w:R5,@0xf38a:16;cmp:g.w:#0x186a:16,@(-0x4:8,FP);bls:#0x0002934d:8;cmp:g.w:#0xca:16,@0xf38c:16;bhi:#0x0002934d:8;pjsr:@0x29c33:24;tst.w:R0;bne:#0x00029356:8;btst.w:0xf,R5;bne:#0x00029356:8;cmp:i:#0x146:16,R5;bhs:#0x00029366:8;clr.w:@0xf3cc:16;mov:g.w:#0x1:8,@-SP;pjsr:@0x29c68:24;add:q.w:#2,SP;bra:#0x0002953f:16;mov:g.w:@0xada:16,R0;mov:g.w:R0,@-SP;mov:g.w:#0x200:16,@-SP;mov:g.w:R5,@-SP;mov:g.w:@0xf38c:16,R0;mov:g.w:R0,@-SP;pjsr:@0x141ba:24;adds.b:0x6,SP;mov:g.w:R0,@-SP;pjsr:@0x14036:24;adds.b:0x4,SP;mov:g.w:R0,@0xf390:16;mov:g.w:@0xada:16,R0;mov:g.w:R0,@-SP;mov:g.w:#0x200:16,@-SP;mov:g.w:R5,@-SP;mov:g.w:@0xf38e:16,R0;mov:g.w:R0,@-SP;pjsr:@0x141ba:24;adds.b:0x6,SP;mov:g.w:R0,@-SP;pjsr:@0x14036:24;adds.b:0x4,SP;mov:g.w:R0,@0xf392:16;pjsr:@0x16029:24;and.w:@0xf39e:16,R0;beq:#0x000293d0:8;mov:g.w:#0x1:8,@0xf3d0:16;mov:g.w:@0xf39e:16,R0;mov:g.w:R0,@-SP;pjsr:@0x15edb:24;add:q.w:#2,SP;bra:#0x00029474:16;mov:g.w:#0x2:8,@0xf3d0:16;mov:g.w:@0xf3cc:16,R0;and.w:0xc,R0;cmp:i:#0xc:16,R0;bne:#0x000293e8:8;mov:g.w:@0xf382:16,R2;bra:#0x00029433:8;cmp:i:#0x1130:16,R5;bhs:#0x000293f3:8;mov:g.w:@0xf380:16,R2;bra:#0x00029433:8;mov:g.w:R5,R2;add:g.w:0xeed0,R2;shlr.w:R2;shlr.w:R2;shlr.w:R2;shlr.w:R2;cmp:g.w:#0xca:16,@0xf38c:16;bls:#0x0002942f:8;mov:g.w:@0xf38c:16,R0;add:g.w:0xff3a,R0;mov:g.w:#0x400:16,@-SP;mov:g.w:R5,@-SP;mov:g.w:R0,@-SP;pjsr:@0x141ba:24;adds.b:0x6,SP;mov:g.w:R0,R3;cmp:i:#0x100:16,R3;bhs:#0x0002942b:8;add:g.w:R3,R2;bra:#0x0002942f:8;add:g.w:0x100,R2;add:g.w:@0xf380:16,R2;mov:g.w:@0xf5e2:16,R0;add:g.w:@0xf390:16,R0;sub.w:R2,R0;mov:f.w:R0,@(-0x2:8,FP);mov:g.w:@0xf398:16,R3;add:g.w:@0xad8:16,R3;sub.w:R3,R0;btst.w:0xf,R0;beq:#0x0002944f:8;mov:f.w:R3,@(-0x2:8,FP);mov:f.w:@(-0x2:8,FP),R0;sub.w:@0xff46:16,R0;btst.w:0xf,R0;beq:#0x0002945f:8;mov:g.w:@0xff46:16,R0;mov:f.w:R0,@(-0x2:8,FP);mov:f.w:@(-0x2:8,FP),R0;mov:g.w:R0,@0xf396:16;mov:g.w:R0,@-SP;mov:g.w:@0xf39e:16,R0;mov:g.w:R0,@-SP;pjsr:@0x15e17:24;adds.b:0x4,SP;mov:g.w:@0xf5e2:16,R0;add:g.w:@0xf390:16,R0;mov:g.w:R0,@0xf398:16;cmp:g.w:#0xca:16,@0xf38c:16;blo:#0x0002949a:8;btst.w:0x6,@0xf3cc:16;bne:#0x00029494:8;btst.w:0x4,@0xf3cc:16;bne:#0x0002949a:8;bset.w:@0xf3ce:16,0x0;bra:#0x000294c8:8;cmp:g.b:#0x2:8,@0xf3d0:16;beq:#0x000294c8:8;mov:g.w:@0xf398:16,R0;sub.w:@0xff46:16,R0;btst.w:0xf,R0;beq:#0x000294b5:8;mov:g.w:@0xff46:16,R0;mov:g.w:R0,@0xf398:16;mov:g.w:@0xf398:16,R0;mov:g.w:R0,@-SP;mov:g.w:@0xf39e:16,R0;mov:g.w:R0,@-SP;pjsr:@0x15e79:24;adds.b:0x4,SP;cmp:g.w:#0xc7:16,@0xf38c:16;bls:#0x00029517:8;btst.w:0x6,@0xf3cc:16;bne:#0x00029510:8;mov:g.w:@0xada:16,R0;mov:g.w:R0,@-SP;mov:g.w:#0x200:16,@-SP;mov:g.w:R5,@-SP;mov:g.w:@0xf38c:16,R0;add:g.w:0xff39,R0;mov:g.w:R0,@-SP;pjsr:@0x141ba:24;adds.b:0x6,SP;mov:g.w:R0,@-SP;pjsr:@0x14036:24;adds.b:0x4,SP;mov:g.w:R0,R2;cmp:i:#0x1:16,R2;blo:#0x00029509:8;mov:g.w:R2,@0xf394:16;bra:#0x0002951b:8;mov:g.w:#0x1:8,@0xf394:16;bra:#0x0002951b:8;mov:g.w:#0x32:8,@0xf394:16;bra:#0x0002951b:8;clr.w:@0xf394:16;mov:g.w:R5,R2;add:g.w:@0xf5e2:16,R2;add:g.w:@0xf392:16,R2;sub.w:@0xf382:16,R2;mov:g.w:@0xf398:16,R3;add:g.w:@0xad8:16,R3;mov:g.w:R2,R0;sub.w:R3,R0;btst.w:0xf,R0;beq:#0x0002953b:8;mov:g.w:R3,R2;mov:g.w:R2,@0xf39a:16;mov:g.w:@0xf384:16,R0;mov:g.w:R0,@0xf388:16;mov:g.w:@0xf384:16,R0;mov:i:#0x6:16,R1;shlr.w:R0;scb/eq:R1,0x0002954e;mov:g.w:R0,@0xf39c:16;ldc.w:@SP+ ,SR;ldc.b:0x0,DP;mov:g.w:#0x33:8,@0xefa4:16;mov:g.w:@0xf5ce:16,R0;mov:g.w:R0,@0xf5d0:16;mov:g.w:@0xf5cc:16,R0;mov:g.w:R0,@0xf5ce:16;mov:g.w:@0xf5ca:16,R0;mov:g.w:R0,@0xf5cc:16;mov:g.w:@0xf384:16,R0;mov:g.w:R0,@0xf5ca:16;mov:g.w:@0xf5ca:16,R0;mov:g.w:R0,@-SP;mov:g.w:#0xc000:16,@-SP;mov:g.w:#0x1d4:16,@-SP;pjsr:@0x14151:24;adds.b:0x6,SP;mov:g.w:R0,R3;btst.w:0x0,@0xf25a:16;beq:#0x000295a8:8;mov:g.w:R3,@0xf180:16;mov:g.w:R3,@0xf182:16;bra:#0x000295da:8;mov:g.w:@0xf184:16,R0;mov:g.w:R0,@-SP;mov:g.w:R3,@-SP;mov:g.w:@0xf180:16,R0;mov:g.w:R0,@-SP;pjsr:@0x1456d:24;adds.b:0x6,SP;mov:g.w:R0,@0xf180:16;mov:g.w:@0xb84:16,R0;mov:g.w:R0,@-SP;mov:g.w:R3,@-SP;mov:g.w:@0xf182:16,R0;mov:g.w:R0,@-SP;pjsr:@0x1456d:24;adds.b:0x6,SP;mov:g.w:R0,@0xf182:16;tst.w:@0xf36c:16;beq:#0x000295e4:8;add:q.w:#-1,@0xf36c:16;tst.w:@0xf36c:16;bne:#0x000295fe:8;cmp:g.w:#0x80:16,@0xf36a:16;bhs:#0x000295fe:8;add:q.w:#1,@0xf36a:16;mov:g.w:@0xafe:16,R0;mov:g.w:R0,@0xf36c:16;tst.w:@0xf368:16;beq:#0x00029608:8;add:q.w:#-1,@0xf368:16;tst.w:@0xf368:16;bne:#0x00029612:8;clr.w:@0xf366:16;mov:g.w:@0xe60:16,R0;mov:g.w:R0,@-SP;mov:g.w:@0xf376:16,R0;mov:g.w:R0,@-SP;pjsr:@0x14036:24;adds.b:0x4,SP;mov:g.w:R0,@0xf376:16;tst.w:@0xf370:16;beq:#0x00029633:8;add:q.w:#-1,@0xf370:16;tst.w:@0xf372:16;beq:#0x0002963d:8;add:q.w:#-1,@0xf372:16;tst.w:@0xf370:16;bne:#0x0002965d:8;tst.w:@0xf372:16;bne:#0x0002965d:8;cmp:g.w:#0x80:16,@0xf36e:16;bhs:#0x00029655:8;add:q.w:#1,@0xf36e:16;mov:g.w:@0xbd8:16,R0;mov:g.w:R0,@0xf372:16;mov:g.w:@0xf2d6:16,R0;mov:g.w:R0,@0xf2d8:16;mov:g.w:#0x3c0:16,@0xf2d6:16;mov:g.w:@0xf2b4:16,R0;add:q.w:#1,R0;mov:g.w:R0,@0xf2b4:16;bne:#0x0002967b:8;add:q.w:#-1,@0xf2b4:16;mov:g.w:@0xf25a:16,R3;and.w:0x800,R3;beq:#0x000296d8:8;btst.w:0x6,@0xf21c:16;beq:#0x000296a6:8;mov:g.w:@0xf262:16,R0;shll.w:R0;shll.w:R0;mov:g.w:R0,@-SP;mov:g.w:@0xf26e:16,R0;mov:g.w:R0,@-SP;pjsr:@0x14036:24;adds.b:0x4,SP;mov:g.w:R0,R2;bra:#0x000296bf:8;mov:g.w:@0xf264:16,R0;shll.w:R0;shll.w:R0;mov:g.w:R0,@-SP;mov:g.w:@0xf26e:16,R0;mov:g.w:R0,@-SP;pjsr:@0x14000:24;adds.b:0x4,SP;mov:g.w:R0,R2;mov:g.w:@0xf27a:16,R0;mov:g.w:R0,@-SP;mov:g.w:@0xf276:16,R0;mov:g.w:R0,@-SP;mov:g.w:R2,@-SP;pjsr:@0x1444c:24;adds.b:0x6,SP;mov:g.w:R0,@0xf26e:16;btst.w:0x9,@0xf25a:16;beq:#0x000296ea:8;clr.w:@-SP;mov:g.w:#0x1:8,@-SP;pjsr:@0x29fba:24;adds.b:0x4,SP;tst.b:@0x2eb:16;beq:#0x000297df:16;mov:g.w:@0xf5de:16,R0;shlr.w:R0;shlr.w:R0;shlr.w:R0;mov:g.w:@0xf4ee:16,R1;add:g.w:R0,R1;mov:g.w:R1,@0xf4ee:16;tst.w:@0xf4f2:16;beq:#0x0002970f:8;add:q.w:#-1,@0xf4f2:16;tst.w:@0xf4f2:16;bne:#0x00029794:16;pjsr:@0x161e6:24;mov:g.w:R0,@0xf4e4:16;mov:g.w:@0xf4ee:16,R0;mov:g.w:R0,@-SP;mov:g.w:#0x800:16,@-SP;mov:g.w:@0xf4e4:16,R0;mov:g.w:R0,@-SP;pjsr:@0x14219:24;adds.b:0x6,SP;mov:g.w:R0,R2;cmp:i:#0xff:16,R2;bhs:#0x00029740:8;mov:g.w:R2,R5;bra:#0x00029743:8;mov:i:#0xff:16,R5;mov:g.w:R5,R2;mov:g.w:R5,@0xf4e6:16;btst.w:0x0,@0xf25a:16;beq:#0x0002975f:8;mov:g.w:R2,R0;swap.b:R0;clr.b:R0;mov:g.w:R0,@0xf4e8:16;mov:g.w:R2,@0xf4ea:16;bra:#0x00029788:8;mov:g.w:@0xf4ec:16,R0;mov:g.w:R0,@-SP;swap.b:R2;clr.b:R2;mov:g.w:R2,@-SP;mov:g.w:@0xf4e8:16,R0;mov:g.w:R0,@-SP;pjsr:@0x1456d:24;adds.b:0x6,SP;mov:g.w:R0,@0xf4e8:16;mov:g.w:R0,@-SP;pjsr:@0x144da:24;add:q.w:#2,SP;mov:g.w:R0,@0xf4ea:16;clr.w:@0xf4ee:16;mov:g.w:@0xf4f0:16,R0;mov:g.w:R0,@0xf4f2:16;mov:i:#0xffff:16,R2;cmp:g.w:#0xff:16,@0xf4dc:16;bhs:#0x000297c7:8;mov:g.w:#0x9c40:16,@-SP;mov:g.w:@0xf5de:16,R0;mov:g.w:R0,@-SP;mov:g.w:@0xf4dc:16,R0;mov:g.w:R0,@-SP;pjsr:@0x1406f:24;adds.b:0x4,SP;shlr.w:R0;rotxr.w:R1;mov:g.w:R1,@-SP;mov:g.w:R0,@-SP;pjsr:@0x14151:24;adds.b:0x6,SP;mov:g.w:R0,R2;cmp:i:#0x1:16,R2;blo:#0x000297d2:8;mov:g.w:R2,@0xf4f4:16;bra:#0x000297d7:8;mov:g.w:#0x1:8,@0xf4f4:16;bset.w:@0xf0ec:16,0x0;pjsr:@0x15877:24;pjsr:@0x2c129:24;btst.w:0x7,@0xf1f2:16;beq:#0x00029c2e:16;pjsr:@0x156ad:24;mov:g.w:@0xf15c:16,R2;cmp:i:#0x64:16,R2;bls:#0x00029810:8;mov:g.w:#0x1b3:16,@-SP;mov:g.w:R2,R0;adds.b:0x9c,R0;mov:g.w:R0,@-SP;pjsr:@0x143bf:24;adds.b:0x4,SP;mov:g.w:R0,R2;adds.b:0x37,R2;bra:#0x0002983d:8;cmp:i:#0x5c:16,R2;bls:#0x0002982e:8;mov:g.w:#0xc0:16,@-SP;mov:g.w:R2,R0;adds.b:0xa4,R0;mov:g.w:R0,@-SP;pjsr:@0x143bf:24;adds.b:0x4,SP;mov:g.w:R0,R2;adds.b:0x31,R2;bra:#0x0002983d:8;mov:g.w:#0x88:16,@-SP;mov:g.w:R2,@-SP;pjsr:@0x143bf:24;adds.b:0x4,SP;mov:g.w:R0,R2;cmp:i:#0xff:16,R2;blo:#0x00029845:8;mov:i:#0xff:16,R2;mov:g.w:@0xf3a8:16,R3;mov:g.w:R2,@0xf3a8:16;mov:g.w:R3,R2;btst.w:0xa,@0xf3a4:16;beq:#0x000298b4:16;btst.w:0x0,@0xf3a6:16;bne:#0x000298b4:8;cmp:g.w:@0xf3a8:16,R2;bhi:#0x0002986a:8;mov:g.w:@0xf3a8:16,R2;sub.w:R2,R2;bra:#0x0002986e:8;sub.w:@0xf3a8:16,R2;btst.w:0x1,@0xf0ec:16;beq:#0x0002987a:8;mov:g.w:@0xf8c:16,R5;bra:#0x0002987e:8;mov:g.w:@0xf8a:16,R5;cmp:g.w:R5,R2;blo:#0x0002988c:8;bclr.w:0x0,@0xf200:16;clr.w:@0xf3b6:16;bra:#0x000298ae:8;cmp:g.w:#0xffff:16,@0xf3b6:16;bhs:#0x00029898:8;add:q.w:#1,@0xf3b6:16;mov:g.w:@0xf3b6:16,R0;cmp:g.w:@0xf8e:16,R0;blo:#0x000298ae:8;bset.w:@0xf200:16,0x0;mov:g.w:@0xf8e:16,R0;mov:g.w:R0,@0xf3b6:16;mov:g.w:R2,@0xf968:16;bra:#0x000298bc:8;clr.w:@0xf3b6:16;clr.w:@0xf968:16;pjsr:@0x1646c:24;mov:g.w:@0xf3aa:16,R0;mov:g.w:R0,@-SP;mov:g.w:@0xf3a8:16,R0;mov:g.w:R0,@-SP;pjsr:@0x14036:24;adds.b:0x4,SP;mov:g.w:R0,@0xf3b0:16;btst.w:0x6,@0xf3a4:16;bne:#0x000298e3:8;clr.w:@0xf3a2:16;bra:#0x00029901:8;btst.w:0x0,@0xf200:16;beq:#0x0002990a:8;btst.w:0x7,@0xf3a4:16;beq:#0x000298f9:8;mov:g.w:@0xb26:16,R0;mov:g.w:R0,@0xf3a2:16;bra:#0x00029901:8;mov:g.w:@0xb28:16,R0;mov:g.w:R0,@0xf3a2:16;pjsr:@0x29c9f:24;clr.w:R2;bra:#0x00029a48:16;tst.w:@0xf3b0:16;beq:#0x00029949:8;btst.w:0x7,@0xf3a4:16;beq:#0x0002991c:8;mov:g.w:@0xb08:16,R2;bra:#0x00029920:8;mov:g.w:@0xb0a:16,R2;mov:g.w:@0xf3aa:16,R0;shll.w:R0;shll.w:R0;shll.w:R0;mov:g.w:R0,@-SP;mov:g.w:R2,@-SP;mov:g.w:@0xf3b0:16,R0;mov:g.w:R0,@-SP;pjsr:@0x14219:24;adds.b:0x6,SP;mov:g.w:R0,R2;add:q.w:#1,R2;cmp:i:#0xff:16,R2;blo:#0x0002994b:8;mov:i:#0xff:16,R2;bra:#0x0002994b:8;clr.w:R2;btst.w:0x9,@0xf3a4:16;beq:#0x00029a0c:16;add:q.w:#1,@0xf3be:16;mov:g.w:@0xf3be:16,R0;cmp:g.w:@0xf3ba:16,R0;blo:#0x0002996e:8;mov:g.w:@0xf3ba:16,R0;mov:g.w:R0,@0xf3be:16;mov:g.w:#0x8000:16,@0xf3c4:16;add:q.w:#1,@0xf3c0:16;mov:g.w:@0xf3c0:16,R0;cmp:g.w:@0xf3ba:16,R0;blo:#0x0002998a:8;mov:g.w:@0xf3ba:16,R0;mov:g.w:R0,@0xf3c0:16;mov:g.w:#0x8000:16,@0xf3c6:16;mov:g.w:@0xf3ca:16,R0;shll.w:R0;mov:g.w:R0,@0xf3ca:16;cmp:g.w:@0xb4e:16,R2;blo:#0x00029a10:16;cmp:g.w:@0xf3bc:16,R2;bhi:#0x00029a10:16;bset.w:@0xf3ca:16,0x0;mov:g.w:@0xf5ea:16,R0;cmp:g.w:@0xf3c4:16,R0;bne:#0x000299b6:8;clr.w:@0xf3be:16;bra:#0x00029a08:8;mov:g.w:@0xf5ea:16,R0;cmp:g.w:@0xf3c6:16,R0;bne:#0x000299c6:8;clr.w:@0xf3c0:16;bra:#0x00029a08:8;tst.b:@0x2d0:16;beq:#0x000299d2:8;btst.w:0x4,@0xf3ca:16;beq:#0x00029a10:8;cmp:g.w:#0x8000:16,@0xf3c4:16;bne:#0x000299ee:8;mov:g.w:@0xf5ea:16,R0;mov:g.w:R0,@0xf3c4:16;clr.w:@0xf3be:16;tst.b:@0x2d0:16;beq:#0x00029a10:8;bra:#0x00029a08:8;cmp:g.w:#0x8000:16,@0xf3c6:16;bne:#0x00029a10:8;mov:g.w:@0xf5ea:16,R0;mov:g.w:R0,@0xf3c6:16;clr.w:@0xf3c0:16;tst.b:@0x2d0:16;beq:#0x00029a10:8;clr.w:R2;bra:#0x00029a10:8;pjsr:@0x29c9f:24;mov:g.w:@0xf3b2:16,R0;mov:g.w:R0,@0xf3b4:16;btst.w:0x7,@0xf3a4:16;beq:#0x00029a24:8;mov:g.w:@0xb0c:16,R5;bra:#0x00029a28:8;mov:g.w:@0xb0e:16,R5;cmp:g.w:R5,R2;blo:#0x00029a2e:8;mov:g.w:R5,R2;mov:g.w:@0xf3a2:16,R3;add:g.w:R2,R3;cmp:g.w:@0xf3b4:16,R3;bhs:#0x00029a40:8;mov:g.w:R3,@0xf3a2:16;bra:#0x00029a48:8;mov:g.w:@0xf3b4:16,R0;mov:g.w:R0,@0xf3a2:16;mov:g.w:R2,@0xf962:16;mov:g.w:@0xf3ae:16,R0;mov:g.w:R0,@0xf964:16;mov:g.w:@0xf3aa:16,R0;mov:g.w:R0,@0xf966:16;mov:g.w:@0xf3ae:16,R0;clr.b:R0;swap.b:R0;cmp:g.w:@0xf3a8:16,R0;bhi:#0x00029a78:8;cmp:g.w:#0xffff:16,@0xf3b8:16;bhs:#0x00029a7c:8;add:q.w:#1,@0xf3b8:16;bra:#0x00029a7c:8;clr.w:@0xf3b8:16;mov:i:#0x20:16,R3;tst.w:@0xefc2:16;bne:#0x00029ac0:8;tst.w:@0xf3b0:16;bne:#0x00029ab8:8;mov:g.w:@0xf3b8:16,R0;cmp:g.w:@0xb62:16,R0;blo:#0x00029a9a:8;mov:i:#0x10:16,R3;bra:#0x00029abb:8;mov:g.w:@0xf3ae:16,R2;clr.b:R2;swap.b:R2;beq:#0x00029abb:8;mov:g.w:R2,R0;mulxu.w:@0xb64:16,R0;mov:g.w:@0xf3a8:16,R0;shll.w:R0;shll.w:R0;shll.w:R0;cmp:g.w:R1,R0;blo:#0x00029abb:8;mov:i:#0x100:16,R3;cmp:i:#0x10:16,R3;bne:#0x00029ad1:8;mov:i:#0xf000:16,R5;mov:g.w:@0xf3a8:16,R2;shll.w:R2;shll.w:R2;shll.w:R2;shll.w:R2;bra:#0x00029af0:8;cmp:i:#0x20:16,R3;bne:#0x00029ae5:8;mov:i:#0xf800:16,R5;mov:g.w:@0xf3a8:16,R2;shll.w:R2;shll.w:R2;shll.w:R2;bra:#0x00029af0:8;mov:i:#0xff00:16,R5;mov:g.w:@0xf3a8:16,R2;mov:g.w:R2,R0;clr.w:R1;mov:g.w:R2,@-SP;pjsr:@0x144d1:24;add:q.w:#2,SP;mov:g.w:R1,@-SP;mov:g.w:R0,@-SP;mov:g.w:R5,@-SP;mov:g.w:@0xf3ac:16,R0;mov:g.w:R0,@-SP;pjsr:@0x1406f:24;adds.b:0x4,SP;mov:g.w:R1,@-SP;mov:g.w:R0,@-SP;pjsr:@0x1401f:24;adds.b:0x8,SP;mov:g.w:R1,@-SP;mov:g.w:R0,@-SP;pjsr:@0x144ef:24;adds.b:0x4,SP;mov:g.w:R0,@0xf3ac:16;btst.w:0x1,@0xf0ec:16;bne:#0x00029b43:8;mov:g.w:@0xf3aa:16,R0;cmp:g.w:@0xb2c:16,R0;blo:#0x00029b6a:8;bset.w:@0xf3a6:16,0x4;mov:g.w:@0xf17a:16,R0;mov:g.w:R0,@0xf3de:16;bra:#0x00029b6a:8;mov:g.w:@0xb2e:16,R0;mov:g.w:R0,@-SP;mov:g.w:@0xf3de:16,R0;mov:g.w:R0,@-SP;pjsr:@0x14036:24;adds.b:0x4,SP;cmp:g.w:@0xf17a:16,R0;bhi:#0x00029b66:8;mov:g.w:@0xf3aa:16,R0;cmp:g.w:@0xb2a:16,R0;bhs:#0x00029b6a:8;bclr.w:0x4,@0xf3a6:16;bclr.w:0x0,@0xf3a6:16;btst.w:0x4,@0xf3a6:16;beq:#0x00029bd0:8;btst.w:0x1,@0xf0ec:16;bne:#0x00029bca:8;mov:g.w:#0x3:8,@-SP;mov:g.w:@0xf3ac:16,R0;mov:g.w:R0,@-SP;pjsr:@0x1412b:24;adds.b:0x4,SP;mov:g.w:R0,@0xf3ac:16;mov:g.w:#0x3:8,@-SP;mov:g.w:@0xf3ae:16,R0;mov:g.w:R0,@-SP;pjsr:@0x1412b:24;adds.b:0x4,SP;mov:g.w:R0,@0xf3ae:16;mov:g.w:#0x1:8,@-SP;mov:g.w:#0xff:16,@-SP;mov:g.w:#0x3:8,@-SP;mov:g.w:@0xf3aa:16,R0;mov:g.w:R0,@-SP;pjsr:@0x1412b:24;adds.b:0x4,SP;mov:g.w:R0,@-SP;pjsr:@0x1444c:24;adds.b:0x6,SP;mov:g.w:R0,@0xf3aa:16;bset.w:@0xf3a6:16,0x0;bset.w:@0xf0ec:16,0x1;bra:#0x00029c2a:8;btst.w:0x1,@0xf0ec:16;beq:#0x00029c26:8;mov:g.w:#0x3:8,@-SP;mov:g.w:@0xf3ac:16,R0;mov:g.w:R0,@-SP;pjsr:@0x1405c:24;adds.b:0x4,SP;mov:g.w:R0,@0xf3ac:16;mov:g.w:#0x3:8,@-SP;mov:g.w:@0xf3ae:16,R0;mov:g.w:R0,@-SP;pjsr:@0x1405c:24;adds.b:0x4,SP;mov:g.w:R0,@0xf3ae:16;mov:g.w:#0x1:8,@-SP;mov:g.w:#0xff:16,@-SP;mov:g.w:#0x3:8,@-SP;mov:g.w:@0xf3aa:16,R0;mov:g.w:R0,@-SP;pjsr:@0x1405c:24;adds.b:0x4,SP;mov:g.w:R0,@-SP;pjsr:@0x1444c:24;adds.b:0x6,SP;mov:g.w:R0,@0xf3aa:16;bset.w:@0xf3a6:16,0x0;bclr.w:0x1,@0xf0ec:16;pjsr:@0x15857:24;ldm.w:@SP+,(R5 R3 R2 );unlk:FP;prts:;
00029c33,tcu_f384_f388_hysteresis_gate_check,stm:(R2 R3 R5 ),@-SP;mov:g.w:@0xf384:16,R2;mov:g.w:@0xf388:16,R3;cmp:g.w:R3,R2;blo:#0x00029c47:8;mov:g.w:R2,R5;sub.w:R3,R5;bra:#0x00029c4b:8;mov:g.w:R3,R5;sub.w:R2,R5;mov:g.w:@0xacc:16,R0;mov:g.w:R0,@-SP;mov:g.w:R2,@-SP;pjsr:@0x1436c:24;adds.b:0x4,SP;clr.w:R1;cmp:g.w:R0,R5;blo:#0x00029c62:8;add:q.w:#1,R1;mov:g.w:R1,R0;ldm.w:@SP+,(R5 R3 R2 );prts:;
00029c68,tcu_shift_state_reset,link:FP,#0x0:8;cmp:g.b:#0x1:8,@(0x6:8,FP);bne:#0x00029c82:8;mov:g.w:@0xf384:16,R0;mov:g.w:R0,@0xf38a:16;mov:g.w:@0xf39e:16,R0;mov:g.w:R0,@-SP;pjsr:@0x15f1a:24;clr.w:@0xf3d0:16;clr.w:@0xf394:16;mov:g.w:#0xca:16,@0xf38c:16;mov:g.w:#0xca:16,@0xf38e:16;mov:g.w:#0xa0:16,@0xf364:16;unlk:FP;prts:;
00029c9f,tcu_torque_state_reset,mov:g.w:@0xf3ba:16,R0;mov:g.w:R0,@0xf3c2:16;mov:g.w:R0,@0xf3c0:16;mov:g.w:R0,@0xf3be:16;mov:g.w:#0x8000:16,@0xf3c8:16;mov:g.w:#0x8000:16,@0xf3c6:16;mov:g.w:#0x8000:16,@0xf3c4:16;clr.w:@0xf3ca:16;prts:;
00029cc7,tcu_shift_timing_state_machine,stm:(R2 R3 R5 ),@-SP;mov:i:#0x8000:16,R3;stc.w:SR,@-SP;orc.w:0x700,SR;andc.w:0xfeff,SR;ldc.b:0x0,DP;mov:g.w:@0xf5e6:16,R0;shll.w:R0;mov:g.w:R0,@0xf5e6:16;pjsr:@0x15555:24;tst.w:R0;beq:#0x00029cef:8;bset.w:@0xf5e6:16,0x0;mov:g.w:@0xf5e0:16,R0;mov:g.w:R0,@0xf386:16;mov:g.w:@0xf386:16,R2;tst.w:@0xefa4:16;beq:#0x00029d05:8;and.w:R3 ,R2;beq:#0x00029d0b:8;clr.w:@0xf3cc:16;bra:#0x00029d11:8;btst.w:0x1,@0xf3cc:16;bne:#0x00029d1c:8;pjsr:@0x29f40:24;pjsr:@0x29f8b:24;bra:#0x00029e60:16;mov:g.w:@0xf394:16,R2;beq:#0x00029dd3:16;pjsr:@0x16029:24;and.w:@0xf39e:16,R0;beq:#0x00029d57:8;tst.w:@0xf3d0:16;beq:#0x00029dd3:16;mov:g.w:@0xf398:16,R5;sub.w:@0xf5e4:16,R5;cmp:g.w:R2,R5;blo:#0x00029d44:8;sub.w:R2,R5;bra:#0x00029d48:8;sub.w:R5,R2;mov:g.w:R2,R5;btst.w:0x0,@0xf3ce:16;bne:#0x00029d8e:8;cmp:g.w:@0xf39c:16,R5;bls:#0x00029dd3:16;bra:#0x00029d8e:8;cmp:g.b:#0x2:8,@0xf3d0:16;bne:#0x00029dd3:16;mov:g.w:@0xf5e4:16,R5;add:g.w:R2,R5;sub.w:@0xf382:16,R5;sub.w:@0xf39c:16,R5;mov:g.w:R5,R0;sub.w:@0xff46:16,R0;and.w:R3 ,R0;beq:#0x00029d94:8;mov:g.w:@0xff46:16,R5;mov:g.w:R5,@-SP;mov:g.w:@0xf39e:16,R0;mov:g.w:R0,@-SP;pjsr:@0x15e17:24;adds.b:0x4,SP;mov:g.w:R5,@0xf396:16;pjsr:@0x29f57:24;bra:#0x00029dd3:8;mov:g.w:R5,@-SP;mov:g.w:@0xf39e:16,R0;mov:g.w:R0,@-SP;pjsr:@0x15e17:24;adds.b:0x4,SP;mov:g.w:R5,@0xf396:16;mov:g.w:@0xf398:16,R5;sub.w:@0xf5e4:16,R5;cmp:g.w:R2,R5;blo:#0x00029db7:8;sub.w:R2,R5;bra:#0x00029dbd:8;mov:g.w:R2,R0;sub.w:R5,R0;mov:g.w:R0,R5;btst.w:0x0,@0xf3ce:16;bne:#0x00029dc9:8;cmp:g.w:@0xf39c:16,R5;bls:#0x00029dd3:8;mov:g.w:@0xf5e4:16,R0;add:g.w:R2,R0;mov:g.w:R0,@0xf398:16;btst.w:0x0,@0xf5ee:16;beq:#0x00029df7:8;btst.w:0x6,@0xf3cc:16;bne:#0x00029dfb:8;cmp:g.w:#0xc8:16,@0xf38c:16;bhs:#0x00029dfb:8;pjsr:@0x16029:24;and.w:@0xf39e:16,R0;beq:#0x00029dfb:8;tst.w:@0xf3d0:16;beq:#0x00029dfb:8;pjsr:@0x29f40:24;pjsr:@0x29f8b:24;mov:g.w:@0xf386:16,R0;mov:g.w:R0,@-SP;mov:g.w:#0x9c:16,@-SP;pjsr:@0x1436c:24;adds.b:0x4,SP;mov:g.w:R0,R5;add:g.w:@0xf5e4:16,R5;add:g.w:@0xf392:16,R5;sub.w:@0xf382:16,R5;mov:g.w:@0xf398:16,R2;add:g.w:@0xad8:16,R2;mov:g.w:R5,R0;sub.w:R2,R0;and.w:R3 ,R0;beq:#0x00029e30:8;mov:g.w:R2,R5;pjsr:@0x16029:24;and.w:@0xf39e:16,R0;beq:#0x00029e42:8;tst.w:@0xf3d0:16;beq:#0x00029e60:8;bra:#0x00029e5c:8;cmp:g.b:#0x2:8,@0xf3d0:16;beq:#0x00029e5c:8;clr.w:@0xf3d0:16;mov:g.w:R5,@-SP;mov:g.w:@0xf3a0:16,R0;mov:g.w:R0,@-SP;pjsr:@0x15e17:24;adds.b:0x4,SP;mov:g.w:R5,@0xf39a:16;bclr.w:0x0,@0xf3ce:16;bset.w:@0xf340:16,0x7;btst.w:0x7,@0xf1f2:16;beq:#0x00029e8f:8;mov:g.w:@0xf398:16,R0;sub.w:@0xf5e4:16,R0;and.w:R3 ,R0;beq:#0x00029e80:8;mov:g.w:@0xf5e4:16,R2;bra:#0x00029e84:8;mov:g.w:@0xf398:16,R2;adds.b:0x19,R2;mov:g.w:R2,@-SP;pjsr:@0x16488:24;add:q.w:#2,SP;ldc.w:@SP+ ,SR;ldc.b:0x0,DP;tst.w:@0xef90:16;beq:#0x00029ea0:8;tst.w:@0xefa2:16;bne:#0x00029eb0:8;clr.w:@0xf5ee:16;mov:g.w:@0xf5e6:16,R0;or.w:0xfffe,R0;mov:g.w:R0,@0xf5e6:16;mov:g.w:@0xa9a:16,R2;pjsr:@0x15549:24;tst.w:R0;beq:#0x00029ebe:8;shll.w:R2;mov:g.w:R2,@0xefa2:16;btst.w:0x7,@0xf0f8:16;beq:#0x00029eda:8;tst.w:@0xf23c:16;beq:#0x00029f02:8;add:q.w:#-1,@0xf23c:16;bne:#0x00029f02:8;bset.w:@0xf25a:16,0xe;bra:#0x00029f02:8;btst.w:0x5,@0xf0f8:16;beq:#0x00029efa:8;btst.w:0x2,@0xf224:16;beq:#0x00029ef0:8;mov:g.w:@0x86c:16,R0;mov:g.w:R0,@0xf23c:16;bra:#0x00029f02:8;mov:g.w:@0x870:16,R0;mov:g.w:R0,@0xf23c:16;bra:#0x00029f02:8;mov:g.w:@0x86e:16,R0;mov:g.w:R0,@0xf23c:16;btst.w:0x2,@0xf25a:16;bne:#0x00029f12:8;tst.w:@0xf29e:16;beq:#0x00029f12:8;add:q.w:#-1,@0xf29e:16;tst.w:@0xf378:16;beq:#0x00029f1c:8;add:q.w:#-1,@0xf378:16;pjsr:@0x2a796:24;mov:g.w:#0x1:8,@-SP;clr.w:@-SP;pjsr:@0x29fba:24;adds.b:0x4,SP;mov:g.w:@0xf5ea:16,R0;mov:g.w:R0,@0xf5ec:16;pjsr:@0x2c12b:24;pjsr:@0x19efa:24;ldm.w:@SP+,(R5 R3 R2 );prts:;
00029f40,tcu_shift_timer_reset,mov:g.w:#0x7:8,@-SP;pjsr:@0x15f71:24;add:q.w:#2,SP;clr.w:@0xf3d0:16;mov:g.w:@0xff46:16,R0;mov:g.w:R0,@0xf398:16;prts:;
00029f57,tcu_shift_timer_arm,mov:g.w:R2,@-SP;mov:g.w:@0xf5e4:16,R2;add:g.w:@0xf394:16,R2;mov:g.w:R2,R0;sub.w:@0xff46:16,R0;btst.w:0xf,R0;beq:#0x00029f6f:8;mov:g.w:@0xff46:16,R2;mov:g.w:#0x1:8,@0xf3d0:16;mov:g.w:R2,@-SP;mov:g.w:@0xf39e:16,R0;mov:g.w:R0,@-SP;pjsr:@0x15e79:24;adds.b:0x4,SP;mov:g.w:R2,@0xf398:16;mov:g.w:@SP+,R2;prts:;
00029f8b,tcu_f382_correction_calc,mov:g.w:R2,@-SP;mov:g.w:@0xf5e0:16,R0;mov:g.w:@0xf37e:16,R1;mov:g.w:R1,@-SP;mov:g.w:R0,@-SP;pjsr:@0x14293:24;adds.b:0x4,SP;mov:g.w:R0,R2;cmp:g.w:@0xf380:16,R2;bls:#0x00029fb2:8;mov:g.w:@0xf380:16,R0;mov:g.w:R0,@0xf382:16;bra:#0x00029fb6:8;mov:g.w:R2,@0xf382:16;mov:g.w:@SP+,R2;prts:;
00029fba,fuel_pw_and_airvol_compute,link:FP,#-0x8:8;stm:(R2 R3 R4 R5 ),@-SP;tst.w:@(0x6:8,FP);bne:#0x0002a64b:16;mov:g.w:@0xf5ca:16,R0;cmp:g.w:@0x886:16,R0;bhs:#0x00029fd4:8;bset.w:@0xf25a:16,0x5;bra:#0x00029fd8:8;bclr.w:0x5,@0xf25a:16;mov:g.w:@0xf1d8:16,R0;mov:g.w:R0,@-SP;mov:g.w:#0x9c:16,@-SP;mov:g.w:@0xf1da:16,R0;mov:g.w:R0,@-SP;pjsr:@0x141ba:24;adds.b:0x6,SP;mov:g.w:R0,R2;cmp:i:#0x9c:16,R2;blo:#0x00029ff9:8;mov:i:#0x9c:16,R2;mov:g.w:@0xf1dc:16,R0;clr.w:R1;mov:g.w:R0,@-SP;mov:g.w:R1,@-SP;mov:g.w:#0x9c:16,@-SP;mov:g.w:@0xf1d2:16,R0;mov:g.w:R0,@-SP;pjsr:@0x1406f:24;adds.b:0x4,SP;mov:g.w:R2,R4;mov:f.w:R0,@(-0x8:8,FP);mov:f.w:R1,@(-0x6:8,FP);clr.w:R1;add:g.w:@(-0x6:8,FP),R4;addx.w:R0,R1;mov:g.w:R4,@-SP;mov:g.w:R1,@-SP;pjsr:@0x14045:24;adds.b:0x8,SP;mov:g.w:R1,@-SP;mov:g.w:R0,@-SP;pjsr:@0x1443c:24;adds.b:0x4,SP;mov:g.w:R0,@0xf1ba:16;mov:g.w:R2,@0xf1dc:16;mov:g.w:@0xf1ba:16,R3;mov:g.w:@0xf1b6:16,R5;mov:g.w:R3,@0xf850:16;cmp:g.w:R5,R3;blo:#0x0002a05d:8;mov:g.w:R3,R2;sub.w:R5,R2;mov:g.w:R2,@0xf852:16;clr.w:@0xf854:16;bra:#0x0002a069:8;mov:g.w:R5,R2;sub.w:R3,R2;mov:g.w:R2,@0xf854:16;clr.w:@0xf852:16;btst.w:0xf,@0xf224:16;beq:#0x0002a0bb:8;cmp:g.w:R5,R3;blo:#0x0002a094:8;tst.w:@0xf012:16;bne:#0x0002a0bb:8;cmp:g.w:@0xa64:16,R2;blo:#0x0002a0bb:8;mov:g.w:@0xa66:16,R0;mov:g.w:R0,@-SP;mov:g.w:R5,@-SP;pjsr:@0x14000:24;adds.b:0x4,SP;mov:g.w:R0,@0xf1ba:16;bra:#0x0002a0bb:8;tst.w:@0xf014:16;bne:#0x0002a0bb:8;cmp:g.w:@0xa6a:16,R2;blo:#0x0002a0bb:8;mov:g.w:@0xa6c:16,R0;mov:g.w:R0,@-SP;mov:g.w:R5,@-SP;pjsr:@0x14036:24;adds.b:0x4,SP;mov:g.w:R0,@0xf1ba:16;mov:g.w:@0xa68:16,R0;mov:g.w:R0,@0xf014:16;mov:g.w:@0xf1de:16,R0;cmp:g.w:@0x81c:16,R0;bhs:#0x0002a0f5:8;mov:g.w:@0xf1ba:16,R0;mov:g.w:R0,@-SP;mov:g.w:@0xf1b6:16,R0;mov:g.w:R0,@-SP;pjsr:@0x14036:24;adds.b:0x4,SP;cmp:g.w:@0x81e:16,R0;blo:#0x0002a0f5:8;mov:g.w:@0x820:16,R0;mov:g.w:R0,@-SP;mov:g.w:@0xf1b6:16,R0;mov:g.w:R0,@-SP;pjsr:@0x14036:24;adds.b:0x4,SP;mov:g.w:R0,@0xf1ba:16;mov:g.w:@0xf1ba:16,R0;cmp:g.w:@0xf1c0:16,R0;blo:#0x0002a101:8;bra:#0x0002a109:8;mov:g.w:@0xf1c0:16,R0;mov:g.w:R0,@0xf1ba:16;mov:g.w:@0xf1b6:16,R0;mov:g.w:R0,@0xf1bc:16;mov:g.w:@0xf1c4:16,R0;mov:g.w:R0,@0xf1c6:16;mov:g.w:@0xf1b4:16,R0;mov:g.w:R0,@-SP;mov:g.w:@0xf1ba:16,R0;mov:g.w:R0,@-SP;pjsr:@0x144d1:24;add:q.w:#2,SP;mov:g.w:R1,@-SP;mov:g.w:R0,@-SP;mov:g.w:@0xf1b8:16,R0;mov:g.w:R0,@-SP;mov:g.w:@0xf1b6:16,R1;mov:g.w:R1,@-SP;pjsr:@0x145c5:24;adds.b:0xa,SP;mov:g.w:R0,@0xf1b6:16;mov:g.w:R1,@0xf1b8:16;btst.w:0x1,@0xf25a:16;beq:#0x0002a154:8;clr.w:@0xf1b6:16;mov:g.w:@0xf29c:16,R0;mov:g.w:R0,@-SP;mov:g.w:@0xf1b6:16,R0;mov:g.w:R0,@-SP;pjsr:@0x142f3:24;adds.b:0x4,SP;mov:g.w:R0,@0xf1c4:16;btst.w:0x0,@0xf25a:16;bne:#0x0002a17b:8;mov:g.w:@0xf1b6:16,R0;cmp:g.w:@0xf1be:16,R0;bls:#0x0002a183:8;mov:g.w:@0xf1be:16,R0;mov:g.w:R0,@0xf1b6:16;btst.w:0x0,@0xf25a:16;bne:#0x0002a193:8;mov:g.w:@0xf1c4:16,R0;cmp:g.w:@0xf1c2:16,R0;bls:#0x0002a19b:8;mov:g.w:@0xf1c2:16,R0;mov:g.w:R0,@0xf1c4:16;mov:g.w:@0xf1b6:16,R0;cmp:g.w:@0xf1bc:16,R0;blo:#0x0002a1bb:8;mov:g.w:@0xf1b6:16,R2;sub.w:@0xf1bc:16,R2;cmp:g.w:@0xf1ca:16,R2;bhi:#0x0002a1b5:8;bra:#0x0002a1cf:8;mov:g.w:R2,@0xf1ca:16;bra:#0x0002a1cf:8;mov:g.w:@0xf1bc:16,R2;sub.w:@0xf1b6:16,R2;cmp:g.w:@0xf1ce:16,R2;bhi:#0x0002a1cb:8;bra:#0x0002a1cf:8;mov:g.w:R2,@0xf1ce:16;mov:g.w:@0xf1c4:16,R5;mov:g.w:@0xf1c6:16,R3;cmp:g.w:R3,R5;blo:#0x0002a1e1:8;mov:g.w:R5,R2;sub.w:R3,R2;bra:#0x0002a1e5:8;mov:g.w:R3,R2;sub.w:R5,R2;btst.w:0x9,@0xf226:16;bne:#0x0002a24f:16;cmp:g.w:@0xf2e4:16,R5;bhs:#0x0002a24f:8;btst.w:0x7,@0xf31c:16;beq:#0x0002a200:8;mov:g.w:@0x95e:16,R0;mov:f.w:R0,@(-0x2:8,FP);bra:#0x0002a206:8;mov:g.w:@0x960:16,R0;mov:f.w:R0,@(-0x2:8,FP);mov:g.w:@0x962:16,R0;mov:g.w:R0,@-SP;mov:f.w:@(-0x2:8,FP),R0;mov:g.w:R0,@-SP;mov:g.w:R2,@-SP;pjsr:@0x141ba:24;adds.b:0x6,SP;mov:g.w:R0,@-SP;mov:g.w:R5,@-SP;cmp:g.w:R3,R5;blo:#0x0002a22e:8;pjsr:@0x14000:24;adds.b:0x4,SP;mov:g.w:R0,@0xf1d0:16;bra:#0x0002a239:8;pjsr:@0x14036:24;adds.b:0x4,SP;mov:g.w:R0,@0xf1d0:16;mov:g.w:@0xf1d0:16,R0;cmp:g.w:@0xf2e4:16,R0;bhs:#0x0002a245:8;bra:#0x0002a253:8;mov:g.w:@0xf2e4:16,R0;mov:g.w:R0,@0xf1d0:16;bra:#0x0002a253:8;mov:g.w:R5,@0xf1d0:16;mov:e:#0x1:8,R2;tst.w:@0xf2dc:16;beq:#0x0002a2a0:8;mov:g.w:@0xf2ec:16,R0;mov:g.w:R0,@-SP;mov:g.w:@0xf2dc:16,R0;mov:g.w:R0,@-SP;pjsr:@0x1436c:24;adds.b:0x4,SP;mov:g.w:R0,R5;mov:g.w:@0xf2dc:16,R0;sub.w:R5,R0;cmp:g.w:@0x96c:16,R0;bls:#0x0002a282:8;mov:g.w:R5,@0xf2dc:16;bra:#0x0002a2a0:8;tst.w:@0xf2fe:16;bne:#0x0002a29e:8;mov:g.w:#0x1:8,@-SP;mov:g.w:@0xf2dc:16,R0;mov:g.w:R0,@-SP;pjsr:@0x14036:24;adds.b:0x4,SP;mov:g.w:R0,@0xf2dc:16;bra:#0x0002a2a0:8;clr.b:R2;tst.b:R2;beq:#0x0002a2d4:8;mov:g.w:@0xf10e:16,R0;cmp:g.w:@0x96e:16,R0;bls:#0x0002a2b8:8;mov:g.w:@0x970:16,R0;mov:g.w:R0,@0xf2fe:16;bra:#0x0002a2d4:8;mov:g.w:@0xf10e:16,R0;cmp:g.w:@0x974:16,R0;bls:#0x0002a2cc:8;mov:g.w:@0x972:16,R0;mov:g.w:R0,@0xf2fe:16;bra:#0x0002a2d4:8;mov:g.w:@0x976:16,R0;mov:g.w:R0,@0xf2fe:16;tst.w:@0xf2fe:16;beq:#0x0002a2de:8;add:q.w:#-1,@0xf2fe:16;tst.w:@0xf302:16;beq:#0x0002a2e8:8;add:q.w:#-1,@0xf302:16;mov:g.w:@0xf1b6:16,R0;cmp:g.w:@0xf2e0:16,R0;bhs:#0x0002a2fa:8;mov:g.w:@0x954:16,R0;mov:g.w:R0,@0xf302:16;clr.w:@0xf2de:16;btst.w:0x9,@0xf226:16;beq:#0x0002a316:8;mov:g.w:@0x956:16,R3;mov:g.w:R3,@0xf2f8:16;mov:g.w:R3,@0xf2f2:16;mov:g.w:R3,@0xf2f0:16;bra:#0x0002a356:8;mov:g.w:@0xf1b6:16,R3;mov:i:#0x6:16,R0;shlr.w:R3;scb/eq:R0,0x0002a31d;cmp:i:#0xc:16,R3;blo:#0x0002a32a:8;mov:i:#0xc:16,R3;ldc.b:0x1,DP;mov:g.b:@(0x1ea4:16,R3),R0;extu.b:R0;ldc.b:0x0,DP;mov:g.w:R0,@0xf2f8:16;mov:g.w:@0xf2f8:16,R0;mov:g.w:R0,@0xf2f2:16;mov:g.w:@0xf2f8:16,R0;mov:g.w:R0,@0xf2f0:16;ldc.b:0x1,DP;mov:g.b:@(0x1eb1:16,R3),R3;extu.b:R3;ldc.b:0x0,DP;mov:g.w:R3,@0xf2f6:16;mov:g.w:R3,@0xf2f4:16;mov:g.w:@0xf25a:16,R0;and.w:0x13,R0;beq:#0x0002a36f:8;clr.w:@0xf2dc:16;bra:#0x0002a43d:16;pjsr:@0x1553d:24;tst.w:R0;beq:#0x0002a387:8;mov:g.w:@0xf25a:16,R0;and.w:0x28,R0;bne:#0x0002a387:8;btst.w:0x6,@0xf25e:16;beq:#0x0002a38e:8;clr.w:@0xf2dc:16;bra:#0x0002a441:16;mov:g.w:@0xf1b6:16,R0;cmp:g.w:@0xf1bc:16,R0;blo:#0x0002a3d6:8;tst.w:@0xf302:16;beq:#0x0002a415:16;mov:g.w:@0xf1b6:16,R2;sub.w:@0xf1bc:16,R2;cmp:g.w:@0xf2fa:16,R2;blo:#0x0002a3b1:8;mov:g.w:@0xf2fa:16,R2;tst.w:@0xf028:16;beq:#0x0002a3bd:8;mov:g.w:@0xf2f4:16,R5;bra:#0x0002a3c1:8;mov:g.w:@0xf2f0:16,R5;cmp:g.w:R5,R2;bls:#0x0002a415:8;cmp:g.w:@0xf2dc:16,R2;blo:#0x0002a3d0:8;mov:g.w:R2,@0xf2dc:16;nop:;clr.w:@0xf2de:16;bra:#0x0002a415:8;mov:g.w:@0xf1b6:16,R0;cmp:g.w:@0xf2e2:16,R0;bhs:#0x0002a415:8;mov:g.w:@0xf1bc:16,R2;sub.w:@0xf1b6:16,R2;cmp:g.w:@0xf2fc:16,R2;blo:#0x0002a3f2:8;mov:g.w:@0xf2fc:16,R2;tst.w:@0xf028:16;beq:#0x0002a3fe:8;mov:g.w:@0xf2f6:16,R5;bra:#0x0002a402:8;mov:g.w:@0xf2f2:16,R5;cmp:g.w:R5,R2;bls:#0x0002a415:8;cmp:g.w:@0xf2de:16,R2;blo:#0x0002a411:8;mov:g.w:R2,@0xf2de:16;nop:;clr.w:@0xf2dc:16;btst.w:0x3,@0xf1f4:16;beq:#0x0002a421:8;btst.w:0x0,@0xee88:16;bne:#0x0002a42d:8;btst.w:0x3,@0xf1f4:16;bne:#0x0002a437:8;btst.w:0x7,@0xf102:16;beq:#0x0002a437:8;tst.w:@0xefb8:16;beq:#0x0002a437:8;clr.w:@0xf2dc:16;tst.w:@0xefb2:16;beq:#0x0002a441:8;clr.w:@0xf2de:16;tst.w:@0xf2dc:16;beq:#0x0002a475:8;mov:g.w:#0x400:16,@-SP;mov:g.w:@0xf2dc:16,R0;mov:g.w:R0,@-SP;mov:g.w:@0xf2e8:16,R0;mov:g.w:R0,@-SP;mov:g.w:@0xf2e6:16,R1;mov:g.w:R1,@-SP;pjsr:@0x141dc:24;adds.b:0x8,SP;mov:g.w:R1,@-SP;mov:g.w:R0,@-SP;pjsr:@0x1443c:24;adds.b:0x4,SP;mov:g.w:R0,@0xf256:16;bra:#0x0002a479:8;clr.w:@0xf256:16;tst.w:@0xf2de:16;beq:#0x0002a49c:8;mov:g.w:#0x400:16,@-SP;mov:g.w:@0xf2ea:16,R0;mov:g.w:R0,@-SP;mov:g.w:@0xf2de:16,R0;mov:g.w:R0,@-SP;pjsr:@0x141ba:24;adds.b:0x6,SP;mov:g.w:R0,@0xf258:16;bra:#0x0002a4a0:8;clr.w:@0xf258:16;btst.w:0x7,@0xf594:16;beq:#0x0002a4ae:8;clr.w:@0xf256:16;clr.w:@0xf258:16;pjsr:@0x1553d:24;tst.w:R0;beq:#0x0002a4c0:8;mov:g.w:@0xf25a:16,R0;and.w:0x38,R0;beq:#0x0002a4c6:8;clr.w:@(-0x4:8,FP);bra:#0x0002a5a3:16;btst.w:0x0,@0xf25a:16;bne:#0x0002a4d6:8;mov:g.w:@0xf25a:16,R0;and.w:0x3,R0;beq:#0x0002a4df:8;mov:g.w:@0xf2d4:16,R0;mov:f.w:R0,@(-0x4:8,FP);bra:#0x0002a5a3:16;mov:g.w:@0xf1d0:16,R5;tst.b:@0x2c1:16;beq:#0x0002a52d:8;mov:g.w:@0x8dc:16,R0;shll.w:R0;shll.w:R0;mov:g.w:R0,@-SP;mov:g.w:@0x8da:16,R0;shll.w:R0;shll.w:R0;mov:g.w:R0,@-SP;mov:g.w:#0x80:16,@-SP;mov:g.w:@0xf26e:16,R0;mov:g.w:R0,@-SP;pjsr:@0x144b4:24;add:q.w:#2,SP;add:g.w:@0xf288:16,R0;shll.w:R0;add:g.w:@0xf280:16,R0;mov:g.w:R0,@-SP;pjsr:@0x14036:24;adds.b:0x4,SP;mov:g.w:R0,@-SP;pjsr:@0x1444c:24;adds.b:0x6,SP;mov:g.w:R0,R2;bra:#0x0002a547:8;mov:g.w:@0xf26e:16,R0;mov:g.w:R0,@-SP;pjsr:@0x144b4:24;add:q.w:#2,SP;mov:g.w:R0,R2;add:g.w:@0xf288:16,R2;add:g.w:@0xf280:16,R2;add:g.w:0x80,R2;mov:g.w:#0x400:16,@-SP;mov:g.w:R5,@-SP;mov:g.w:#0x200:16,@-SP;mov:g.w:R2,@-SP;mov:g.w:@0xf268:16,R0;mov:g.w:R0,@-SP;pjsr:@0x141ba:24;adds.b:0x6,SP;mov:g.w:R0,@-SP;pjsr:@0x141ba:24;adds.b:0x6,SP;mov:f.w:R0,@(-0x4:8,FP);tst.w:@0xf256:16;beq:#0x0002a584:8;mov:g.w:@0xf256:16,R0;mov:g.w:R0,@-SP;mov:f.w:@(-0x4:8,FP),R0;mov:g.w:R0,@-SP;pjsr:@0x14000:24;adds.b:0x4,SP;mov:f.w:R0,@(-0x4:8,FP);tst.w:@0xf258:16;beq:#0x0002a5a3:8;mov:g.w:@0xf258:16,R0;mov:g.w:R0,@-SP;mov:f.w:@(-0x4:8,FP),R0;mov:g.w:R0,@-SP;pjsr:@0x14036:24;adds.b:0x4,SP;mov:f.w:R0,@(-0x4:8,FP);bne:#0x0002a5a3:8;mov:g.w:#0x1:8,@(-0x4:8,FP);btst.w:0x6,@0xf25e:16;beq:#0x0002a5cf:8;mov:g.w:@0xf2aa:16,R0;ldc.b:0x1,DP;tst.b:@(0x1f11:16,R0);ldc.b:0x0,DP;bne:#0x0002a5bc:8;clr.w:@(-0x4:8,FP);cmp:g.w:#0xffff:16,@0xf2aa:16;bhs:#0x0002a5c8:8;add:q.w:#1,@0xf2aa:16;cmp:g.b:#0x4:8,@0xf2aa:16;blo:#0x0002a5d3:8;clr.w:@0xf2aa:16;cmp:g.w:#0xffff:16,@0xf5f4:16;bhs:#0x0002a5df:8;add:q.w:#1,@0xf5f4:16;cmp:g.b:#0x2:8,@0xf5f4:16;blo:#0x0002a5ea:8;clr.w:@0xf5f4:16;btst.w:0x1,@0xf5ee:16;beq:#0x0002a5f5:8;mov:g.w:#0x1:8,@0xf5f4:16;btst.w:0x7,@0xf25e:16;beq:#0x0002a611:8;btst.w:0x0,@0xf25a:16;beq:#0x0002a611:8;tst.w:@0xf2b0:16;bne:#0x0002a60d:8;btst.w:0x1,@0xf5ee:16;bne:#0x0002a611:8;clr.b:R2;bra:#0x0002a639:8;btst.w:0xf,@0xf25a:16;beq:#0x0002a61b:8;mov:e:#0x2:8,R2;bra:#0x0002a639:8;btst.w:0x1,@0xf5ee:16;bne:#0x0002a637:8;mov:g.w:@0xf5ee:16,R0;and.w:0x6,R0;bne:#0x0002a637:8;mov:e:#0x2:8,R2;mov:f.w:@(-0x4:8,FP),R0;shlr.w:R0;shlr.w:R0;mov:f.w:R0,@(-0x4:8,FP);bra:#0x0002a639:8;mov:e:#0x1:8,R2;tst.w:@0xf2b0:16;beq:#0x0002a643:8;add:q.w:#-1,@0xf2b0:16;mov:f.w:@(-0x4:8,FP),R0;mov:g.w:R0,@0xf24e:16;bra:#0x0002a66f:8;btst.w:0x7,@0xf25e:16;beq:#0x0002a667:8;btst.w:0x0,@0xf25a:16;beq:#0x0002a667:8;tst.w:@0xf2b0:16;bne:#0x0002a663:8;btst.w:0x1,@0xf5ee:16;bne:#0x0002a667:8;clr.b:R2;bra:#0x0002a669:8;mov:e:#0x2:8,R2;mov:g.w:@0xf24e:16,R0;mov:f.w:R0,@(-0x4:8,FP);tst.b:R2;beq:#0x0002a789:16;tst.w:@(-0x4:8,FP);beq:#0x0002a789:16;clr.w:R5;mov:g.w:@0xf17a:16,R0;cmp:g.w:@0x806:16,R0;bhi:#0x0002a692:8;mov:g.w:@0x804:16,R5;mov:i:#0x5:16,R0;shll.w:R5;scb/eq:R0,0x0002a68d;mov:g.w:R5,@-SP;mov:g.w:#0xfde8:16,@-SP;mov:f.w:@(-0x4:8,FP),R0;mov:g.w:R0,@-SP;pjsr:@0x2a7f7:24;add:q.w:#2,SP;mov:g.w:R0,@-SP;pjsr:@0x1444c:24;adds.b:0x6,SP;mov:f.w:R0,@(-0x4:8,FP);mov:g.w:R0,@0xf254:16;mov:g.w:R0,@0xf250:16;mov:g.w:#0x4:8,@-SP;mov:g.w:R0,@-SP;pjsr:@0x1405c:24;adds.b:0x4,SP;mov:g.w:R0,@0xf970:16;mov:f.w:@(-0x4:8,FP),R0;mov:g.w:R0,@0xf252:16;mov:g.w:#0x4:8,@-SP;mov:g.w:R0,@-SP;pjsr:@0x1405c:24;adds.b:0x4,SP;mov:g.w:R0,@0xf972:16;cmp:e:#0x1:8,R2;bne:#0x0002a715:8;btst.w:0x7,@0xf31c:16;beq:#0x0002a6f9:8;clr.w:R3;btst.w:0x6,@0xf31c:16;bne:#0x0002a718:8;mov:g.w:@0xf5ea:16,R0;shll.w:R0;mov:g.w:@(0x329e:16,R0),R3;bra:#0x0002a718:8;mov:g.w:@0xf5ea:16,R0;shll.w:R0;mov:g.w:@(0x32a0:16,R0),R3;btst.w:0x6,@0xf31c:16;beq:#0x0002a718:8;mov:g.w:@0xf5ea:16,R0;shll.w:R0;or.w:@(0x329e:16,R0) ,R3;bra:#0x0002a718:8;mov:i:#0xf:16,R3;bclr.w:0x6,@0xf31c:16;mov:g.w:R3,@-SP;mov:f.w:@(-0x4:8,FP),R0;mov:g.w:R0,@-SP;pjsr:@0x2a83b:24;adds.b:0x4,SP;clr.w:R5;clr.w:R2;mov:i:#0x1:16,R0;clr.w:R1;mov:g.w:R2,R4;add:q.w:#-1,R4;bhs:#0x0002a73f:8;shal.w:R0;rotxl.w:R1;scb/f:R4,0x0002a738;mov:g.w:R3,R4;mov:f.w:R1,@(-0x8:8,FP);mov:f.w:R0,@(-0x6:8,FP);clr.w:R1;and.w:R0 ,R4;and.w:@(-0x8:8,FP) ,R1;or.w:R1 ,R4;beq:#0x0002a752:8;add:q.w:#1,R5;add:q.w:#1,R2;cmp:i:#0x4:16,R2;blo:#0x0002a72d:8;mov:g.w:@0xf24e:16,R0;mov:g.w:R0,@-SP;mov:g.w:R5,@-SP;pjsr:@0x1406f:24;adds.b:0x4,SP;mov:g.w:R1,@-SP;mov:g.w:R0,@-SP;mov:g.w:@0xf338:16,R0;mov:g.w:R0,@-SP;mov:g.w:@0xf336:16,R1;mov:g.w:R1,@-SP;pjsr:@0x1401f:24;adds.b:0x8,SP;mov:g.w:R0,@0xf336:16;mov:g.w:R1,@0xf338:16;bra:#0x0002a78d:8;clr.w:@0xf254:16;pjsr:@0x2a882:24;ldm.w:@SP+,(R5 R4 R3 R2 );unlk:FP;prts:;
0002a796,tcu_periodic_timer_update,mov:g.w:R2,@-SP;clr.w:R2;mov:g.w:@0xf5e6:16,R0;and.w:0x5,R0;cmp:i:#0x1:16,R0;bne:#0x0002a7ae:8;clr.w:@0xf5f2:16;mov:i:#0x1:16,R2;tst.w:@0xf5f2:16;beq:#0x0002a7b8:8;add:q.w:#-1,@0xf5f2:16;tst.w:@0xf5f2:16;bne:#0x0002a7ca:8;mov:g.w:@0xf5ee:16,R0;or.w:0x6,R0;mov:g.w:R0,@0xf5ee:16;tst.w:@0xf500:16;beq:#0x0002a7d4:8;add:q.w:#-1,@0xf500:16;tst.w:R2;beq:#0x0002a7e0:8;mov:g.w:@0xf80:16,R0;mov:g.w:R0,@0xf500:16;add:q.w:#1,@0xf5ea:16;cmp:g.b:#0x4:8,@0xf5ea:16;bhs:#0x0002a7ef:8;tst.w:R2;beq:#0x0002a7f3:8;clr.w:@0xf5ea:16;mov:g.w:@SP+,R2;prts:;
0002a7f7,f2cc_offset_accumulate,link:FP,#0x0:8;mov:g.w:R3,@-SP;mov:f.w:@(0x6:8,FP),R3;cmp:g.w:#0x208:16,@(0x6:8,FP);bhi:#0x0002a827:8;mov:f.w:@(0x6:8,FP),R0;shlr.w:R0;shlr.w:R0;shlr.w:R0;ldc.b:0x1,DP;mov:g.b:@(0x1df7:16,R0),R1;extu.b:R1;mov:g.w:R1,@-SP;mov:f.w:@(0x6:8,FP),R1;mov:g.w:R1,@-SP;ldc.b:0x0,DP;pjsr:@0x14000:24;adds.b:0x4,SP;mov:g.w:R0,R3;mov:g.w:@0xf2cc:16,R0;mov:g.w:R0,@-SP;mov:g.w:R3,@-SP;pjsr:@0x14000:24;adds.b:0x4,SP;mov:g.w:@SP+,R3;unlk:FP;prts:;
0002a83b,channel_enable_mask_build_and_dispatch_ff2x_ff3x,link:FP,#0x0:8;mov:g.w:R2,@-SP;mov:f.w:@(0x8:8,FP),R2;and.w:0xf,R2;and.w:@0xf514:16,R2;and.w:@0xf3dc:16,R2;btst.w:0x6,@0xf1f2:16;beq:#0x0002a85d:8;tst.b:@0x2ca:16;beq:#0x0002a85d:8;and.w:@0xf228:16,R2;btst.w:0x2,@0xf1f4:16;beq:#0x0002a867:8;and.w:@0xf730:16,R2;tst.w:@(0x6:8,FP);beq:#0x0002a87d:8;tst.w:R2;beq:#0x0002a87d:8;mov:g.w:R2,@-SP;mov:f.w:@(0x6:8,FP),R0;mov:g.w:R0,@-SP;pjsr:@0x16297:24;adds.b:0x4,SP;mov:g.w:@SP+,R2;unlk:FP;prts:;
0002a882,diag_status_f200_f50e_update,stm:(R2 R3 ),@-SP;pjsr:@0x16410:24;mov:g.w:R0,R2;pjsr:@0x16140:24;mov:g.w:R0,R3;mov:g.w:@0xf50c:16,R0;xor.w:R2 ,R0;and.w:@0xf50c:16,R0;and.w:@0xf50e:16,R0;beq:#0x0002a8b8:8;tst.w:R3;beq:#0x0002a8b4:8;bclr.w:0x1,@0xf200:16;mov:g.w:@0xf50e:16,R0;shll.w:R0;mov:g.w:R0,@0xf50e:16;bra:#0x0002a8b8:8;bset.w:@0xf200:16,0x1;mov:g.w:@0xf50e:16,R0;and.w:0xf,R0;bne:#0x0002a8c7:8;mov:g.w:#0x1:8,@0xf50e:16;mov:g.w:R2,@0xf50c:16;ldm.w:@SP+,(R3 R2 );prts:;
0002a8cf,stub_empty_0x2a8cf,prts:;
0002a8d1,stub_empty_0x2a8d1,prts:;
0002a8d3,sci3_rx_process_tcu_byte,link:FP,#0x0:8;mov:f.w:@(0x6:8,FP),R0;mov:g.w:R0,@-SP;pjsr:@0x15edb:24;add:q.w:#2,SP;mov:f.w:@(0x6:8,FP),R0;cmp:g.w:@0xf39e:16,R0;bne:#0x0002a92d:8;cmp:g.b:#0x2:8,@0xf3d0:16;bne:#0x0002a90c:8;mov:g.w:#0x1:8,@0xf3d0:16;btst.w:0x0,@0xf3ce:16;bne:#0x0002a92d:8;mov:g.w:@0xf398:16,R0;mov:g.w:R0,@-SP;mov:f.w:@(0x6:8,FP),R0;mov:g.w:R0,@-SP;pjsr:@0x15e79:24;adds.b:0x4,SP;bra:#0x0002a92d:8;cmp:g.b:#0x1:8,@0xf3d0:16;bne:#0x0002a92d:8;btst.w:0x0,@0xf3ce:16;bne:#0x0002a92d:8;clr.w:@0xf3d0:16;mov:g.w:@0xf39a:16,R0;mov:g.w:R0,@-SP;mov:g.w:@0xf3a0:16,R0;mov:g.w:R0,@-SP;pjsr:@0x15e17:24;unlk:FP;prts:;
0002a980,tcu_gear_ratio_state_init,mov:g.w:@0xa7c:16,R0;mov:g.w:R0,@0xee84:16;mov:g.w:@0xaae:16,R0;mov:g.w:R0,@0xee86:16;mov:g.w:#0x1:8,@0xee88:16;prts:;
0002a997,throttle_idle_state_cold_init,mov:g.w:#0xffff:16,@0xf1e4:16;btst.w:0x1,@0xf102:16;beq:#0x0002a9a7:8;bset.w:@0xf20a:16,0xf;mov:g.w:#0x6:8,@0xef8c:16;bset.w:@0xf20a:16,0x0;mov:g.w:#0x64:8,@0xef8e:16;mov:g.w:#0x80:16,@-SP;mov:g.w:@0xf13c:16,R0;add:g.w:@0xee82:16,R0;mov:g.w:R0,@-SP;pjsr:@0x14036:24;adds.b:0x4,SP;mov:g.w:R0,@-SP;pjsr:@0x1442d:24;add:q.w:#2,SP;mov:g.w:R0,@0xf13e:16;mov:g.w:@0xf13e:16,R0;mov:g.w:R0,@0xf140:16;mov:g.w:@0xf13c:16,R0;mov:g.w:R0,@0xf14a:16;mov:g.w:R0,@0xf148:16;mov:g.w:R0,@0xf146:16;mov:g.w:R0,@0xf144:16;mov:g.w:R0,@0xf142:16;mov:g.w:R0,@0xf31a:16;mov:g.w:#0x14:8,@0xeff2:16;mov:g.w:#0x80:16,@0xf4f8:16;clr.w:@0xf4fc:16;mov:g.w:#0xffff:16,@0xf4fa:16;mov:g.w:#0xc0:16,@0xf4ae:16;mov:g.w:#0x18:8,@0xf4a8:16;mov:g.w:#0xffff:16,@0xf514:16;bset.w:@0xee88:16,0x0;mov:g.w:@0xaae:16,R0;mov:g.w:R0,@0xf16c:16;mov:g.w:@0xab2:16,R0;mov:g.w:R0,@0xef9a:16;prts:;
0002aa36,tcu_rx_main_scheduler,link:FP,#-0x4:8;stm:(R2 R3 R5 ),@-SP;stc.w:SR,@-SP;orc.w:0x700,SR;andc.w:0xfeff,SR;ldc.b:0x0,DP;add:q.w:#1,@0xf73c:16;tst.w:@0xf2d6:16;beq:#0x0002aa55:8;add:q.w:#-1,@0xf2d6:16;pjsr:@0x1615c:24;mov:g.w:@0xf104:16,R0;mov:g.w:R0,@0xf106:16;mov:g.w:@0xf102:16,R0;mov:g.w:R0,@0xf104:16;pjsr:@0x15477:24;pjsr:@0x16c13:24;btst.w:0x6,@0xf102:16;beq:#0x0002aaa7:8;btst.w:0x0,@0xf102:16;beq:#0x0002aaa7:8;btst.w:0x7,@0xf340:16;beq:#0x0002aaa7:8;cmp:g.w:#0xff:16,@0xf13a:16;bhs:#0x0002aaa7:8;clr.w:@0xf3cc:16;bclr.w:0x0,@0xf3ce:16;pjsr:@0x16a97:24;tst.w:R0;beq:#0x0002aaa7:8;mov:g.w:@0xf39e:16,R0;mov:g.w:R0,@-SP;pjsr:@0x15f1a:24;add:q.w:#2,SP;tst.b:@0x2c2:16;beq:#0x0002abc2:16;tst.w:@0xf4fc:16;beq:#0x0002aab8:8;add:q.w:#-1,@0xf4fc:16;mov:g.w:@0xf4fa:16,R0;shll.w:R0;mov:g.w:R0,@0xf4fa:16;btst.w:0x4,@0xf102:16;beq:#0x0002aacc:8;bset.w:@0xf4fa:16,0x0;mov:g.w:@0xf102:16,R0;and.w:0x4000,R0;beq:#0x0002aad9:8;mov:i:#0x1:16,R0;mov:g.w:@0xf4f8:16,R1;and.w:0x20,R1;beq:#0x0002aae6:8;mov:i:#0x1:16,R1;xor.w:R0 ,R1;beq:#0x0002aaf8:8;cmp:g.w:#0xffff:16,@0xf4fe:16;bhs:#0x0002aafc:8;add:q.w:#1,@0xf4fe:16;bra:#0x0002aafc:8;clr.w:@0xf4fe:16;btst.w:0x5,@0xf4f8:16;beq:#0x0002ab0f:8;cmp:g.b:#0x28:8,@0xf4fe:16;bhi:#0x0002ab57:16;mov:e:#0x5:8,R2;bra:#0x0002ab5d:16;cmp:g.b:#0x28:8,@0xf4fe:16;bhi:#0x0002ab2c:8;btst.w:0x7,@0xf4f8:16;beq:#0x0002ab34:8;tst.w:@0xf4fc:16;beq:#0x0002ab26:8;mov:e:#0x1:8,R2;bra:#0x0002ab5d:8;tst.w:@0xf4fe:16;beq:#0x0002ab30:8;mov:e:#0x6:8,R2;bra:#0x0002ab5d:8;mov:e:#0x4:8,R2;bra:#0x0002ab5d:8;btst.w:0x6,@0xf4f8:16;beq:#0x0002ab4c:8;cmp:g.w:#0xffff:16,@0xf4fa:16;bne:#0x0002ab5b:8;tst.w:@0xf4fc:16;beq:#0x0002ab57:8;mov:e:#0x3:8,R2;bra:#0x0002ab5d:8;mov:g.w:@0xf4fa:16,R2;beq:#0x0002ab57:8;cmp:i:#0xffff:16,R2;bne:#0x0002ab5b:8;mov:e:#0x2:8,R2;bra:#0x0002ab5d:8;clr.b:R2;cmp:e:#0x6:8,R2;bne:#0x0002ab6c:8;mov:g.w:#0x20:8,@0xf4f8:16;clr.w:@0xf4fe:16;bra:#0x0002ab8c:8;cmp:e:#0x5:8,R2;bne:#0x0002ab77:8;mov:g.w:#0x20:8,@0xf4f8:16;bra:#0x0002abac:8;cmp:e:#0x2:8,R2;bne:#0x0002ab82:8;mov:g.w:#0x8:8,@0xf4fc:16;bra:#0x0002ab86:8;cmp:e:#0x1:8,R2;bne:#0x0002ab92:8;mov:g.w:#0x80:16,@0xf4f8:16;bset.w:@0xf0ea:16,0x4;bra:#0x0002abb0:8;cmp:e:#0x4:8,R2;bne:#0x0002aba3:8;mov:g.w:#0xffff:16,@0xf4fa:16;mov:g.w:#0xc:8,@0xf4fc:16;bra:#0x0002aba7:8;cmp:e:#0x3:8,R2;bne:#0x0002abb6:8;mov:g.w:#0x40:8,@0xf4f8:16;bclr.w:0x4,@0xf0ea:16;bclr.w:0x5,@0xf0ea:16;bra:#0x0002abc2:8;clr.w:@0xf4f8:16;bclr.w:0x4,@0xf0ea:16;bset.w:@0xf0ea:16,0x5;ldc.w:@SP+ ,SR;ldc.b:0x0,DP;btst.w:0xd,@0xf1f2:16;beq:#0x0002abf3:8;mov:g.w:@0xf4a2:16,R0;and.w:0x3,R0;bne:#0x0002abf3:8;tst.w:@0xf4a8:16;beq:#0x0002abe1:8;add:q.w:#-1,@0xf4a8:16;mov:g.w:@0xf4a8:16,R0;cmp:g.w:@0xf4aa:16,R0;bhi:#0x0002abf3:8;bclr.w:0x2,@0xf0ea:16;bset.w:@0xf0ea:16,0x3;btst.w:0xd,@0xf1f2:16;bne:#0x0002abff:8;tst.b:@0x2c8:16;beq:#0x0002ac15:8;stc.w:SR,@-SP;orc.w:0x700,SR;andc.w:0xfeff,SR;ldc.b:0x0,DP;pjsr:@0x16680:24;ldc.w:@SP+ ,SR;ldc.b:0x0,DP;tst.b:@0x2eb:16;beq:#0x0002ac4b:8;stc.w:SR,@-SP;orc.w:0x700,SR;andc.w:0xfeff,SR;ldc.b:0x0,DP;tst.w:@0xf4f4:16;beq:#0x0002ac34:8;bset.w:@0xf0ec:16,0x0;bra:#0x0002ac38:8;bclr.w:0x0,@0xf0ec:16;pjsr:@0x15877:24;tst.w:@0xf4f4:16;beq:#0x0002ac46:8;add:q.w:#-1,@0xf4f4:16;ldc.w:@SP+ ,SR;ldc.b:0x0,DP;btst.w:0x0,@0xf73c:16;bne:#0x0002ad05:16;tst.w:@0xf1ec:16;beq:#0x0002ac5c:8;add:q.w:#-1,@0xf1ec:16;tst.w:@0xf1e2:16;beq:#0x0002ac66:8;add:q.w:#-1,@0xf1e2:16;tst.w:@0xf1ee:16;beq:#0x0002ac70:8;add:q.w:#-1,@0xf1ee:16;mov:g.w:@0xf20a:16,R2;btst.w:0x1,@0xf102:16;beq:#0x0002ac7e:8;bset.w:R2,0xf;bra:#0x0002ac80:8;bclr.w:0xf,R2;mov:g.w:R2,R0;xor.w:@0xf20a:16,R0;btst.w:0xf,R0;beq:#0x0002acb3:8;mov:g.w:@0xa98:16,R0;mov:g.w:R0,@0xf1ec:16;btst.w:0xf,R2;beq:#0x0002acbf:8;mov:g.w:@0xf1e2:16,R0;mov:g.w:R0,@-SP;mov:g.w:#0xe2:16,@-SP;pjsr:@0x14036:24;adds.b:0x4,SP;mov:g.w:R0,@0xf1e4:16;mov:g.w:#0xe2:16,@0xf1e2:16;bra:#0x0002acbf:8;tst.w:@0xf1e2:16;bne:#0x0002acbf:8;mov:g.w:#0xffff:16,@0xf1e4:16;mov:g.w:R2,@0xf20a:16;tst.w:@0xf1ee:16;bne:#0x0002acdf:8;mov:g.w:#0x11b:16,@0xf1ee:16;mov:g.w:@0xf1e8:16,R0;mov:g.w:R0,@0xf1ea:16;pjsr:@0x16c09:24;mov:g.w:R0,@0xf1e8:16;cmp:g.w:#0xffff:16,@0xf590:16;bhs:#0x0002aceb:8;add:q.w:#1,@0xf590:16;cmp:g.w:#0xffff:16,@0xf592:16;bhs:#0x0002acf7:8;add:q.w:#1,@0xf592:16;tst.w:@0xf598:16;beq:#0x0002ad01:8;add:q.w:#-1,@0xf598:16;pjsr:@0x287af:24;mov:g.w:@0xf73c:16,R0;and.w:0x3,R0;bne:#0x0002b32b:16;pjsr:@0x15689:24;mov:g.w:#0x80:16,@-SP;mov:g.w:@0xf13c:16,R0;add:g.w:@0xee82:16,R0;mov:g.w:R0,@-SP;pjsr:@0x14036:24;adds.b:0x4,SP;mov:g.w:R0,@-SP;pjsr:@0x1442d:24;add:q.w:#2,SP;mov:g.w:R0,@0xf13e:16;btst.w:0x3,@0xf1f4:16;beq:#0x0002aeb0:16;mov:g.w:@0xf13c:16,R2;cmp:g.w:@0xaae:16,R2;bls:#0x0002ad4a:8;bclr.w:0x2,@0xee88:16;mov:g.w:@0xf25a:16,R0;and.w:0x11,R0;bne:#0x0002ad7f:8;mov:g.w:@0xef6a:16,R0;cmp:g.w:@0xab6:16,R0;bls:#0x0002ad7f:8;mov:g.w:@0xf13a:16,R0;cmp:g.w:@0xab4:16,R0;bls:#0x0002ad7f:8;cmp:g.w:@0xab0:16,R2;blo:#0x0002ad7f:8;cmp:g.w:@0xaae:16,R2;bhi:#0x0002ad7f:8;btst.w:0x2,@0xf0f8:16;bne:#0x0002ad7f:8;mov:i:#0x1:16,R3;bra:#0x0002ad83:8;clr.w:R3;bra:#0x0002adbc:8;btst.w:0x1,@0xee88:16;bne:#0x0002adbc:8;mov:g.w:@0xf73c:16,R0;and.w:0x7f,R0;bne:#0x0002adbc:8;cmp:g.w:@0xee86:16,R2;bhi:#0x0002adbc:8;mov:g.w:@0xaba:16,R0;mov:g.w:R0,@-SP;mov:g.w:@0xee86:16,R0;mov:g.w:R0,@-SP;pjsr:@0x14036:24;adds.b:0x4,SP;mov:g.w:R0,R5;cmp:g.w:R2,R5;blo:#0x0002adb8:8;mov:g.w:R5,@0xee86:16;bra:#0x0002adbc:8;mov:g.w:R2,@0xee86:16;mov:g.w:@0xab8:16,R0;mov:g.w:R0,@-SP;mov:g.w:@0xf16c:16,R0;mov:g.w:R0,@-SP;pjsr:@0x14000:24;adds.b:0x4,SP;mov:g.w:R0,R5;tst.w:R3;beq:#0x0002ae36:16;cmp:g.w:@0xf16c:16,R2;blo:#0x0002ae36:8;cmp:g.w:R5,R2;bhi:#0x0002ae36:8;tst.w:@0xef9a:16;bne:#0x0002ae42:8;mov:g.w:@0xab2:16,R0;mov:g.w:R0,@0xef9a:16;mov:g.w:@0xee86:16,R0;cmp:g.w:@0xf16c:16,R0;bhs:#0x0002ae28:8;btst.w:0x2,@0xee88:16;bne:#0x0002ae42:8;mov:g.w:@0xee88:16,R0;or.w:0x6,R0;mov:g.w:R0,@0xee88:16;mov:g.w:#0x1:8,@-SP;mov:g.w:@0xee86:16,R0;mov:g.w:R0,@-SP;pjsr:@0x14000:24;adds.b:0x4,SP;mov:g.w:R0,R5;cmp:g.w:@0xf16c:16,R5;bhs:#0x0002ae2c:8;mov:g.w:R5,@0xee86:16;bra:#0x0002ae3e:8;bset.w:@0xee88:16,0x1;mov:g.w:@0xf16c:16,R0;mov:g.w:R0,@0xee86:16;bra:#0x0002ae3e:8;mov:g.w:@0xab2:16,R0;mov:g.w:R0,@0xef9a:16;mov:g.w:R2,@0xf16c:16;mov:g.w:@0xaaa:16,R0;mov:g.w:R0,@-SP;mov:g.w:@0xee86:16,R0;mov:g.w:R0,@-SP;pjsr:@0x14000:24;adds.b:0x4,SP;mov:g.w:R0,R5;mov:g.w:@0xaac:16,R0;mov:g.w:R0,@-SP;mov:g.w:R5,@-SP;pjsr:@0x14036:24;adds.b:0x4,SP;mov:g.w:R0,R3;btst.w:0x3,@0xee88:16;beq:#0x0002ae78:8;cmp:g.w:R3,R2;bhi:#0x0002ae80:8;bclr.w:0x3,@0xee88:16;bra:#0x0002ae80:8;cmp:g.w:R5,R2;bls:#0x0002ae80:8;bset.w:@0xee88:16,0x3;btst.w:0x6,@0xf1fe:16;bne:#0x0002ae98:8;btst.w:0x3,@0xee88:16;beq:#0x0002ae92:8;bclr.w:0x0,@0xee88:16;bra:#0x0002aeac:8;bset.w:@0xee88:16,0x0;bra:#0x0002aea6:8;bclr.w:0x0,@0xee88:16;mov:g.w:@0xf13c:16,R0;cmp:g.w:@0xabe:16,R0;bls:#0x0002aeac:8;bset.w:@0xf0ea:16,0xa;bra:#0x0002aeb0:8;bclr.w:0xa,@0xf0ea:16;mov:g.w:#0xef6a:16,@-SP;mov:g.w:#0xef64:16,@-SP;pjsr:@0x1454c:24;adds.b:0x4,SP;mov:g.w:#0xef90:16,@-SP;mov:g.w:#0xef7a:16,@-SP;pjsr:@0x1452d:24;adds.b:0x4,SP;tst.w:@0xef8c:16;bne:#0x0002aef9:8;mov:g.w:#0x5:8,@0xef8c:16;add:q.w:#1,@0xf73e:16;bset.w:@0xf20a:16,0x0;btst.w:0x0,@0xf73e:16;bne:#0x0002aeeb:8;bset.w:@0xf20a:16,0x1;mov:g.w:@0xf73e:16,R0;and.w:0x3,R0;bne:#0x0002aef9:8;bset.w:@0xf20a:16,0x2;tst.w:@0xef8e:16;bne:#0x0002af4e:8;mov:g.w:#0x64:8,@0xef8e:16;add:q.w:#1,@0xf740:16;bset.w:@0xf20a:16,0x3;btst.w:0x0,@0xf740:16;bne:#0x0002af16:8;bset.w:@0xf20a:16,0x4;mov:g.w:@0xf740:16,R0;and.w:0x3,R0;bne:#0x0002af24:8;bset.w:@0xf20a:16,0x5;stc.w:SR,@-SP;orc.w:0x700,SR;andc.w:0xfeff,SR;ldc.b:0x0,DP;mov:g.w:@0xf336:16,R0;mov:g.w:@0xf338:16,R1;mov:g.w:R0,@0xf33a:16;mov:g.w:R1,@0xf33c:16;clr.w:@0xf336:16;clr.w:@0xf338:16;ldc.w:@SP+ ,SR;ldc.b:0x0,DP;tst.w:@0xef98:16;bne:#0x0002af65:8;stc.w:SR,@-SP;orc.w:0x700,SR;andc.w:0xfeff,SR;ldc.b:0x0,DP;pjsr:@0x15a76:24;tst.w:@0xef7a:16;beq:#0x0002af6f:8;pjsr:@0x15897:24;btst.w:0x7,@0xf1f2:16;beq:#0x0002afbe:8;tst.w:@0xef88:16;bne:#0x0002af97:8;stc.w:SR,@-SP;orc.w:0x700,SR;andc.w:0xfeff,SR;ldc.b:0x0,DP;tst.w:@0xf3a2:16;beq:#0x0002af92:8;add:q.w:#-1,@0xf3a2:16;ldc.w:@SP+ ,SR;ldc.b:0x0,DP;mov:g.w:@0xb1c:16,R2;tst.w:@0xefc2:16;beq:#0x0002afa5:8;mov:g.w:@0xb1e:16,R2;btst.w:0x7,@0xf3a4:16;bne:#0x0002afae:8;mov:i:#0x2:16,R2;tst.w:@0xef88:16;beq:#0x0002afba:8;cmp:g.w:@0xef88:16,R2;bhs:#0x0002afbe:8;mov:g.w:R2,@0xef88:16;btst.w:0x7,@0xf3f6:16;beq:#0x0002afd4:8;mov:g.w:@0xf13a:16,R0;cmp:g.w:@0xd4e:16,R0;bhi:#0x0002afe2:8;bclr.w:0x7,@0xf3f6:16;bra:#0x0002afe2:8;mov:g.w:@0xf13a:16,R0;cmp:g.w:@0xd50:16,R0;bls:#0x0002afe2:8;bset.w:@0xf3f6:16,0x7;btst.w:0x7,@0xf3f6:16;beq:#0x0002b05e:16;mov:i:#0x3:16,R2;btst.w:0x7,@0xeed0:16;beq:#0x0002aff5:8;mov:i:#0x4:16,R2;cmp:g.w:#0xffff:16,@0xf3f8:16;bhs:#0x0002b001:8;add:q.w:#1,@0xf3f8:16;cmp:g.w:@0xf3f8:16,R2;bhi:#0x0002b062:8;mov:g.w:@0xeed4:16,R2;extu.b:R2;mov:g.w:R2,@-SP;pjsr:@0x1450b:24;add:q.w:#2,SP;cmp:g.w:@0xeed4:16,R0;bne:#0x0002b062:8;cmp:g.w:@0xf40a:16,R2;beq:#0x0002b062:8;cmp:g.w:@0xf40a:16,R2;bhs:#0x0002b02f:8;add:q.w:#1,R2;add:q.w:#1,@0xeed2:16;bra:#0x0002b035:8;add:q.w:#-1,R2;add:q.w:#-1,@0xeed2:16;stc.w:SR,@-SP;orc.w:0x700,SR;andc.w:0xfeff,SR;mov:g.w:R2,@-SP;ldc.b:0x0,DP;pjsr:@0x1450b:24;add:q.w:#2,SP;mov:g.w:R0,@0xeed4:16;pjsr:@0x158a7:24;ldc.w:@SP+ ,SR;ldc.b:0x0,DP;mov:g.w:#0x1:8,@0xf3f8:16;bra:#0x0002b062:8;clr.w:@0xf3f8:16;clr.w:R5;mov:g.w:@0xf13e:16,R2;cmp:g.b:#0x1:8,@0x2f8:16;bne:#0x0002b085:8;btst.w:0xc,@0xf20a:16;beq:#0x0002b07d:8;cmp:g.w:@0xde4:16,R2;bhi:#0x0002b095:8;bra:#0x0002b091:8;cmp:g.w:@0xde2:16,R2;bls:#0x0002b095:8;bra:#0x0002b08b:8;cmp:g.w:@0xde2:16,R2;blo:#0x0002b091:8;bset.w:@0xf20a:16,0xc;bra:#0x0002b095:8;bclr.w:0xc,@0xf20a:16;btst.w:0x4,@0xf25a:16;bne:#0x0002b0e1:8;mov:g.w:@0xf17a:16,R0;cmp:g.w:@0xdea:16,R0;blo:#0x0002b0af:8;mov:g.w:@0xf186:16,R0;cmp:g.w:@0xdec:16,R0;bhs:#0x0002b0c7:8;btst.w:0x3,@0xf1f4:16;beq:#0x0002b0bf:8;mov:g.w:@0xee88:16,R5;and.w:0x1,R5;bra:#0x0002b0c7:8;mov:g.w:@0xf102:16,R5;and.w:0x80,R5;cmp:g.w:@0xdde:16,R2;blo:#0x0002b0d5:8;cmp:g.w:@0xf140:16,R2;blo:#0x0002b11b:8;bra:#0x0002b0e1:8;cmp:g.w:@0xde0:16,R2;blo:#0x0002b100:8;cmp:g.w:@0xf140:16,R2;blo:#0x0002b0e7:8;clr.w:@0xefea:16;bra:#0x0002b11b:8;mov:g.w:@0xf140:16,R0;sub.w:R2,R0;cmp:g.w:@0xde6:16,R0;blo:#0x0002b11b:8;mov:i:#0x1:16,R5;mov:g.w:@0xde8:16,R0;mov:g.w:R0,@0xefea:16;bra:#0x0002b11b:8;btst.w:0xc,@0xf20a:16;beq:#0x0002b10e:8;tst.w:@0xefea:16;beq:#0x0002b11b:8;bra:#0x0002b118:8;mov:g.w:@0xf13c:16,R0;cmp:g.w:@0xf72:16,R0;blo:#0x0002b11b:8;mov:i:#0x1:16,R5;tst.w:R5;beq:#0x0002b125:8;bset.w:@0xf0ea:16,0x0;bra:#0x0002b129:8;bclr.w:0x0,@0xf0ea:16;mov:g.w:@0xf13e:16,R0;mov:g.w:R0,@0xf140:16;btst.w:0xd,@0xf1f2:16;bne:#0x0002b13e:8;tst.b:@0x2c8:16;beq:#0x0002b207:16;tst.w:@0xef8a:16;bne:#0x0002b207:16;mov:g.w:#0x4:8,@0xef8a:16;mov:g.w:@0xf4d2:16,R0;add:q.w:#1,R0;mov:g.w:R0,@0xf4d2:16;bne:#0x0002b15a:8;add:q.w:#-1,@0xf4d2:16;btst.w:0x7,@0xf4a4:16;bne:#0x0002b1b1:8;cmp:g.b:#0x5:8,@0xf4ce:16;bne:#0x0002b1b1:8;mov:g.w:@0xf4c4:16,R0;add:g.w:@0xf4c6:16,R0;add:g.w:@0xf4c8:16,R0;add:g.w:@0xf4ca:16,R0;extu.b:R0;cmp:g.w:@0xf4cc:16,R0;bne:#0x0002b1b1:8;mov:g.w:@0xf4c4:16,R0;mov:g.w:R0,@0xf4bc:16;mov:g.w:@0xf4c6:16,R0;mov:g.w:R0,@0xf4be:16;mov:g.w:@0xf4c8:16,R0;mov:g.w:R0,@0xf4c0:16;mov:g.w:@0xf4ca:16,R0;mov:g.w:R0,@0xf4c2:16;clr.w:@0xf4d2:16;mov:g.w:@0xf4c0:16,R0;and.w:0x7,R0;beq:#0x0002b1b1:8;bset.w:@0xf4a4:16,0x2;btst.w:0x1,@0xf0f8:16;beq:#0x0002b1c3:8;btst.w:0x6,@0xf0f8:16;bne:#0x0002b1c3:8;btst.w:0x7,@0xf3f6:16;bne:#0x0002b1ca:8;mov:g.w:#0x14:8,@0xeff2:16;bra:#0x0002b1d0:8;tst.w:@0xeff2:16;beq:#0x0002b1d4:8;clr.w:@0xf4d2:16;cmp:g.b:#0x32:8,@0xf4d2:16;blo:#0x0002b1ed:8;bset.w:@0xf4a4:16,0x7;mov:g.w:#0x80:16,@0xf4bc:16;clr.w:@0xf4c0:16;clr.w:@0xf4c2:16;tst.w:@0xef90:16;bne:#0x0002b1ff:8;mov:g.w:@0xf4a4:16,R0;and.w:0xff3e,R0;mov:g.w:R0,@0xf4a4:16;clr.w:@0xf4ce:16;pjsr:@0x16600:24;pjsr:@0x15c6c:24;bra:#0x0002b32b:16;stc.w:SR,@-SP;orc.w:0x700,SR;andc.w:0xfeff,SR;ldc.b:0x0,DP;btst.w:0x0,@0xf20c:16;bne:#0x0002b295:16;tst.w:R5;beq:#0x0002b24c:8;mov:g.w:@0xf12e:16,R0;cmp:g.w:@0xf1a0:16,R0;blo:#0x0002b239:8;mov:g.w:@0xf12e:16,R0;mov:g.w:R0,@0xf1a0:16;nop:;mov:g.w:@0xf12e:16,R0;cmp:g.w:@0xf1a2:16,R0;bhs:#0x0002b24c:8;mov:g.w:@0xf12e:16,R0;mov:g.w:R0,@0xf1a2:16;nop:;btst.w:0xe,@0xf20a:16;bne:#0x0002b28a:8;btst.w:0x6,@0xf102:16;bne:#0x0002b28a:8;tst.w:R5;beq:#0x0002b28a:8;tst.w:@0xef80:16;bne:#0x0002b30d:16;mov:g.w:@0xf1a0:16,R0;sub.w:@0xf1a2:16,R0;cmp:g.w:@0xa88:16,R0;bhi:#0x0002b30d:16;mov:g.w:@0xa86:16,R0;mov:g.w:R0,@-SP;mov:g.w:@0xf12e:16,R0;mov:g.w:R0,@-SP;pjsr:@0x14036:24;adds.b:0x4,SP;mov:g.w:R0,R2;bra:#0x0002b309:16;mov:g.w:@0xa84:16,R0;mov:g.w:R0,@0xef80:16;bra:#0x0002b30d:16;tst.w:R5;beq:#0x0002b2ad:8;mov:g.w:@0xf17a:16,R0;cmp:g.w:@0xa80:16,R0;blo:#0x0002b2ad:8;cmp:g.w:@0xf19c:16,R2;bhi:#0x0002b2ad:8;mov:g.w:@0xf19c:16,R2;btst.w:0xe,@0xf20a:16;bne:#0x0002b30d:8;btst.w:0x1,@0xf20c:16;bne:#0x0002b30d:8;tst.w:R5;beq:#0x0002b2d0:8;mov:g.w:@0xf12e:16,R0;cmp:g.w:@0xf1a0:16,R0;blo:#0x0002b2d0:8;mov:g.w:@0xf12e:16,R0;mov:g.w:R0,@0xf1a0:16;nop:;tst.w:@0xef80:16;bne:#0x0002b30d:8;tst.w:@0xf1a0:16;beq:#0x0002b30d:8;mov:g.w:@0xf1a0:16,R0;cmp:g.w:@0xf1a2:16,R0;blo:#0x0002b30d:8;mov:g.w:@0xf1a0:16,R0;sub.w:@0xf1a2:16,R0;cmp:g.w:@0xa8c:16,R0;bhi:#0x0002b30d:8;mov:g.w:@0xa8a:16,R0;mov:g.w:R0,@-SP;mov:g.w:@0xf1a0:16,R0;mov:g.w:R0,@-SP;pjsr:@0x14000:24;adds.b:0x4,SP;mov:g.w:R0,R2;bset.w:@0xf20a:16,0xe;ldc.w:@SP+ ,SR;ldc.b:0x0,DP;mov:g.w:@0xa8e:16,R0;mov:g.w:R0,@-SP;mov:g.w:@0xa90:16,R0;mov:g.w:R0,@-SP;mov:g.w:R2,@-SP;pjsr:@0x1444c:24;adds.b:0x6,SP;mov:g.w:R0,@0xee84:16;mov:g.w:@0xf73c:16,R0;and.w:0x7,R0;bne:#0x0002b6ea:16;btst.w:0xd,@0xf1f2:16;beq:#0x0002b550:16;tst.w:@0xf4b2:16;beq:#0x0002b347:8;add:q.w:#-1,@0xf4b2:16;mov:g.w:@0xf4be:16,R0;and.w:0xc0,R0;cmp:i:#0xc0:16,R0;beq:#0x0002b368:8;tst.w:@0xf4b2:16;bne:#0x0002b360:8;btst.w:0x7,@0xf4a6:16;bne:#0x0002b368:8;mov:g.w:@0xe5c:16,R0;mov:g.w:R0,@0xf4b2:16;mov:g.w:@0xf4a2:16,R0;and.w:0x3,R0;beq:#0x0002b399:8;btst.w:0x1,@0xf4a2:16;beq:#0x0002b382:8;bset.w:@0xf0ea:16,0x2;bclr.w:0x3,@0xf0ea:16;bra:#0x0002b38a:8;bclr.w:0x2,@0xf0ea:16;bset.w:@0xf0ea:16,0x3;clr.w:@0xf4a8:16;clr.w:@0xf4aa:16;clr.w:@0xf4a6:16;bra:#0x0002b550:16;btst.w:0x7,@0xf3f6:16;beq:#0x0002b42b:16;btst.w:0x5,@0xf4ae:16;beq:#0x0002b42b:16;clr.w:R5;mov:g.w:@0xf4a8:16,R0;cmp:g.w:@0xf4aa:16,R0;bhi:#0x0002b3c5:8;mov:g.w:@0xf4aa:16,R0;sub.w:@0xf4a8:16,R0;cmp:i:#0x9:16,R0;blo:#0x0002b3d1:8;mov:i:#0x6:16,R5;bra:#0x0002b3d1:8;mov:i:#0x3:16,R5;btst.w:0x7,@0xf4a6:16;beq:#0x0002b3d1:8;mov:i:#0xc:16,R5;tst.w:R5;beq:#0x0002b42b:16;clr.w:R2;btst.w:0x3,R5;beq:#0x0002b3e5:8;btst.w:0x8,@0xf102:16;bne:#0x0002b3e5:8;mov:i:#0x8:16,R2;btst.w:0x2,R5;beq:#0x0002b3f1:8;btst.w:0x9,@0xf102:16;bne:#0x0002b3f1:8;bset.w:R2,0x2;btst.w:0x1,R5;beq:#0x0002b3fd:8;btst.w:0x8,@0xf102:16;beq:#0x0002b3fd:8;bset.w:R2,0x1;btst.w:0x0,R5;beq:#0x0002b409:8;btst.w:0x9,@0xf102:16;beq:#0x0002b409:8;bset.w:R2,0x0;mov:g.w:R2,R0;and.w:@0xf4b0:16,R0;or.w:@0xf4ae:16,R0;mov:g.w:R0,@0xf4ae:16;mov:g.w:R2,@0xf4b0:16;btst.w:0x7,@0xf4ae:16;beq:#0x0002b427:8;bclr.w:0x7,@0xf4ae:16;bra:#0x0002b42b:8;bclr.w:0x6,@0xf4ae:16;btst.w:0x8,@0xf224:16;beq:#0x0002b435:8;bset.w:@0xf4ae:16,0x5;mov:g.w:@0xf4ae:16,R0;and.w:0xc0,R0;beq:#0x0002b450:8;btst.w:0x5,@0xf4ae:16;beq:#0x0002b450:8;mov:i:#0x18:16,R5;clr.w:R2;mov:i:#0x80:16,R3;bra:#0x0002b525:16;btst.w:0x7,@0xf4a2:16;bne:#0x0002b460:8;mov:i:#0x18:16,R5;clr.w:R2;clr.w:R3;bra:#0x0002b525:16;mov:g.w:@0xf13e:16,R0;cmp:g.w:@0xf4ac:16,R0;blo:#0x0002b47d:8;mov:i:#0x80:16,R3;mov:g.w:@0xf13e:16,R5;sub.w:@0xf4ac:16,R5;mov:g.w:@0xe54:16,R0;mov:f.w:R0,@(-0x2:8,FP);bra:#0x0002b48d:8;clr.w:R3;mov:g.w:@0xf4ac:16,R5;sub.w:@0xf13e:16,R5;mov:g.w:@0xe52:16,R0;mov:f.w:R0,@(-0x2:8,FP);clr.b:R2;cmp:g.w:@(-0x2:8,FP),R5;bls:#0x0002b4a6:8;tst.w:@0xf4a8:16;bne:#0x0002b49e:8;mov:e:#0x2:8,R2;bra:#0x0002b4a6:8;cmp:g.w:@0xf4a6:16,R3;bne:#0x0002b4a6:8;mov:e:#0x1:8,R2;tst.b:R2;bne:#0x0002b4b1:8;clr.w:R5;mov:i:#0x18:16,R2;bra:#0x0002b4bd:8;cmp:e:#0x1:8,R2;bne:#0x0002b4c3:8;mov:g.w:@0xf4a8:16,R5;mov:g.w:@0xf4aa:16,R2;mov:g.w:@0xf4a6:16,R3;bra:#0x0002b525:8;mov:g.w:R5,@0xf0be:16;mov:g.w:#0xd548:16,@-SP;mov:g.w:#0x2:8,@-SP;pjsr:@0x14735:24;adds.b:0x4,SP;btst.w:0x7,R3;beq:#0x0002b4ef:8;mov:g.w:#0x2cd2:16,@-SP;mov:g.w:#0x1:8,@-SP;pjsr:@0x14656:24;adds.b:0x4,SP;mov:g.w:R0,R2;mov:g.w:@0xe58:16,R5;bra:#0x0002b50f:8;mov:g.w:#0x2cbc:16,@-SP;mov:g.w:#0x1:8,@-SP;pjsr:@0x14656:24;adds.b:0x4,SP;mov:g.w:R0,R2;tst.w:@0xf4b2:16;beq:#0x0002b50b:8;mov:g.w:@0xe56:16,R5;bra:#0x0002b50f:8;mov:g.w:@0xe5a:16,R5;cmp:g.w:@0xf4a6:16,R3;beq:#0x0002b522:8;mov:g.w:R5,@-SP;mov:g.w:R2,@-SP;pjsr:@0x14036:24;adds.b:0x4,SP;mov:g.w:R0,R2;mov:i:#0x18:16,R5;mov:g.w:R5,@0xf4a8:16;mov:g.w:R2,@0xf4aa:16;mov:g.w:R3,@0xf4a6:16;cmp:i:#0x18:16,R2;bhs:#0x0002b550:8;cmp:g.w:R2,R5;bls:#0x0002b550:8;btst.w:0x7,R3;beq:#0x0002b548:8;bset.w:@0xf0ea:16,0x2;bset.w:@0xf0ea:16,0x3;bra:#0x0002b550:8;bclr.w:0x2,@0xf0ea:16;bclr.w:0x3,@0xf0ea:16;tst.b:@0x2ea:16;beq:#0x0002b596:8;tst.b:@0x2c8:16;bne:#0x0002b596:8;mov:g.w:@0xf4d6:16,R2;btst.w:0x4,R2;bne:#0x0002b56a:8;clr.w:@0xf4d4:16;bra:#0x0002b574:8;tst.w:@0xf4d4:16;beq:#0x0002b574:8;add:q.w:#-1,@0xf4d4:16;mov:g.w:R2,R0;and.w:0x13,R0;beq:#0x0002b58c:8;btst.w:0x1,R2;bne:#0x0002b592:8;tst.w:@0xf4d4:16;bne:#0x0002b596:8;btst.w:0x1,@0xf0ea:16;beq:#0x0002b592:8;bclr.w:0x1,@0xf0ea:16;bra:#0x0002b596:8;bset.w:@0xf0ea:16,0x1;btst.w:0x7,@0xf1f2:16;beq:#0x0002b63a:16;stc.w:SR,@-SP;orc.w:0x700,SR;andc.w:0xfeff,SR;mov:g.w:#0x8:8,@-SP;mov:g.w:#0x7:8,@-SP;ldc.b:0x0,DP;mov:g.w:@0xf3ae:16,R0;mov:g.w:R0,@-SP;pjsr:@0x1406f:24;adds.b:0x4,SP;mov:g.w:@0xf3ac:16,R2;clr.w:R3;add:g.w:R2,R1;addx.w:R3,R0;mov:g.w:R1,@-SP;mov:g.w:R0,@-SP;pjsr:@0x14151:24;adds.b:0x6,SP;mov:g.w:R0,@0xf3ae:16;btst.w:0x1,@0xf0ec:16;beq:#0x0002b5e2:8;mov:g.w:@0xb18:16,R2;bra:#0x0002b5e6:8;mov:g.w:@0xb14:16,R2;mov:g.w:R2,@-SP;pjsr:@0x19f49:24;add:q.w:#2,SP;mov:g.w:@0xb12:16,R1;mov:g.w:R1,@-SP;mov:f.w:R0,@(-0x4:8,FP);pjsr:@0x19f35:24;add:q.w:#2,SP;mov:i:#0x4:16,R1;shll.w:R0;scb/eq:R1,0x0002b5ff;mov:g.w:R0,@-SP;mov:g.w:@0xf3ae:16,R0;mov:g.w:R0,@-SP;pjsr:@0x1406f:24;adds.b:0x4,SP;mov:g.w:R1,@-SP;mov:g.w:R0,@-SP;pjsr:@0x144ef:24;adds.b:0x4,SP;add:g.w:@(-0x4:8,FP),R0;mov:g.w:#0x1:8,@-SP;mov:g.w:#0xff:16,@-SP;mov:g.w:R0,@-SP;pjsr:@0x1444c:24;adds.b:0x6,SP;mov:g.w:R0,@0xf3aa:16;ldc.w:@SP+ ,SR;ldc.b:0x0,DP;mov:g.w:@0xf13c:16,R0;cmp:g.w:@0xf142:16,R0;blo:#0x0002b658:8;mov:g.w:@0xf13c:16,R2;sub.w:@0xf142:16,R2;cmp:g.w:@0xf14e:16,R2;bls:#0x0002b66c:8;mov:g.w:R2,@0xf14e:16;bra:#0x0002b66c:8;mov:g.w:@0xf142:16,R2;sub.w:@0xf13c:16,R2;cmp:g.w:@0xf152:16,R2;bls:#0x0002b66a:8;mov:g.w:R2,@0xf152:16;clr.w:R2;cmp:g.w:@0xb20:16,R2;blo:#0x0002b67a:8;mov:g.w:@0xb24:16,R0;mov:g.w:R0,@0xefc2:16;btst.w:0x6,@0xf33e:16;bne:#0x0002b698:8;cmp:g.w:@0xade:16,R2;blo:#0x0002b698:8;cmp:g.w:@0xf366:16,R2;blo:#0x0002b698:8;mov:g.w:R2,@0xf366:16;mov:g.w:@0xae2:16,R0;mov:g.w:R0,@0xf368:16;mov:g.w:@0xf14a:16,R0;cmp:g.w:@0xf13c:16,R0;blo:#0x0002b6ac:8;mov:g.w:@0xf14a:16,R2;sub.w:@0xf13c:16,R2;bra:#0x0002b6b4:8;mov:g.w:@0xf13c:16,R2;sub.w:@0xf14a:16,R2;cmp:g.w:@0xa6e:16,R2;blo:#0x0002b6c2:8;mov:g.w:@0xa70:16,R0;mov:g.w:R0,@0xf028:16;mov:g.w:@0xf148:16,R0;mov:g.w:R0,@0xf14a:16;mov:g.w:@0xf146:16,R0;mov:g.w:R0,@0xf148:16;mov:g.w:@0xf144:16,R0;mov:g.w:R0,@0xf146:16;mov:g.w:@0xf142:16,R0;mov:g.w:R0,@0xf144:16;mov:g.w:@0xf13c:16,R0;mov:g.w:R0,@0xf142:16;tst.w:@0xef86:16;bne:#0x0002b6f4:8;clr.w:@0xf312:16;mov:g.w:@0xf73c:16,R0;and.w:0x7,R0;bne:#0x0002b80f:16;mov:g.w:@0xf31a:16,R0;mov:g.w:R0,@-SP;mov:g.w:@0xf13c:16,R0;mov:g.w:R0,@-SP;pjsr:@0x14036:24;adds.b:0x4,SP;mov:g.w:R0,@0xf318:16;bclr.w:0xd,@0xf20a:16;mov:g.w:@0xf318:16,R0;cmp:g.w:@0x9ba:16,R0;blo:#0x0002b7f5:16;mov:g.w:@0xf31a:16,R0;cmp:g.w:@0xf316:16,R0;bhs:#0x0002b7f5:16;mov:g.w:@0xf312:16,R0;cmp:g.w:@0xf310:16,R0;bhs:#0x0002b7f5:16;mov:g.w:@0xf25a:16,R0;and.w:0x11,R0;bne:#0x0002b7f5:16;btst.w:0x3,@0xf1f4:16;beq:#0x0002b752:8;btst.w:0x0,@0xee88:16;beq:#0x0002b760:8;btst.w:0x3,@0xf1f4:16;bne:#0x0002b7f5:16;btst.w:0x7,@0xf102:16;bne:#0x0002b7f5:16;mov:g.w:@0x9b8:16,R0;mov:g.w:R0,@0xef86:16;bset.w:@0xf20a:16,0xd;mov:g.w:@0xf318:16,R3;shlr.w:R3;shlr.w:R3;cmp:i:#0x8:16,R3;blo:#0x0002b77c:8;mov:i:#0x8:16,R3;ldc.b:0x1,DP;mov:g.b:@(0x1ebe:16,R3),R0;extu.b:R0;ldc.b:0x0,DP;mulxu.w:@0xf314:16,R0;mov:g.w:R1,R3;mov:i:#0x6:16,R0;shlr.w:R3;scb/eq:R0,0x0002b791;cmp:g.w:@0x9bc:16,R3;blo:#0x0002b7a0:8;mov:g.w:@0x9bc:16,R3;mov:g.w:R3,@0xf30e:16;mov:g.w:@0xf312:16,R0;add:g.w:R3,R0;mov:g.w:R0,@0xf312:16;tst.w:R3;beq:#0x0002b7f5:8;mov:g.w:R3,R0;mov:i:#0x5:16,R1;shll.w:R0;scb/eq:R1,0x0002b7b7;mov:g.w:R0,@-SP;pjsr:@0x2a7f7:24;add:q.w:#2,SP;mov:g.w:R0,R3;stc.w:SR,@-SP;orc.w:0x700,SR;andc.w:0xfeff,SR;ldc.b:0x0,DP;mov:g.w:@0xf5ec:16,R0;shll.w:R0;mov:g.w:@(0x32a8:16,R0),R2;pjsr:@0x16410:24;not.w:R0;and.w:R0 ,R2;mov:g.w:R2,@-SP;mov:g.w:R3,@-SP;pjsr:@0x2a83b:24;adds.b:0x4,SP;ldc.w:@SP+ ,SR;ldc.b:0x0,DP;mov:g.w:@0xf13c:16,R0;mov:g.w:R0,@0xf31a:16;mov:g.w:@0xf318:16,R0;cmp:g.w:@0x9ba:16,R0;blo:#0x0002b80f:8;mov:g.w:@0xa70:16,R0;mov:g.w:R0,@0xf028:16;mov:g.w:@0xf73c:16,R0;and.w:0xf,R0;tst.b:@0x2e2:16;beq:#0x0002b821:8;pjsr:@0x18502:24;pjsr:@0x1578f:24;pjsr:@0x158d7:24;pjsr:@0x19e6d:24;ldm.w:@SP+,(R5 R3 R2 );unlk:FP;prts:;
0002b880,tcu_gear_shift_history_reset,mov:g.w:#0x8000:16,@0xef0c:16;clr.w:@0xef0e:16;mov:g.w:#0x8000:16,@0xef08:16;clr.w:@0xef0a:16;mov:g.w:#0x8000:16,@0xef04:16;clr.w:@0xef06:16;mov:g.w:#0x8000:16,@0xef18:16;clr.w:@0xef1a:16;mov:g.w:#0x8000:16,@0xef14:16;clr.w:@0xef16:16;mov:g.w:#0x8000:16,@0xef10:16;clr.w:@0xef12:16;clr.w:@0xef1c:16;clr.w:@0xef1e:16;clr.w:@0xef52:16;prts:;
0002b8ca,tcu_diagnostic_state_cold_init,stm:(R2 R3 ),@-SP;mov:i:#0xff:16,R2;mov:i:#0xffff:16,R3;mov:g.w:R3,@0xf730:16;mov:g.w:R3,@0xf626:16;mov:g.w:R3,@0xf624:16;mov:g.w:R3,@0xf622:16;mov:g.w:R3,@0xf620:16;mov:g.w:R3,@0xf62e:16;mov:g.w:R3,@0xf62c:16;mov:g.w:R3,@0xf62a:16;mov:g.w:R3,@0xf628:16;mov:g.w:R2,@0xf656:16;mov:g.w:R2,@0xf654:16;mov:g.w:R2,@0xf652:16;mov:g.w:R2,@0xf64e:16;mov:g.w:R2,@0xf658:16;mov:g.w:R2,@0xf650:16;mov:g.w:R2,@0xf65c:16;tst.b:@0x300:16;beq:#0x0002b920:8;mov:g.w:R2,@0xf664:16;mov:g.w:R2,@0xf662:16;tst.b:@0x301:16;beq:#0x0002b936:8;mov:g.w:R2,@0xf66c:16;mov:g.w:R2,@0xf66a:16;mov:g.w:R2,@0xf668:16;mov:g.w:R2,@0xf666:16;tst.b:@0x316:16;beq:#0x0002b944:8;mov:g.w:R2,@0xf670:16;mov:g.w:R2,@0xf66e:16;tst.b:@0x314:16;beq:#0x0002b94e:8;mov:g.w:R2,@0xf65e:16;tst.b:@0x310:16;beq:#0x0002b95c:8;clr.w:@0xf734:16;clr.w:@0xf732:16;mov:g.w:@0x1006:16,R0;mov:g.w:R0,@0xf04e:16;mov:g.w:@0xf04e:16,R0;mov:g.w:R0,@0xf050:16;mov:g.w:@0x1008:16,R0;mov:g.w:R0,@0xf642:16;mov:g.w:R0,@0xf644:16;mov:g.w:#0x3:8,@-SP;pjsr:@0x2ca68:24;add:q.w:#2,SP;clr.w:@0xf73a:16;clr.w:@0xf738:16;clr.w:@0xf736:16;bclr.w:0x6,@0xf6c8:16;mov:g.w:@0xf64a:16,R0;and.w:0xffcf,R0;mov:g.w:R0,@0xf64a:16;pjsr:@0x2bbbb:24;ldm.w:@SP+,(R3 R2 );prts:;
0002b9a5,tcu_shift_flags_dispatch,pjsr:@0x2b9f4:24;pjsr:@0x2bc0f:24;btst.w:0x2,@0xf1f4:16;beq:#0x0002b9b9:8;pjsr:@0x2bddb:24;bra:#0x0002b9d3:8;mov:g.w:@0xf226:16,R0;and.w:0x3fff,R0;mov:g.w:R0,@0xf226:16;mov:g.w:#0xffff:16,@0xf730:16;clr.w:@0xeef8:16;clr.w:@0xeefa:16;mov:g.w:@0xf730:16,R0;and.w:0xf,R0;cmp:i:#0xf:16,R0;beq:#0x0002b9ea:8;bset.w:@0xf746:16,0x7;bset.w:@0xf748:16,0x7;bra:#0x0002b9f2:8;bclr.w:0x7,@0xf746:16;bclr.w:0x7,@0xf748:16;prts:;
0002b9f4,tcu_shift_solenoid_table_init,mov:g.w:#0xd636:16,@-SP;mov:g.w:#0x2:8,@-SP;pjsr:@0x14735:24;adds.b:0x4,SP;mov:g.w:#0xd650:16,@-SP;mov:g.w:#0x2:8,@-SP;pjsr:@0x14735:24;adds.b:0x4,SP;btst.w:0x5,@0xf0f8:16;beq:#0x0002ba1f:8;mov:g.w:#0x2f8e:16,@-SP;mov:g.w:#0x1:8,@-SP;bra:#0x0002ba26:8;mov:g.w:#0x2f8e:16,@-SP;mov:g.w:#0x1:8,@-SP;pjsr:@0x14656:24;adds.b:0x4,SP;mov:g.w:R0,@0xf64e:16;mov:g.w:#0x2ffa:16,@-SP;mov:g.w:#0x1:8,@-SP;pjsr:@0x14656:24;adds.b:0x4,SP;mov:g.w:R0,@0xf652:16;mov:g.w:#0x3066:16,@-SP;mov:g.w:#0x1:8,@-SP;pjsr:@0x14656:24;adds.b:0x4,SP;mov:g.w:R0,@0xf654:16;mov:g.w:#0x30d2:16,@-SP;mov:g.w:#0x1:8,@-SP;pjsr:@0x14656:24;adds.b:0x4,SP;mov:g.w:R0,@0xf656:16;mov:g.w:#0x2f22:16,@-SP;mov:g.w:#0x1:8,@-SP;pjsr:@0x14656:24;adds.b:0x4,SP;mov:g.w:R0,@0xf65a:16;tst.b:@0x314:16;beq:#0x0002ba91:8;mov:g.w:#0x31fa:16,@-SP;mov:g.w:#0x1:8,@-SP;pjsr:@0x14656:24;adds.b:0x4,SP;mov:g.w:R0,@0xf65e:16;tst.b:@0x300:16;beq:#0x0002babb:8;mov:g.w:#0x31c4:16,@-SP;mov:g.w:#0x1:8,@-SP;pjsr:@0x14656:24;adds.b:0x4,SP;mov:g.w:R0,@0xf662:16;mov:g.w:#0x31c4:16,@-SP;mov:g.w:#0x1:8,@-SP;pjsr:@0x14656:24;adds.b:0x4,SP;mov:g.w:R0,@0xf664:16;tst.b:@0x301:16;beq:#0x0002bb09:8;mov:g.w:#0x31c4:16,@-SP;mov:g.w:#0x1:8,@-SP;pjsr:@0x14656:24;adds.b:0x4,SP;mov:g.w:R0,@0xf666:16;mov:g.w:#0x31c4:16,@-SP;mov:g.w:#0x1:8,@-SP;pjsr:@0x14656:24;adds.b:0x4,SP;mov:g.w:R0,@0xf668:16;mov:g.w:#0x31c4:16,@-SP;mov:g.w:#0x1:8,@-SP;pjsr:@0x14656:24;adds.b:0x4,SP;mov:g.w:R0,@0xf66a:16;mov:g.w:#0x31c4:16,@-SP;mov:g.w:#0x1:8,@-SP;pjsr:@0x14656:24;adds.b:0x4,SP;mov:g.w:R0,@0xf66c:16;tst.b:@0x316:16;beq:#0x0002bb33:8;mov:g.w:#0x31fa:16,@-SP;mov:g.w:#0x1:8,@-SP;pjsr:@0x14656:24;adds.b:0x4,SP;mov:g.w:R0,@0xf66e:16;mov:g.w:#0x31fa:16,@-SP;mov:g.w:#0x1:8,@-SP;pjsr:@0x14656:24;adds.b:0x4,SP;mov:g.w:R0,@0xf670:16;mov:g.w:#0xd66a:16,@-SP;mov:g.w:#0x2:8,@-SP;pjsr:@0x14735:24;adds.b:0x4,SP;mov:g.w:#0x313e:16,@-SP;mov:g.w:#0x1:8,@-SP;pjsr:@0x14656:24;adds.b:0x4,SP;mov:g.w:R0,@0xf65c:16;tst.b:@0x310:16;beq:#0x0002bbb5:8;mov:g.w:#0xd636:16,@-SP;mov:g.w:#0x2:8,@-SP;pjsr:@0x14735:24;adds.b:0x4,SP;mov:g.w:#0xd650:16,@-SP;mov:g.w:#0x2:8,@-SP;pjsr:@0x14735:24;adds.b:0x4,SP;mov:g.w:#0x31fa:16,@-SP;mov:g.w:#0x1:8,@-SP;pjsr:@0x14656:24;adds.b:0x4,SP;mov:g.w:R0,@0xf732:16;mov:g.w:#0x31fa:16,@-SP;mov:g.w:#0x1:8,@-SP;pjsr:@0x14656:24;adds.b:0x4,SP;mov:g.w:R0,@0xf734:16;cmp:g.b:#0x10:8,@0xf732:16;bhs:#0x0002bba2:8;bra:#0x0002bba7:8;mov:g.w:#0x10:8,@0xf732:16;cmp:g.b:#0x10:8,@0xf734:16;bhs:#0x0002bbb0:8;bra:#0x0002bbb5:8;mov:g.w:#0x10:8,@0xf734:16;pjsr:@0x2bbbb:24;prts:;
0002bbbb,tcu_shift_timer_scale_init,mov:g.w:R2,@-SP;mov:i:#0xa:16,R2;cmp:g.b:#0xa:8,@0xfce:16;bhs:#0x0002bbcb:8;mov:g.w:@0xfce:16,R2;mov:i:#0x20:16,R0;add:q.w:#-1,R2;bhs:#0x0002bbd7:8;shll.w:R0;scb/eq:R2,0x0002bbd2;mov:g.w:R0,@0xf646:16;mov:g.w:@0x102e:16,R0;mov:g.w:R0,@-SP;pjsr:@0x144d1:24;add:q.w:#2,SP;mov:g.w:R0,@0xf612:16;mov:g.w:R1,@0xf614:16;mov:g.w:@0x1030:16,R0;mov:g.w:R0,@-SP;pjsr:@0x144d1:24;add:q.w:#2,SP;mov:g.w:R0,@0xf616:16;mov:g.w:R1,@0xf618:16;mov:g.w:@0x100a:16,R0;mov:g.w:R0,@0xf61c:16;mov:g.w:@SP+,R2;prts:;
0002bc0f,tcu_dtc_status_check_dispatch,mov:g.w:R2,@-SP;mov:g.w:@0xf20e:16,R0;and.w:0x11,R0;bne:#0x0002bd7d:16;btst.w:0x7,@0xef1c:16;beq:#0x0002bc82:16;mov:g.w:@0xf17a:16,R0;cmp:g.w:@0xff0:16,R0;bhs:#0x0002bc37:8;mov:g.w:@0xf17a:16,R0;cmp:g.w:@0xfee:16,R0;bhs:#0x0002bc43:8;mov:g.w:@0x1000:16,R0;mov:g.w:R0,@-SP;pjsr:@0x2bdb3:24;add:q.w:#2,SP;mov:g.w:#0xd636:16,@-SP;mov:g.w:#0x2:8,@-SP;pjsr:@0x14735:24;adds.b:0x4,SP;btst.w:0x2,@0xf0f8:16;beq:#0x0002bc60:8;mov:g.w:#0x2f14:16,@-SP;mov:g.w:#0x1:8,@-SP;bra:#0x0002bc67:8;mov:g.w:#0x2f06:16,@-SP;mov:g.w:#0x1:8,@-SP;pjsr:@0x14656:24;adds.b:0x4,SP;mov:g.w:R0,R2;cmp:g.w:@0xf18c:16,R2;bhi:#0x0002bcc2:8;mov:g.w:@0xf18c:16,R0;cmp:g.w:@0xff2:16,R0;blo:#0x0002bcce:8;bra:#0x0002bcc2:8;mov:g.w:@0xf17a:16,R0;cmp:g.w:@0x101c:16,R0;bhs:#0x0002bc96:8;mov:g.w:@0xf17a:16,R0;cmp:g.w:@0x101a:16,R0;bhs:#0x0002bca2:8;mov:g.w:@0x1000:16,R0;mov:g.w:R0,@-SP;pjsr:@0x2bdb3:24;add:q.w:#2,SP;btst.w:0x2,@0xf0f8:16;beq:#0x0002bcae:8;mov:g.w:@0x1020:16,R2;bra:#0x0002bcb2:8;mov:g.w:@0x101e:16,R2;cmp:g.w:@0xf18c:16,R2;bhi:#0x0002bcc2:8;mov:g.w:@0xf18c:16,R0;cmp:g.w:@0x1022:16,R0;blo:#0x0002bcce:8;mov:g.w:@0x1000:16,R0;mov:g.w:R0,@-SP;pjsr:@0x2bdb3:24;add:q.w:#2,SP;mov:g.w:@0xf130:16,R0;cmp:g.w:@0xff4:16,R0;bhi:#0x0002bcde:8;btst.w:0x7,@0xf204:16;beq:#0x0002bcea:8;mov:g.w:@0xffe:16,R0;mov:g.w:R0,@-SP;pjsr:@0x2bdb3:24;add:q.w:#2,SP;tst.w:@0xf202:16;beq:#0x0002bcfc:8;mov:g.w:@0x1000:16,R0;mov:g.w:R0,@-SP;pjsr:@0x2bdb3:24;add:q.w:#2,SP;mov:g.w:@0xf158:16,R2;mov:g.w:@0xf14c:16,R0;cmp:g.w:@0xff6:16,R0;bhi:#0x0002bd10:8;cmp:g.w:@0xff8:16,R2;bls:#0x0002bd1c:8;mov:g.w:@0x1000:16,R0;mov:g.w:R0,@-SP;pjsr:@0x2bdb3:24;add:q.w:#2,SP;mov:g.w:@0xf0f8:16,R0;xor.w:@0xf0fa:16,R0;btst.w:0x4,R0;beq:#0x0002bd34:8;mov:g.w:@0x1002:16,R0;mov:g.w:R0,@-SP;pjsr:@0x2bdb3:24;add:q.w:#2,SP;btst.w:0x7,@0xef1c:16;beq:#0x0002bdaf:16;mov:g.w:@0xf17a:16,R0;cmp:g.w:@0x1010:16,R0;blo:#0x0002bd59:8;mov:g.w:@0xf17a:16,R0;cmp:g.w:@0x1012:16,R0;bhi:#0x0002bd59:8;mov:g.w:@0xf18c:16,R0;cmp:g.w:@0x1014:16,R0;blo:#0x0002bd65:8;mov:g.w:@0x1016:16,R0;mov:g.w:R0,@-SP;pjsr:@0x2bdc7:24;add:q.w:#2,SP;mov:g.w:@0xf18c:16,R0;cmp:g.w:@0x10c4:16,R0;bhs:#0x0002bdaf:8;mov:g.w:@0x10c2:16,R0;mov:g.w:R0,@-SP;pjsr:@0x2bdc7:24;add:q.w:#2,SP;bra:#0x0002bdaf:8;stc.w:SR,@-SP;orc.w:0x700,SR;andc.w:0xfeff,SR;ldc.b:0x0,DP;mov:g.w:@0x1006:16,R0;mov:g.w:R0,@0xf04e:16;mov:g.w:@0x1006:16,R0;mov:g.w:R0,@0xf050:16;mov:g.w:@0x1008:16,R0;mov:g.w:R0,@0xf642:16;mov:g.w:@0x1008:16,R0;mov:g.w:R0,@0xf644:16;ldc.w:@SP+ ,SR;ldc.b:0x0,DP;mov:g.w:@SP+,R2;prts:;
0002bdb3,update_max_f04e,link:FP,#0x0:8;mov:g.w:@0xf04e:16,R0;cmp:g.w:@(0x6:8,FP),R0;bhs:#0x0002bdc4:8;mov:f.w:@(0x6:8,FP),R0;mov:g.w:R0,@0xf04e:16;unlk:FP;prts:;
0002bdc7,tcu_f050_max_update,link:FP,#0x0:8;mov:g.w:@0xf050:16,R0;cmp:g.w:@(0x6:8,FP),R0;bhs:#0x0002bdd8:8;mov:f.w:@(0x6:8,FP),R0;mov:g.w:R0,@0xf050:16;unlk:FP;prts:;
0002bddb,tcu_torque_converter_slip_calc_far_trampoline,pjsr:@0x2bde1:24;prts:;
0002bde1,tcu_torque_converter_slip_calc,link:FP,#-0x10:8;stm:(R2 R3 ),@-SP;stc.w:SR,@-SP;orc.w:0x700,SR;andc.w:0xfeff,SR;ldc.b:0x0,DP;mov:g.w:@0xf6d4:16,R0;and.w:0xa,R0;or.w:@0xf6d6:16,R0;mov:g.w:R0,@0xf6d6:16;mov:g.w:@0xf6d4:16,R0;and.w:0xfff5,R0;mov:g.w:R0,@0xf6d4:16;mov:g.w:@0xf714:16,R0;mov:f.w:R0,@(-0x10:8,FP);mov:g.w:@0xf716:16,R0;mov:f.w:R0,@(-0xe:8,FP);mov:g.w:@0xf718:16,R0;mov:f.w:R0,@(-0xc:8,FP);mov:g.w:@0xf71a:16,R0;mov:f.w:R0,@(-0xa:8,FP);mov:g.w:@0xf71c:16,R0;mov:f.w:R0,@(-0x8:8,FP);mov:g.w:@0xf71e:16,R0;mov:f.w:R0,@(-0x6:8,FP);mov:g.w:@0xf714:16,R0;add:g.w:@0xf718:16,R0;add:g.w:@0xf71c:16,R0;mov:f.w:R0,@(-0x2:8,FP);mov:g.w:@0xf716:16,R0;add:g.w:@0xf71a:16,R0;add:g.w:@0xf71e:16,R0;mov:f.w:R0,@(-0x4:8,FP);ldc.w:@SP+ ,SR;mov:f.w:@(-0x4:8,FP),R0;add:g.w:@(-0x2:8,FP),R0;mov:f.w:R0,@(-0x4:8,FP);ldc.b:0x0,DP;tst.b:@0x310:16;beq:#0x0002be6e:8;mov:g.w:#0x8:8,@-SP;mov:g.w:R0,@-SP;pjsr:@0x140c0:24;adds.b:0x4,SP;mov:f.w:R0,@(-0x4:8,FP);mov:f.w:@(-0x4:8,FP),R0;mov:g.w:R0,@0xf72c:16;tst.b:@0x2bd:16;beq:#0x0002be8e:8;mov:g.w:@0xf782:16,R0;cmp:g.w:@0xf72c:16,R0;blo:#0x0002be86:8;bra:#0x0002be8e:8;mov:g.w:@0xf72c:16,R0;mov:g.w:R0,@0xf782:16;btst.w:0x3,@0xf6d6:16;beq:#0x0002bf10:16;tst.b:@0x310:16;bne:#0x0002beab:8;mov:f.w:@(-0x4:8,FP),R0;mov:g.w:R0,@-SP;pjsr:@0x2bfc9:24;add:q.w:#2,SP;cmp:g.w:@0xf18c:16,R0;bls:#0x0002beb9:8;tst.b:@0x310:16;beq:#0x0002bed3:8;mov:f.w:@(-0x4:8,FP),R0;cmp:g.w:@0x142a:16,R0;bls:#0x0002bed3:8;mov:g.w:@0xf736:16,R0;add:q.w:#1,R0;mov:g.w:R0,@0xf736:16;bne:#0x0002bec9:8;add:q.w:#-1,@0xf736:16;bset.w:@0xf6c8:16,0x3;bset.w:@0xf226:16,0xf;bra:#0x0002bedb:8;bclr.w:0xf,@0xf226:16;bclr.w:0x3,@0xf6c8:16;bclr.w:0xe,@0xf226:16;bclr.w:0x2,@0xf6c8:16;mov:g.w:@0xf226:16,R0;and.w:0xc000,R0;beq:#0x0002befc:8;mov:g.w:FP,R0;adds.b:0xf0,R0;mov:g.w:R0,@-SP;pjsr:@0x2c028:24;add:q.w:#2,SP;bra:#0x0002bf04:8;mov:g.w:@0xf6c8:16,R0;and.w:0xc,R0;mov:g.w:@0xf6d6:16,R0;and.w:0xfff5,R0;mov:g.w:R0,@0xf6d6:16;btst.w:0x2,@0xf1f4:16;beq:#0x0002bf2e:8;btst.w:0x0,@0xeedc:16;beq:#0x0002bf2e:8;mov:g.w:@0xeefa:16,R0;and.w:0xbf,R0;bne:#0x0002bf2e:8;mov:g.w:@0xeef8:16,R0;mov:g.w:R0,@0xeefa:16;mov:i:#0xffff:16,R3;mov:g.w:@0xf20e:16,R0;and.w:0x11,R0;bne:#0x0002bfa2:16;tst.b:@0x310:16;beq:#0x0002bf62:8;mov:g.w:#0xd636:16,@-SP;mov:g.w:#0x2:8,@-SP;pjsr:@0x14735:24;adds.b:0x4,SP;mov:g.w:#0x3212:16,@-SP;mov:g.w:#0x1:8,@-SP;pjsr:@0x14656:24;adds.b:0x4,SP;mov:g.w:R0,R2;bra:#0x0002bf78:8;mov:f.w:@(-0x4:8,FP),R0;mov:g.w:R0,@-SP;pjsr:@0x2bfc9:24;add:q.w:#2,SP;mov:g.w:R0,R2;mov:f.w:@(-0x2:8,FP),R0;mov:g.w:R0,@-SP;pjsr:@0x2bfc9:24;add:q.w:#2,SP;btst.w:0xf,@0xf226:16;beq:#0x0002bf98:8;cmp:g.w:@0xf18c:16,R2;bhi:#0x0002bf98:8;clr.w:@-SP;mov:g.w:FP,R0;adds.b:0xf0,R0;mov:g.w:R0,@-SP;pjsr:@0x2c0bd:24;adds.b:0x4,SP;mov:g.w:R0,R3;bra:#0x0002bf9c:8;bclr.w:0xf,@0xf226:16;bclr.w:0xe,@0xf226:16;bra:#0x0002bfae:8;mov:g.w:@0xf226:16,R0;and.w:0x3fff,R0;mov:g.w:R0,@0xf226:16;stc.w:SR,@-SP;orc.w:0x700,SR;andc.w:0xfeff,SR;ldc.b:0x0,DP;mov:g.w:R3,@0xf730:16;ldc.w:@SP+ ,SR;ldc.b:0x0,DP;ldm.w:@SP+,(R3 R2 );unlk:FP;prts:;
0002bfc9,tiered_threshold_table_select,link:FP,#0x0:8;mov:g.w:R2,@-SP;mov:f.w:@(0x6:8,FP),R2;mov:g.w:#0xd636:16,@-SP;mov:g.w:#0x2:8,@-SP;pjsr:@0x14735:24;adds.b:0x4,SP;cmp:g.w:@0xfe2:16,R2;blo:#0x0002bfec:8;mov:g.w:#0x2ef8:16,@-SP;mov:g.w:#0x1:8,@-SP;bra:#0x0002c017:8;cmp:g.w:@0xfe0:16,R2;blo:#0x0002bffb:8;mov:g.w:#0x2eea:16,@-SP;mov:g.w:#0x1:8,@-SP;bra:#0x0002c017:8;cmp:g.w:@0xfde:16,R2;blo:#0x0002c00a:8;mov:g.w:#0x2edc:16,@-SP;mov:g.w:#0x1:8,@-SP;bra:#0x0002c017:8;cmp:g.w:@0xfdc:16,R2;blo:#0x0002c020:8;mov:g.w:#0x2ece:16,@-SP;mov:g.w:#0x1:8,@-SP;pjsr:@0x14656:24;adds.b:0x4,SP;bra:#0x0002c023:8;mov:i:#0xffff:16,R0;mov:g.w:@SP+,R2;unlk:FP;prts:;
0002c028,tcu_shift_quality_index_calc,link:FP,#-0x8:8;mov:g.w:R3,@-SP;clr.w:@(-0x2:8,FP);clr.w:@(-0x4:8,FP);mov:g.w:@0xfe6:16,R0;shlr.w:R0;shlr.w:R0;mov:f.w:R0,@(-0x6:8,FP);cmp:g.w:@0xfec:16,R0;bls:#0x0002c048:8;mov:g.w:@0xfec:16,R0;mov:f.w:R0,@(-0x6:8,FP);tst.b:@0x310:16;beq:#0x0002c05e:8;mov:g.w:#0x8:8,@-SP;mov:f.w:@(-0x6:8,FP),R0;mov:g.w:R0,@-SP;pjsr:@0x1405c:24;adds.b:0x4,SP;mov:f.w:R0,@(-0x6:8,FP);clr.w:@(-0x8:8,FP);clr.w:R3;mov:f.w:@(0x6:8,FP),R0;adds.w:R3,R0;mov:g.w:@R0,R1;cmp:g.w:@(-0x6:8,FP),R1;blo:#0x0002c084:8;mov:i:#0x1:16,R0;mov:f.w:@(-0x8:8,FP),R1;add:q.w:#-1,R1;bhs:#0x0002c07c:8;shll.w:R0;scb/eq:R1,0x0002c077;or.w:@(-0x2:8,FP) ,R0;mov:f.w:R0,@(-0x2:8,FP);add:q.w:#1,@(-0x4:8,FP);add:q.w:#2,R3;add:q.w:#1,@(-0x8:8,FP);cmp:i:#0xc:16,R3;blo:#0x0002c063:8;cmp:g.b:#0x2:8,@(-0x4:8,FP);blo:#0x0002c099:8;mov:g.w:#0x80:16,@(-0x2:8,FP);btst.w:0x2,@0xf1f4:16;beq:#0x0002c0b8:8;mov:g.w:@0xeef8:16,R0;and.w:0xbf,R0;bne:#0x0002c0b8:8;mov:g.w:@0xeef8:16,R0;and.w:0xff40,R0;or.w:@(-0x2:8,FP) ,R0;mov:g.w:R0,@0xeef8:16;mov:g.w:@SP+,R3;unlk:FP;prts:;
0002c0bd,tcu_shift_pattern_threshold_select,link:FP,#-0xa:8;mov:g.w:R3,@-SP;mov:f.w:@(0x6:8,FP),R0;mov:g.w:@(0x2:8,R0),R1;mov:f.w:R1,@(-0x2:8,FP);mov:g.w:#0x2:8,@(-0x4:8,FP);mov:g.w:@(0x6:8,R0),R3;cmp:g.w:R1,R3;blo:#0x0002c0d9:8;mov:f.w:R3,@(-0x2:8,FP);mov:g.w:#0x8:8,@(-0x4:8,FP);mov:f.w:@(0x6:8,FP),R0;mov:g.w:@(0xa:8,R0),R3;cmp:g.w:@(-0x2:8,FP),R3;blo:#0x0002c0e9:8;mov:f.w:R3,@(-0x2:8,FP);mov:g.w:#0x20:8,@(-0x4:8,FP);mov:f.w:@(0x6:8,FP),R0;mov:g.w:@R0,R3;mov:g.w:#0x1:8,@(-0x6:8,FP);mov:g.w:@(0x4:8,R0),R1;mov:f.w:R1,@(-0x8:8,FP);cmp:g.w:R1,R3;bhi:#0x0002c100:8;mov:g.w:R1,R3;mov:g.w:#0x4:8,@(-0x6:8,FP);mov:f.w:@(0x6:8,FP),R0;mov:g.w:@(0x8:8,R0),R1;mov:f.w:R1,@(-0xa:8,FP);cmp:g.w:R1,R3;bhi:#0x0002c111:8;mov:g.w:R1,R3;mov:g.w:#0x10:8,@(-0x6:8,FP);cmp:g.b:#0x1:8,@(0x8:8,FP);beq:#0x0002c11c:8;cmp:g.w:@(-0x2:8,FP),R3;bls:#0x0002c120:8;mov:f.w:@(-0x6:8,FP),R0;mov:f.w:R0,@(-0x4:8,FP);mov:f.w:@(-0x4:8,FP),R0;not.w:R0;mov:g.w:@SP+,R3;unlk:FP;prts:;
0002c129,stub_empty_0x2c129,prts:;
0002c12b,tcu_periodic_dispatch,clr.w:@-SP;mov:g.w:#0x4:8,@-SP;mov:g.w:@0xf5d8:16,R0;mov:g.w:R0,@-SP;mov:g.w:@0xf5d6:16,R1;mov:g.w:R1,@-SP;pjsr:@0x140dc:24;adds.b:0x6,SP;mov:g.w:R0,@-SP;pjsr:@0x2c16e:24;adds.b:0x4,SP;pjsr:@0x2c2d9:24;pjsr:@0x2cac4:24;pjsr:@0x2cdf6:24;tst.w:@0xf642:16;beq:#0x0002c162:8;add:q.w:#-1,@0xf642:16;tst.w:@0xf644:16;beq:#0x0002c16c:8;add:q.w:#-1,@0xf644:16;prts:;
0002c16e,tcu_shift_ratio_buffer_update,link:FP,#-0x2:8;stm:(R2 R3 R4 ),@-SP;mov:g.w:@0xf62c:16,R0;mov:g.w:R0,@0xf62e:16;mov:g.w:@0xf62a:16,R0;mov:g.w:R0,@0xf62c:16;mov:g.w:@0xf628:16,R0;mov:g.w:R0,@0xf62a:16;mov:g.w:@0xf626:16,R0;mov:g.w:R0,@0xf628:16;mov:g.w:@0xf624:16,R0;mov:g.w:R0,@0xf626:16;mov:g.w:@0xf622:16,R0;mov:g.w:R0,@0xf624:16;mov:g.w:@0xf620:16,R0;mov:g.w:R0,@0xf622:16;mov:g.w:@0xf61e:16,R0;mov:g.w:R0,@0xf620:16;mov:f.w:@(0x6:8,FP),R0;mov:g.w:R0,@0xf61e:16;mov:g.w:@0xf61e:16,R0;mov:g.w:R0,@-SP;clr.w:@-SP;mov:g.w:#0x800:16,@-SP;pjsr:@0x140dc:24;adds.b:0x6,SP;mov:g.w:R0,@0xf630:16;mov:g.w:@0xf632:16,R0;mov:f.w:R0,@(-0x2:8,FP);mov:g.w:@0xf5e8:16,R0;shll.w:R0;mov:g.w:@(0x32b8:16,R0),R1;mov:g.w:@(0x2:8,R1),R2;mov:g.w:R2,@-SP;mov:g.w:@R1,R4;mov:g.w:R4,@-SP;pjsr:@0x144ef:24;adds.b:0x4,SP;mov:g.w:#0x8000:16,@-SP;mov:g.w:R0,@-SP;mov:g.w:@0xf630:16,R0;mov:g.w:R0,@-SP;pjsr:@0x141ba:24;adds.b:0x6,SP;mov:g.w:R0,@0xf632:16;mov:g.w:@0xf63a:16,R0;mov:g.w:R0,@0xf63c:16;mov:g.w:@0xf638:16,R0;mov:g.w:R0,@0xf63a:16;mov:g.w:@0xf636:16,R0;mov:g.w:R0,@0xf638:16;mov:g.w:@0xf634:16,R0;mov:g.w:R0,@0xf636:16;mov:g.w:@0xf632:16,R3;cmp:g.w:@(-0x2:8,FP),R3;blo:#0x0002c236:8;mov:e:#0x1:8,R2;sub.w:@(-0x2:8,FP),R3;bra:#0x0002c23e:8;clr.b:R2;mov:f.w:@(-0x2:8,FP),R0;sub.w:R3,R0;mov:g.w:R0,R3;cmp:i:#0x7fff:16,R3;blo:#0x0002c246:8;mov:i:#0x7fff:16,R3;mov:g.w:@0xf646:16,R0;mov:g.w:R0,@-SP;mov:g.w:@0xf630:16,R0;mov:g.w:R0,@-SP;mov:g.w:R3,R0;clr.w:R1;mov:g.w:R0,@-SP;mov:g.w:R1,@-SP;pjsr:@0x14387:24;adds.b:0x6,SP;mov:g.w:R1,@-SP;mov:g.w:R0,@-SP;pjsr:@0x140dc:24;adds.b:0x6,SP;mov:g.w:R0,R3;mov:g.w:R3,@0xf96e:16;tst.b:R2;bne:#0x0002c27a:8;tst.w:R3;bne:#0x0002c288:8;mov:g.w:@0x102c:16,R2;cmp:g.w:R2,R3;blo:#0x0002c296:8;mov:g.w:R2,@0xf634:16;bra:#0x0002c2a0:8;mov:g.w:@0x102a:16,R2;clr.w:R0;sub.w:R3,R0;mov:g.w:R0,R3;cmp:g.w:R2,R3;blo:#0x0002c29c:8;mov:g.w:R3,@0xf634:16;bra:#0x0002c2a0:8;mov:g.w:R2,@0xf634:16;mov:g.w:@0xf63e:16,R0;mov:g.w:R0,@0xf640:16;mov:g.w:@0xf634:16,R3;sub.w:@0xf638:16,R3;btst.w:0xf,R3;beq:#0x0002c2c2:8;mov:g.w:@0x102a:16,R2;cmp:g.w:R2,R3;bhs:#0x0002c2ca:8;mov:g.w:R2,@0xf63e:16;bra:#0x0002c2d4:8;mov:g.w:@0x102c:16,R2;cmp:g.w:R2,R3;bhs:#0x0002c2d0:8;mov:g.w:R3,@0xf63e:16;bra:#0x0002c2d4:8;mov:g.w:R2,@0xf63e:16;ldm.w:@SP+,(R4 R3 R2 );unlk:FP;prts:;
0002c2d9,tcu_solenoid_diagnostic_calc,link:FP,#-0x6:8;stm:(R2 R3 R5 ),@-SP;mov:g.w:#0xffff:16,@0xf96a:16;mov:g.w:@0xf648:16,R0;and.w:0xfc3c,R0;mov:g.w:R0,@0xf648:16;mov:g.w:@0xf678:16,R0;shll.w:R0;mov:g.w:R0,@0xf678:16;tst.b:@0x300:16;beq:#0x0002c309:8;mov:g.w:@0xf672:16,R0;shll.w:R0;mov:g.w:R0,@0xf672:16;tst.b:@0x301:16;beq:#0x0002c319:8;mov:g.w:@0xf674:16,R0;shll.w:R0;mov:g.w:R0,@0xf674:16;tst.b:@0x316:16;beq:#0x0002c329:8;mov:g.w:@0xf676:16,R0;shll.w:R0;mov:g.w:R0,@0xf676:16;btst.w:0x7,@0xef1c:16;beq:#0x0002c8b1:16;btst.w:0x5,@0xf0f8:16;beq:#0x0002c33c:8;mov:g.w:@0xffa:16,R2;bra:#0x0002c340:8;mov:g.w:@0xffc:16,R2;cmp:g.w:@0xf17a:16,R2;bls:#0x0002c366:8;btst.w:0xf,@0xf634:16;bne:#0x0002c366:8;mov:g.w:@0xf634:16,R0;mov:g.w:R0,@-SP;pjsr:@0x1442d:24;add:q.w:#2,SP;cmp:g.w:@0xf65a:16,R0;bls:#0x0002c366:8;mov:g.w:@0x1008:16,R0;mov:g.w:R0,@0xf642:16;mov:g.w:@0xf638:16,R5;sub.w:@0xf636:16,R5;cmp:i:#0x8000:16,R5;bhs:#0x0002c395:8;mov:g.w:R5,@-SP;pjsr:@0x1442d:24;add:q.w:#2,SP;cmp:g.w:@0xf652:16,R0;bls:#0x0002c395:8;mov:g.w:@0xf644:16,R0;cmp:g.w:@0x1018:16,R0;blo:#0x0002c38d:8;bra:#0x0002c395:8;mov:g.w:@0x1018:16,R0;mov:g.w:R0,@0xf644:16;tst.w:@0xf04e:16;bne:#0x0002c8a7:16;clr.w:@(-0x4:8,FP);mov:g.w:@0xf660:16,R3;and.w:0x5600,R3;shlr.w:R3;btst.w:0x4,@0xf64c:16;beq:#0x0002c3b3:8;mov:g.w:#0x20:8,@(-0x4:8,FP);btst.w:0xf,@0xf636:16;beq:#0x0002c3f8:8;clr.w:R0;sub.w:@0xf636:16,R0;mov:g.w:R0,@-SP;pjsr:@0x1442d:24;add:q.w:#2,SP;mov:g.w:R0,R2;cmp:g.w:@0xf64e:16,R2;bls:#0x0002c3db:8;bset.w:@(-0x4:8,FP),0x4;tst.b:@0x2ff:16;beq:#0x0002c3db:8;bset.w:@(-0x4:8,FP),0x0;tst.b:@0x301:16;beq:#0x0002c3e9:8;cmp:g.w:@0xf666:16,R2;bls:#0x0002c3e9:8;bset.w:R3,0x3;tst.b:@0x314:16;beq:#0x0002c3f8:8;cmp:g.w:@0xf65e:16,R2;bls:#0x0002c3f8:8;bset.w:@(-0x4:8,FP),0xf;btst.w:0x2,@0xf64c:16;beq:#0x0002c401:8;bset.w:@(-0x4:8,FP),0x3;cmp:i:#0x8000:16,R5;bhs:#0x0002c46a:16;mov:g.w:R5,@-SP;pjsr:@0x1442d:24;add:q.w:#2,SP;mov:g.w:R0,R2;cmp:g.w:@0xf654:16,R2;bls:#0x0002c41a:8;bset.w:@(-0x4:8,FP),0x2;tst.b:@0x2ff:16;bne:#0x0002c429:8;cmp:g.w:@0xfea:16,R2;bls:#0x0002c429:8;bset.w:@(-0x4:8,FP),0x0;tst.b:@0x300:16;beq:#0x0002c437:8;cmp:g.w:@0xf662:16,R2;bls:#0x0002c437:8;bset.w:R3,0x7;tst.b:@0x301:16;beq:#0x0002c445:8;cmp:g.w:@0xf668:16,R2;bls:#0x0002c445:8;bset.w:R3,0x2;tst.b:@0x316:16;beq:#0x0002c45b:8;cmp:g.w:@0xf66e:16,R2;bls:#0x0002c453:8;bset.w:R3,0xc;cmp:g.w:@0xf670:16,R2;bls:#0x0002c45b:8;bset.w:R3,0xa;tst.b:@0x314:16;beq:#0x0002c46a:8;cmp:g.w:@0x1434:16,R2;bls:#0x0002c46a:8;bset.w:@(-0x4:8,FP),0xe;mov:g.w:@0xf634:16,R2;sub.w:@0xf636:16,R2;cmp:i:#0x8000:16,R2;bhs:#0x0002c4cc:16;mov:g.w:R2,@-SP;pjsr:@0x1442d:24;add:q.w:#2,SP;mov:g.w:R0,R2;cmp:g.w:@0xf656:16,R2;bls:#0x0002c48b:8;bset.w:@(-0x4:8,FP),0x1;tst.b:@0x300:16;beq:#0x0002c499:8;cmp:g.w:@0xf664:16,R2;bls:#0x0002c499:8;bset.w:R3,0x6;tst.b:@0x301:16;beq:#0x0002c4a7:8;cmp:g.w:@0xf66a:16,R2;bls:#0x0002c4a7:8;bset.w:R3,0x1;tst.b:@0x316:16;beq:#0x0002c4bd:8;cmp:g.w:@0xf66e:16,R2;bls:#0x0002c4b5:8;bset.w:R3,0xf;cmp:g.w:@0xf670:16,R2;bls:#0x0002c4bd:8;bset.w:R3,0xe;tst.b:@0x314:16;beq:#0x0002c4cc:8;cmp:g.w:@0x1438:16,R2;bls:#0x0002c4cc:8;bset.w:@(-0x4:8,FP),0xb;tst.b:@0x301:16;beq:#0x0002c4ed:8;cmp:g.b:#0x80:8,@0xf634:16;bhs:#0x0002c4ed:8;mov:g.w:@0xf634:16,R0;mov:g.w:R0,@-SP;pjsr:@0x1442d:24;add:q.w:#2,SP;cmp:g.w:@0xf66c:16,R0;bls:#0x0002c4ed:8;bset.w:R3,0x0;mov:f.w:@(-0x4:8,FP),R0;mov:g.w:R0,@0xf64c:16;tst.b:@0x300:16;bne:#0x0002c505:8;tst.b:@0x301:16;bne:#0x0002c505:8;tst.b:@0x316:16;beq:#0x0002c509:8;mov:g.w:R3,@0xf660:16;mov:f.w:@(-0x4:8,FP),R0;and.w:0x16,R0;cmp:i:#0x16:16,R0;bne:#0x0002c558:8;bset.w:@0xf648:16,0x7;mov:g.w:@0xf5e8:16,R0;shll.w:R0;shll.w:R0;shll.w:R0;shll.w:R0;mov:g.w:R0,@0xf96a:16;tst.b:@0x300:16;beq:#0x0002c532:8;bset.w:@0xf672:16,0x0;tst.b:@0x2bd:16;beq:#0x0002c558:8;mov:g.w:@0xf7c0:16,R0;add:q.w:#1,R0;mov:g.w:R0,@0xf7c0:16;bne:#0x0002c548:8;add:q.w:#-1,@0xf7c0:16;mov:g.w:@0xf7c8:16,R0;add:q.w:#1,R0;mov:g.w:R0,@0xf7c8:16;bne:#0x0002c558:8;add:q.w:#-1,@0xf7c8:16;cmp:g.b:#0x1:8,@0x300:16;beq:#0x0002c56c:8;cmp:g.b:#0x2:8,@0x300:16;bne:#0x0002c5ba:8;btst.w:0x5,@0xf0f8:16;beq:#0x0002c5ba:8;btst.w:0x2,@0xf672:16;beq:#0x0002c5ba:8;mov:g.w:R3,R0;and.w:0xc0,R0;cmp:i:#0xc0:16,R0;bne:#0x0002c5ba:8;bset.w:@0xf648:16,0x7;mov:g.w:@0xf5e8:16,R0;shll.w:R0;shll.w:R0;shll.w:R0;shll.w:R0;adds.b:0x8,R0;mov:g.w:R0,@0xf96a:16;tst.b:@0x2bd:16;beq:#0x0002c5ba:8;mov:g.w:@0xf7c4:16,R0;add:q.w:#1,R0;mov:g.w:R0,@0xf7c4:16;bne:#0x0002c5aa:8;add:q.w:#-1,@0xf7c4:16;mov:g.w:@0xf7cc:16,R0;add:q.w:#1,R0;mov:g.w:R0,@0xf7cc:16;bne:#0x0002c5ba:8;add:q.w:#-1,@0xf7cc:16;tst.b:@0x301:16;beq:#0x0002c61b:8;mov:g.w:R3,R0;and.w:0xf,R0;cmp:i:#0xf:16,R0;bne:#0x0002c61b:8;bset.w:@0xf674:16,0x0;mov:g.w:@0xf674:16,R0;and.w:@0x1444:16,R0;cmp:g.w:@0x1444:16,R0;bne:#0x0002c61b:8;bset.w:@0xf648:16,0x7;mov:g.w:@0xf5e8:16,R0;shll.w:R0;shll.w:R0;shll.w:R0;shll.w:R0;add:g.w:0x88,R0;mov:g.w:R0,@0xf96a:16;tst.b:@0x2bd:16;beq:#0x0002c61b:8;mov:g.w:@0xf7c6:16,R0;add:q.w:#1,R0;mov:g.w:R0,@0xf7c6:16;bne:#0x0002c60b:8;add:q.w:#-1,@0xf7c6:16;mov:g.w:@0xf7ce:16,R0;add:q.w:#1,R0;mov:g.w:R0,@0xf7ce:16;bne:#0x0002c61b:8;add:q.w:#-1,@0xf7ce:16;tst.b:@0x314:16;beq:#0x0002c68f:16;mov:g.w:@0xf10e:16,R0;cmp:g.w:@0x1432:16,R0;bls:#0x0002c68f:16;mov:g.w:@0xf0f8:16,R0;and.w:0x24,R0;cmp:i:#0x20:16,R0;bne:#0x0002c68f:8;mov:f.w:@(-0x4:8,FP),R0;and.w:0xc800,R0;cmp:i:#0xc800:16,R0;bne:#0x0002c68f:8;mov:g.w:@0xf5e8:16,R0;shll.w:R0;mov:g.w:@(0x32f0:16,R0),R1;mov:f.w:R1,@(-0x2:8,FP);tst.b:@0x310:16;beq:#0x0002c661:8;mov:g.w:@0xf734:16,R0;add:g.w:@R1,R0;mov:g.w:R0,@R1;bra:#0x0002c66b:8;mov:f.w:@(-0x2:8,FP),R0;add:q.w:#1,@R0;tst.w:@R0;bne:#0x0002c66b:8;add:q.w:#-1,@R0;mov:g.w:@0xf17a:16,R0;mov:g.w:R0,@0xf6d0:16;mov:g.w:@0xf18c:16,R0;mov:g.w:R0,@0xf6d2:16;bset.w:@0xf6d4:16,0x0;mov:g.w:@0xf5e8:16,R0;shll.w:R0;shll.w:R0;shll.w:R0;shll.w:R0;mov:g.w:R0,@0xf96a:16;mov:f.w:@(-0x4:8,FP),R0;and.w:0x2b,R0;cmp:i:#0x2b:16,R0;bne:#0x0002c6d8:8;bset.w:@0xf648:16,0x6;mov:g.w:@0xf5e8:16,R0;shll.w:R0;shll.w:R0;shll.w:R0;shll.w:R0;add:g.w:0x80,R0;mov:g.w:R0,@0xf96a:16;tst.b:@0x2bd:16;beq:#0x0002c6d8:8;mov:g.w:@0xf7c2:16,R0;add:q.w:#1,R0;mov:g.w:R0,@0xf7c2:16;bne:#0x0002c6c8:8;add:q.w:#-1,@0xf7c2:16;mov:g.w:@0xf7ca:16,R0;add:q.w:#1,R0;mov:g.w:R0,@0xf7ca:16;bne:#0x0002c6d8:8;add:q.w:#-1,@0xf7ca:16;tst.b:@0x316:16;beq:#0x0002c719:8;and.w:0xa900,R3;cmp:i:#0xa900:16,R3;bne:#0x0002c719:8;bset.w:@0xf676:16,0x0;btst.w:0x4,@0xf676:16;beq:#0x0002c719:8;bset.w:@0xf648:16,0x9;tst.w:@0xf5e8:16;bne:#0x0002c703:8;mov:g.w:#0xb0:16,@0xf96a:16;bra:#0x0002c719:8;mov:g.w:@0xf5e8:16,R0;add:q.w:#-1,R0;shll.w:R0;shll.w:R0;shll.w:R0;shll.w:R0;add:g.w:0x80,R0;mov:g.w:R0,@0xf96a:16;tst.w:@0xf642:16;bne:#0x0002c72d:8;mov:g.w:@0xf648:16,R0;and.w:0xffcf,R0;mov:g.w:R0,@0xf648:16;bra:#0x0002c75f:8;btst.w:0x7,@0xf648:16;bne:#0x0002c739:8;bset.w:@0xf648:16,0x4;bra:#0x0002c75f:8;btst.w:0x5,@0xf648:16;beq:#0x0002c74f:8;mov:g.w:@0xf6ca:16,R0;cmp:g.w:@0xf5e8:16,R0;bne:#0x0002c74f:8;bclr.w:0x4,@0xf648:16;bra:#0x0002c753:8;bset.w:@0xf648:16,0x4;mov:g.w:@0xf5e8:16,R0;mov:g.w:R0,@0xf6ca:16;bset.w:@0xf648:16,0x5;btst.w:0x4,@0xf648:16;bne:#0x0002c8e0:16;mov:g.w:@0xf648:16,R0;and.w:0x2c0,R0;beq:#0x0002c8e0:16;mov:g.w:@0xf648:16,R0;and.w:0xc0,R0;beq:#0x0002c7c5:8;btst.w:0x1,@0xf678:16;bne:#0x0002c7c5:8;mov:g.w:@0xf5e8:16,R0;shll.w:R0;mov:g.w:@(0x32cc:16,R0),R3;mov:g.w:@0xf5e8:16,R0;shll.w:R0;mov:g.w:@(0x32e0:16,R0),R1;mov:f.w:R1,@(-0x6:8,FP);tst.b:@0x310:16;beq:#0x0002c7af:8;mov:g.w:@0xf732:16,R0;add:g.w:@R3,R0;mov:g.w:R0,@R3;mov:g.w:@0xf734:16,R0;add:g.w:@R1,R0;mov:g.w:R0,@R1;bra:#0x0002c7c1:8;add:q.w:#1,@R3;tst.w:@R3;bne:#0x0002c7b7:8;add:q.w:#-1,@R3;mov:f.w:@(-0x6:8,FP),R0;add:q.w:#1,@R0;tst.w:@R0;bne:#0x0002c7c1:8;add:q.w:#-1,@R0;bset.w:@0xf678:16,0x1;mov:g.w:@0xf648:16,R0;and.w:0x240,R0;beq:#0x0002c819:8;btst.w:0x2,@0xf678:16;bne:#0x0002c819:8;mov:g.w:@0xf5e8:16,R0;shll.w:R0;mov:g.w:@(0x32ca:16,R0),R3;mov:g.w:@0xf5e8:16,R0;shll.w:R0;mov:g.w:@(0x32de:16,R0),R1;mov:f.w:R1,@(-0x6:8,FP);tst.b:@0x310:16;beq:#0x0002c803:8;mov:g.w:@0xf732:16,R0;add:g.w:@R3,R0;mov:g.w:R0,@R3;mov:g.w:@0xf734:16,R0;add:g.w:@R1,R0;mov:g.w:R0,@R1;bra:#0x0002c815:8;add:q.w:#1,@R3;tst.w:@R3;bne:#0x0002c80b:8;add:q.w:#-1,@R3;mov:f.w:@(-0x6:8,FP),R0;add:q.w:#1,@R0;tst.w:@R0;bne:#0x0002c815:8;add:q.w:#-1,@R0;bset.w:@0xf678:16,0x2;btst.w:0x9,@0xf648:16;beq:#0x0002c869:8;btst.w:0x3,@0xf678:16;bne:#0x0002c869:8;mov:g.w:@0xf5e8:16,R0;shll.w:R0;mov:g.w:@(0x32c8:16,R0),R3;mov:g.w:@0xf5e8:16,R0;shll.w:R0;mov:g.w:@(0x32dc:16,R0),R1;mov:f.w:R1,@(-0x6:8,FP);tst.b:@0x310:16;beq:#0x0002c853:8;mov:g.w:@0xf732:16,R0;add:g.w:@R3,R0;mov:g.w:R0,@R3;mov:g.w:@0xf734:16,R0;add:g.w:@R1,R0;mov:g.w:R0,@R1;bra:#0x0002c865:8;add:q.w:#1,@R3;tst.w:@R3;bne:#0x0002c85b:8;add:q.w:#-1,@R3;mov:f.w:@(-0x6:8,FP),R0;add:q.w:#1,@R0;tst.w:@R0;bne:#0x0002c865:8;add:q.w:#-1,@R0;bset.w:@0xf678:16,0x3;mov:g.w:@0xf17a:16,R0;mov:g.w:R0,@0xf6d0:16;mov:g.w:@0xf18c:16,R0;mov:g.w:R0,@0xf6d2:16;mov:g.w:@0xf6d4:16,R0;or.w:0x3,R0;mov:g.w:R0,@0xf6d4:16;btst.w:0xf,@0xf648:16;bne:#0x0002c88f:8;bset.w:@0xf648:16,0xe;btst.w:0xd,@0xf648:16;bne:#0x0002c899:8;bset.w:@0xf648:16,0xc;mov:g.w:@0xf648:16,R0;or.w:0xa000,R0;mov:g.w:R0,@0xf648:16;bra:#0x0002c8e0:8;clr.w:@0xf64c:16;clr.w:@0xf660:16;bra:#0x0002c8e0:8;mov:g.w:@0xf640:16,R2;sub.w:@0xf63e:16,R2;cmp:i:#0x8000:16,R2;bhs:#0x0002c8e0:8;mov:g.w:R2,@-SP;pjsr:@0x1442d:24;add:q.w:#2,SP;cmp:g.w:@0xf652:16,R0;bls:#0x0002c8e0:8;mov:g.w:@0xf644:16,R0;cmp:g.w:@0x1018:16,R0;blo:#0x0002c8d8:8;bra:#0x0002c8e0:8;mov:g.w:@0x1018:16,R0;mov:g.w:R0,@0xf644:16;pjsr:@0x2c8e9:24;ldm.w:@SP+,(R5 R3 R2 );unlk:FP;prts:;
0002c8e9,tcu_shift_buffer_average_calc,mov:g.w:R2,@-SP;mov:g.w:@0xf04e:16,R2;mov:g.w:@0xf20e:16,R0;and.w:0x11,R0;bne:#0x0002c91f:8;mov:g.w:@0x1006:16,R0;shll.w:R0;shll.w:R0;cmp:g.w:@0xef70:16,R0;bhs:#0x0002c91f:8;mov:g.w:@0xf17a:16,R0;cmp:g.w:@0x150a:16,R0;bhs:#0x0002c91b:8;mov:g.w:@0xf18c:16,R0;cmp:g.w:@0x150c:16,R0;blo:#0x0002c91f:8;bset.w:@0xf64a:16,0x5;tst.w:@0xf6cc:16;beq:#0x0002c95b:8;tst.b:@0x321:16;beq:#0x0002c92f:8;tst.w:R2;bne:#0x0002c933:8;add:q.w:#-1,@0xf6cc:16;tst.w:R2;beq:#0x0002c945:8;tst.b:@0x321:16;bne:#0x0002ca64:16;bclr.w:0x1,@0xf6d4:16;bra:#0x0002ca5b:16;btst.w:0xe,@0xf648:16;beq:#0x0002ca64:16;mov:g.w:@0xfe8:16,R0;mov:g.w:R0,@0xf6cc:16;bclr.w:0xe,@0xf648:16;bra:#0x0002ca64:16;mov:g.w:@0xf6e4:16,R0;add:g.w:@0xf6e6:16,R0;add:g.w:@0xf6e8:16,R0;add:g.w:@0xf6ea:16,R0;add:g.w:@0xf6ec:16,R0;add:g.w:@0xf6ee:16,R0;mov:g.w:@0xf6d8:16,R1;add:g.w:@0xf6da:16,R1;add:g.w:@0xf6dc:16,R1;add:g.w:@0xf6de:16,R1;add:g.w:@0xf6e0:16,R1;add:g.w:@0xf6e2:16,R1;cmp:g.w:R0,R1;blo:#0x0002c9c1:8;mov:g.w:@0xf6d8:16,R0;mov:g.w:R0,@0xf714:16;mov:g.w:@0xf6da:16,R0;mov:g.w:R0,@0xf716:16;mov:g.w:@0xf6dc:16,R0;mov:g.w:R0,@0xf718:16;mov:g.w:@0xf6de:16,R0;mov:g.w:R0,@0xf71a:16;mov:g.w:@0xf6e0:16,R0;mov:g.w:R0,@0xf71c:16;mov:g.w:@0xf6e2:16,R0;mov:g.w:R0,@0xf71e:16;bra:#0x0002c9f1:8;mov:g.w:@0xf6e4:16,R0;mov:g.w:R0,@0xf714:16;mov:g.w:@0xf6e6:16,R0;mov:g.w:R0,@0xf716:16;mov:g.w:@0xf6e8:16,R0;mov:g.w:R0,@0xf718:16;mov:g.w:@0xf6ea:16,R0;mov:g.w:R0,@0xf71a:16;mov:g.w:@0xf6ec:16,R0;mov:g.w:R0,@0xf71c:16;mov:g.w:@0xf6ee:16,R0;mov:g.w:R0,@0xf71e:16;tst.b:@0x2bd:16;beq:#0x0002ca43:8;mov:g.w:@0xf7c8:16,R0;cmp:g.w:@0xf7d8:16,R0;blo:#0x0002ca0a:8;mov:g.w:@0xf7c8:16,R0;mov:g.w:R0,@0xf7d8:16;nop:;mov:g.w:@0xf7ca:16,R0;cmp:g.w:@0xf7da:16,R0;blo:#0x0002ca1d:8;mov:g.w:@0xf7ca:16,R0;mov:g.w:R0,@0xf7da:16;nop:;mov:g.w:@0xf7cc:16,R0;cmp:g.w:@0xf7dc:16,R0;blo:#0x0002ca30:8;mov:g.w:@0xf7cc:16,R0;mov:g.w:R0,@0xf7dc:16;nop:;mov:g.w:@0xf7ce:16,R0;cmp:g.w:@0xf7de:16,R0;blo:#0x0002ca43:8;mov:g.w:@0xf7ce:16,R0;mov:g.w:R0,@0xf7de:16;nop:;bset.w:@0xf6d4:16,0x3;btst.w:0x5,@0xf64a:16;beq:#0x0002ca53:8;bset.w:@0xf64a:16,0x4;bra:#0x0002ca57:8;bclr.w:0x4,@0xf64a:16;bclr.w:0x5,@0xf64a:16;mov:g.w:#0x1:8,@-SP;pjsr:@0x2ca68:24;add:q.w:#2,SP;mov:g.w:@SP+,R2;prts:;
0002ca68,coldinit_f6c0_f7c8_state_clear_and_intc_flag_read,link:FP,#0x0:8;btst.w:0x0,@(0x6:8,FP);beq:#0x0002cac1:8;mov:g.w:@0xfe8:16,R0;mov:g.w:R0,@0xf6cc:16;clr.w:@0xf6dc:16;clr.w:@0xf6da:16;clr.w:@0xf6d8:16;clr.w:@0xf6e2:16;clr.w:@0xf6e0:16;clr.w:@0xf6de:16;clr.w:@0xf6e8:16;clr.w:@0xf6e6:16;clr.w:@0xf6e4:16;clr.w:@0xf6ee:16;clr.w:@0xf6ec:16;clr.w:@0xf6ea:16;tst.b:@0x2bd:16;beq:#0x0002cabd:8;clr.w:@0xf7c8:16;clr.w:@0xf7ca:16;clr.w:@0xf7cc:16;clr.w:@0xf7ce:16;bclr.w:0xf,@0xf648:16;unlk:FP;prts:;
0002cac4,tcu_gear_ratio_calc,link:FP,#-0x16:8;stm:(R2 R3 ),@-SP;mov:g.w:#0x8000:16,@(-0x6:8,FP);clr.w:@(-0x4:8,FP);mov:g.w:@0xf624:16,R0;clr.w:R1;mov:g.w:@0xf622:16,R2;clr.w:R3;add:g.w:R0,R2;addx.w:R1,R3;mov:f.w:R3,@(-0xa:8,FP);mov:f.w:R2,@(-0x8:8,FP);mov:f.w:@(-0xa:8,FP),R0;clr.w:R1;or.w:R0 ,R1;beq:#0x0002cb06:8;mov:f.w:@(-0x8:8,FP),R0;mov:f.w:@(-0xa:8,FP),R1;shlr.w:R1;rotxr.w:R0;mov:f.w:R1,@(-0xa:8,FP);mov:f.w:R0,@(-0x8:8,FP);mov:f.w:@(-0x4:8,FP),R0;mov:f.w:@(-0x6:8,FP),R1;shlr.w:R1;rotxr.w:R0;mov:f.w:R1,@(-0x6:8,FP);mov:f.w:R0,@(-0x4:8,FP);bra:#0x0002cae4:8;mov:f.w:@(-0x8:8,FP),R0;mov:g.w:R0,@-SP;mov:g.w:@0xf622:16,R0;mov:g.w:R0,@-SP;mov:f.w:@(-0x4:8,FP),R0;mov:g.w:R0,@-SP;mov:f.w:@(-0x6:8,FP),R1;mov:g.w:R1,@-SP;pjsr:@0x141dc:24;adds.b:0x8,SP;shll.w:R1;rotxl.w:R0;mov:f.w:R0,@(-0xa:8,FP);mov:f.w:R1,@(-0x8:8,FP);mov:f.w:@(-0xa:8,FP),R0;cmp:g.w:@0xf612:16,R0;blo:#0x0002cb4f:8;bne:#0x0002cb37:8;cmp:g.w:@0xf614:16,R1;bls:#0x0002cb4f:8;mov:g.w:@0xf612:16,R0;mov:g.w:@0xf614:16,R1;mov:f.w:R0,@(-0xa:8,FP);mov:f.w:R1,@(-0x8:8,FP);mov:g.w:@0xf644:16,R0;cmp:g.w:@0x1032:16,R0;blo:#0x0002cb79:8;bra:#0x0002cb77:8;mov:f.w:@(-0x8:8,FP),R0;mov:f.w:@(-0xa:8,FP),R1;cmp:g.w:@0xf616:16,R1;bhi:#0x0002cb81:8;bne:#0x0002cb61:8;cmp:g.w:@0xf618:16,R0;bhs:#0x0002cb81:8;mov:g.w:@0xf616:16,R0;mov:g.w:@0xf618:16,R1;mov:f.w:R0,@(-0xa:8,FP);mov:f.w:R1,@(-0x8:8,FP);mov:g.w:@0xf644:16,R0;cmp:g.w:@0x1032:16,R0;blo:#0x0002cb79:8;bra:#0x0002cb81:8;mov:g.w:@0x1032:16,R0;mov:g.w:R0,@0xf644:16;mov:f.w:@(-0xa:8,FP),R0;mov:f.w:@(-0x8:8,FP),R1;mov:g.w:R0,@0xf5f6:16;mov:g.w:R1,@0xf5f8:16;tst.w:@0xf04e:16;bne:#0x0002cdc1:16;tst.w:@0xf642:16;bne:#0x0002cdc1:16;tst.w:@0xf050:16;bne:#0x0002cdc1:16;tst.w:@0xf644:16;bne:#0x0002cdc1:16;mov:g.w:#0xffff:16,@-SP;mov:g.w:@0xf61c:16,R0;mov:g.w:R0,@-SP;mov:g.w:@0xf5e8:16,R0;shll.w:R0;mov:g.w:@(0x32b8:16,R0),R1;mov:g.w:@(0x2:8,R1),R2;mov:g.w:R2,@-SP;mov:g.w:@R1,R3;mov:g.w:R3,@-SP;pjsr:@0x141dc:24;adds.b:0x8,SP;mov:g.w:#0xffff:16,@-SP;mov:i:#0xffff:16,R2;sub.w:@0xf61c:16,R2;mov:g.w:R2,@-SP;mov:g.w:@0xf5f8:16,R2;mov:g.w:R2,@-SP;mov:g.w:@0xf5f6:16,R3;mov:g.w:R3,@-SP;mov:f.w:R0,@(-0x16:8,FP);mov:f.w:R1,@(-0x14:8,FP);pjsr:@0x141dc:24;adds.b:0x8,SP;add:g.w:@(-0x14:8,FP),R1;addx.w:@(-0x16:8,FP),R0;clr.w:@-SP;mov:g.w:#0x8148:16,@-SP;clr.w:@-SP;mov:g.w:#0x7eb8:16,@-SP;mov:g.w:R1,@-SP;mov:g.w:R0,@-SP;pjsr:@0x14471:24;adds.b:0xc,SP;mov:g.w:@0xf5e8:16,R2;shll.w:R2;mov:g.w:@(0x32c0:16,R2),R3;mov:g.w:R1,@(0x2:8,R3);mov:g.w:R0,@R3;mov:g.w:@0xf5fc:16,R0;or.w:@0xf5fa:16,R0;beq:#0x0002cc35:8;mov:g.w:@0xf600:16,R0;or.w:@0xf5fe:16,R0;beq:#0x0002cc35:8;mov:e:#0x1:8,R2;bra:#0x0002cc37:8;clr.b:R2;tst.b:R2;beq:#0x0002cdf1:16;mov:g.w:@0xf5fa:16,R0;mov:g.w:@0xf5fc:16,R1;mov:g.w:R0,@0xef04:16;mov:g.w:R1,@0xef06:16;mov:g.w:@0xf5fe:16,R0;mov:g.w:@0xf600:16,R1;mov:g.w:R0,@0xef08:16;mov:g.w:R1,@0xef0a:16;mov:g.w:@0xf602:16,R0;mov:g.w:@0xf604:16,R1;mov:g.w:R0,@0xef0c:16;mov:g.w:R1,@0xef0e:16;mov:g.w:@0xf606:16,R0;mov:g.w:@0xf608:16,R1;mov:g.w:R0,@0xef10:16;mov:g.w:R1,@0xef12:16;mov:g.w:@0xf60a:16,R0;mov:g.w:@0xf60c:16,R1;mov:g.w:R0,@0xef14:16;mov:g.w:R1,@0xef16:16;mov:g.w:@0xf60e:16,R0;mov:g.w:@0xf610:16,R1;mov:g.w:R0,@0xef18:16;mov:g.w:R1,@0xef1a:16;btst.w:0x7,@0xef1c:16;bne:#0x0002ccc9:8;mov:g.w:@0xef1e:16,R0;add:q.w:#1,R0;mov:g.w:R0,@0xef1e:16;bne:#0x0002ccb2:8;add:q.w:#-1,@0xef1e:16;mov:g.w:@0xef1e:16,R0;cmp:g.w:@0x1024:16,R0;blo:#0x0002ccc9:8;bset.w:@0xef1c:16,0x7;mov:g.w:#0x3:8,@-SP;pjsr:@0x2ca68:24;add:q.w:#2,SP;mov:g.w:@0xef04:16,R0;mov:g.w:@0xef06:16,R1;mov:f.w:R0,@(-0xe:8,FP);mov:f.w:R1,@(-0xc:8,FP);mov:g.w:@0xef04:16,R0;mov:g.w:@0xef06:16,R1;mov:f.w:R0,@(-0x12:8,FP);mov:f.w:R1,@(-0x10:8,FP);mov:g.w:#0x4:8,@(-0x2:8,FP);mov:e:#0x5:8,R3;mov:f.w:@(-0x2:8,FP),R0;mov:g.w:@(-0x10fc:16,R0),R1;mov:g.w:@(-0x10fa:16,R0),R2;mov:f.w:R1,@(-0xa:8,FP);mov:f.w:R2,@(-0x8:8,FP);or.w:@(-0xa:8,FP) ,R2;beq:#0x0002cd2c:8;mov:f.w:@(-0x8:8,FP),R0;mov:f.w:@(-0xa:8,FP),R1;cmp:g.w:@(-0x12:8,FP),R1;blo:#0x0002cd14:8;bne:#0x0002cd0a:8;cmp:g.w:@(-0x10:8,FP),R0;bls:#0x0002cd14:8;mov:f.w:@(-0xa:8,FP),R0;mov:f.w:@(-0x8:8,FP),R1;mov:f.w:R0,@(-0x12:8,FP);mov:f.w:R1,@(-0x10:8,FP);bra:#0x0002cd2c:8;mov:f.w:@(-0x8:8,FP),R0;mov:f.w:@(-0xa:8,FP),R1;cmp:g.w:@(-0xe:8,FP),R1;bhi:#0x0002cd2c:8;bne:#0x0002cd24:8;cmp:g.w:@(-0xc:8,FP),R0;bhs:#0x0002cd2c:8;mov:f.w:@(-0xa:8,FP),R0;mov:f.w:@(-0x8:8,FP),R1;mov:f.w:R0,@(-0xe:8,FP);mov:f.w:R1,@(-0xc:8,FP);mov:f.w:@(-0x2:8,FP),R0;adds.b:0x4,R0;mov:f.w:R0,@(-0x2:8,FP);add:q.b:#-1,R3;bne:#0x0002cce7:8;mov:f.w:@(-0x12:8,FP),R0;mov:f.w:@(-0x10:8,FP),R1;sub.w:@(-0xc:8,FP),R1;subx.w:@(-0xe:8,FP),R0;mov:g.w:R1,@-SP;mov:g.w:R0,@-SP;pjsr:@0x144bf:24;adds.b:0x4,SP;mov:g.w:R0,@0xf61a:16;tst.b:@0x2bd:16;beq:#0x0002cd6a:8;mov:g.w:@0xf784:16,R0;cmp:g.w:@0xf61a:16,R0;blo:#0x0002cd62:8;bra:#0x0002cd6a:8;mov:g.w:@0xf61a:16,R0;mov:g.w:R0,@0xf784:16;mov:g.w:@0xf61a:16,R0;cmp:g.w:@0x1026:16,R0;bls:#0x0002cdc1:8;mov:g.w:#0x8000:16,@0xef04:16;clr.w:@0xef06:16;mov:g.w:#0x8000:16,@0xef08:16;clr.w:@0xef0a:16;mov:g.w:#0x8000:16,@0xef0c:16;clr.w:@0xef0e:16;mov:g.w:#0x8000:16,@0xef10:16;clr.w:@0xef12:16;mov:g.w:#0x8000:16,@0xef14:16;clr.w:@0xef16:16;mov:g.w:#0x8000:16,@0xef18:16;clr.w:@0xef1a:16;bclr.w:0x7,@0xef1c:16;clr.w:@0xef1e:16;mov:g.w:#0x3:8,@-SP;pjsr:@0x2ca68:24;add:q.w:#2,SP;clr.w:@0xf5fa:16;clr.w:@0xf5fc:16;clr.w:@0xf5fe:16;clr.w:@0xf600:16;clr.w:@0xf602:16;clr.w:@0xf604:16;clr.w:@0xf606:16;clr.w:@0xf608:16;clr.w:@0xf60a:16;clr.w:@0xf60c:16;clr.w:@0xf60e:16;clr.w:@0xf610:16;ldm.w:@SP+,(R3 R2 );unlk:FP;prts:;
0002cdf6,tcu_lockup_clutch_state_update,stm:(R2 R3 ),@-SP;mov:g.w:@0xf3d4:16,R0;shll.w:R0;mov:g.w:R0,@0xf3d4:16;btst.w:0x7,@0xef1c:16;beq:#0x0002ce4e:8;tst.w:@0xf04e:16;bne:#0x0002ce4e:8;tst.w:@0xf642:16;bne:#0x0002ce4e:8;mov:g.w:@0xf638:16,R2;sub.w:@0xf636:16,R2;cmp:i:#0x8000:16,R2;bhs:#0x0002ce4e:8;mov:g.w:R2,@-SP;pjsr:@0x1442d:24;add:q.w:#2,SP;cmp:g.w:@0xf65c:16,R0;bls:#0x0002ce4e:8;mov:g.w:@0xf634:16,R2;sub.w:@0xf636:16,R2;cmp:i:#0x8000:16,R2;bhs:#0x0002ce4e:8;mov:g.w:R2,@-SP;pjsr:@0x1442d:24;add:q.w:#2,SP;cmp:g.w:@0xf65c:16,R0;bls:#0x0002ce4e:8;bset.w:@0xf3d4:16,0x0;cmp:g.b:#0x1:8,@0xf39e:16;bne:#0x0002ce5c:8;mov:i:#0xf3d6:16,R0;mov:g.w:R0,R3;bra:#0x0002ce61:8;mov:i:#0xf3d8:16,R0;mov:g.w:R0,R3;btst.w:0x0,@0xf3d4:16;beq:#0x0002ce7e:8;mov:g.w:@0xf3d4:16,R0;and.w:0x7,R0;cmp:i:#0x5:16,R0;bne:#0x0002ce7e:8;mov:g.w:@R3,R2;beq:#0x0002ce84:8;add:q.w:#-1,R2;mov:g.w:R2,@R3;bra:#0x0002ce84:8;mov:g.w:@0x1028:16,R0;mov:g.w:R0,@R3;tst.w:@0xef90:16;bne:#0x0002cea6:8;mov:g.w:@0x1028:16,R0;mov:g.w:R0,@0xf3da:16;mov:g.w:R0,@0xf3d8:16;mov:g.w:R0,@0xf3d6:16;bclr.w:0x0,@0xf340:16;mov:g.w:#0xffff:16,@0xf3dc:16;bra:#0x0002cee0:8;btst.w:0x0,@0xf340:16;bne:#0x0002cee0:8;mov:i:#0xffff:16,R3;tst.w:@0xf3d6:16;bne:#0x0002cebd:8;mov:g.w:@0x32b0:16,R3;not.w:R3;bra:#0x0002cec9:8;tst.w:@0xf3d8:16;bne:#0x0002cec9:8;mov:g.w:@0x32b2:16,R3;not.w:R3;mov:g.w:R3,@0xf3dc:16;and.w:0xf,R3;cmp:i:#0xf:16,R3;bne:#0x0002cedc:8;bclr.w:0x0,@0xf340:16;bra:#0x0002cee0:8;bset.w:@0xf340:16,0x0;ldm.w:@SP+,(R3 R2 );prts:;
